ERROR 19:07:39.562 - - o.s.b.d.LoggingFailureAnalysisReporter - 

***************************
APPLICATION FAILED TO START
***************************

Description:

Failed to bind properties under 'loadrover' to loadrover.api.io.config.LoadroverConfig:

    Reason: java.lang.NullPointerException: Parameter specified as non-null is null: method loadrover.api.io.config.LoadroverConfig.<init>, parameter output

Action:

Update your application's configuration
  
ERROR 19:10:02.331 - - o.s.b.d.LoggingFailureAnalysisReporter - 

***************************
APPLICATION FAILED TO START
***************************

Description:

Failed to bind properties under 'loadrover' to loadrover.api.io.config.LoadroverConfig:

    Reason: java.lang.NullPointerException: Parameter specified as non-null is null: method loadrover.api.io.config.LoadroverConfig.<init>, parameter output

Action:

Update your application's configuration
  
INFO  17:09:58.740 - - loadrover.api.io.ApiApplicationKt - Starting ApiApplicationKt using Java 17.0.5 with PID 10565 (/Users/sasha/IdeaProjects/2bytes.loadrover-server/api/build/classes/kotlin/main started by sasha in /Users/sasha/IdeaProjects/2bytes.loadrover-server)  
DEBUG 17:09:58.742 - - loadrover.api.io.ApiApplicationKt - Running with Spring Boot v3.1.7, Spring v6.0.15  
INFO  17:09:58.742 - - loadrover.api.io.ApiApplicationKt - The following 1 profile is active: "local"  
INFO  17:09:59.389 - - o.s.b.w.e.tomcat.TomcatWebServer - Tomcat initialized with port(s): 8800 (http)  
INFO  17:09:59.395 - - o.a.catalina.core.StandardService - Starting service [Tomcat]  
INFO  17:09:59.395 - - o.a.catalina.core.StandardEngine - Starting Servlet engine: [Apache Tomcat/10.1.17]  
INFO  17:09:59.452 - - o.a.c.c.C.[Tomcat].[localhost].[/] - Initializing Spring embedded WebApplicationContext  
INFO  17:09:59.453 - - o.s.b.w.s.c.ServletWebServerApplicationContext - Root WebApplicationContext: initialization completed in 679 ms  
DEBUG 17:09:59.638 - - _.s.w.s.HandlerMapping.Mappings - 
	l.a.i.d.s.ScenarioController:
	{POST [/scenario]}: createScenario(RequestScenarioDto)
	{GET [/scenario/list]}: getScenarioList()  
DEBUG 17:09:59.639 - - _.s.w.s.HandlerMapping.Mappings - 
	l.a.i.d.s.SimulationController:
	{POST [/simulation/run]}: runSimulation(RunSimulationRequest)
	{GET [/simulation/{scenarioId}]}: getSimulationResult(String)  
DEBUG 17:09:59.640 - - _.s.w.s.HandlerMapping.Mappings - 
	l.a.i.i.HealthCheckController:
	{GET [/health-check]}: healthCheck()  
DEBUG 17:09:59.640 - - _.s.w.s.HandlerMapping.Mappings - 
	o.s.b.a.w.s.e.BasicErrorController:
	{ [/error]}: error(HttpServletRequest)
	{ [/error], produces [text/html]}: errorHtml(HttpServletRequest,HttpServletResponse)  
DEBUG 17:09:59.641 - - _.s.w.s.HandlerMapping.Mappings - 
	o.s.w.a.MultipleOpenApiWebMvcResource:
	{GET [/api-docs/{group}], produces [application/json]}: openapiJson(HttpServletRequest,String,String,Locale)
	{GET [/api-docs.yaml/{group}], produces [application/vnd.oai.openapi]}: openapiYaml(HttpServletRequest,String,String,Locale)  
DEBUG 17:09:59.644 - - _.s.w.s.HandlerMapping.Mappings - 
	o.s.w.a.OpenApiWebMvcResource:
	{GET [/api-docs], produces [application/json]}: openapiJson(HttpServletRequest,String,Locale)
	{GET [/api-docs.yaml], produces [application/vnd.oai.openapi]}: openapiYaml(HttpServletRequest,String,Locale)  
DEBUG 17:09:59.645 - - _.s.w.s.HandlerMapping.Mappings - 
	o.s.w.u.SwaggerWelcomeWebMvc:
	{GET [/swagger-ui.html]}: redirectToUi(HttpServletRequest)  
DEBUG 17:09:59.645 - - _.s.w.s.HandlerMapping.Mappings - 
	o.s.w.u.SwaggerConfigResource:
	{GET [/api-docs/swagger-config], produces [application/json]}: openapiJson(HttpServletRequest)  
DEBUG 17:09:59.649 - - _.s.w.s.HandlerMapping.Mappings - 'beanNameHandlerMapping' {}  
DEBUG 17:09:59.840 - - _.s.w.s.HandlerMapping.Mappings - 'resourceHandlerMapping' {/webjars/**=ResourceHttpRequestHandler [classpath [META-INF/resources/webjars/]], /**=ResourceHttpRequestHandler [classpath [META-INF/resources/], classpath [resources/], classpath [static/], classpath [public/], ServletContext [/]], /swagger-ui*/*swagger-initializer.js=ResourceHttpRequestHandler [classpath [META-INF/resources/webjars/]], /swagger-ui*/**=ResourceHttpRequestHandler [classpath [META-INF/resources/webjars/]]}  
WARN  17:09:59.859 - - o.s.b.a.m.MustacheAutoConfiguration - Cannot find template location: classpath:/templates/ (please add some templates, check your Mustache configuration, or set spring.mustache.check-template-location=false)  
INFO  17:09:59.908 - - o.s.b.w.e.tomcat.TomcatWebServer - Tomcat started on port(s): 8800 (http) with context path ''  
INFO  17:09:59.916 - - loadrover.api.io.ApiApplicationKt - Started ApiApplicationKt in 1.458 seconds (process running for 1.702)  
DEBUG 17:10:00.004 - - l.a.i.d.s.SimulationScheduler - Check simulation result: 2024-01-31T17:10:00.004847  
DEBUG 17:11:00.034 - - l.a.i.d.s.SimulationScheduler - Check simulation result: 2024-01-31T17:11:00.034026  
DEBUG 17:12:00.016 - - l.a.i.d.s.SimulationScheduler - Check simulation result: 2024-01-31T17:12:00.016325  
DEBUG 17:13:00.011 - - l.a.i.d.s.SimulationScheduler - Check simulation result: 2024-01-31T17:13:00.011493  
DEBUG 17:14:00.003 - - l.a.i.d.s.SimulationScheduler - Check simulation result: 2024-01-31T17:14:00.003530  
DEBUG 17:15:00.008 - - l.a.i.d.s.SimulationScheduler - Check simulation result: 2024-01-31T17:15:00.008429  
DEBUG 17:16:00.014 - - l.a.i.d.s.SimulationScheduler - Check simulation result: 2024-01-31T17:16:00.014202  
INFO  17:16:17.387 - - o.a.tomcat.util.http.parser.Cookie - A cookie header was received [g_state={"i_l":0};] that contained an invalid cookie. That cookie will be ignored.
 Note: further occurrences of this error will be logged at DEBUG level.  
INFO  17:16:17.392 - - o.a.c.c.C.[Tomcat].[localhost].[/] - Initializing Spring DispatcherServlet 'dispatcherServlet'  
INFO  17:16:17.392 - - o.s.web.servlet.DispatcherServlet - Initializing Servlet 'dispatcherServlet'  
INFO  17:16:17.394 - - o.s.web.servlet.DispatcherServlet - Completed initialization in 2 ms  
DEBUG 17:17:00.010 - - l.a.i.d.s.SimulationScheduler - Check simulation result: 2024-01-31T17:17:00.009912  
DEBUG 17:17:19.592 - - l.a.i.d.simulation.SimulationService - API call received. scenarioId: testtesttest20240131171617502  
DEBUG 17:18:00.009 - - l.a.i.d.s.SimulationScheduler - Check simulation result: 2024-01-31T17:18:00.008860  
INFO  17:18:33.002 - - loadrover.api.io.ApiApplicationKt - Starting ApiApplicationKt using Java 17.0.5 with PID 11196 (/Users/sasha/IdeaProjects/2bytes.loadrover-server/api/build/classes/kotlin/main started by sasha in /Users/sasha/IdeaProjects/2bytes.loadrover-server)  
DEBUG 17:18:33.004 - - loadrover.api.io.ApiApplicationKt - Running with Spring Boot v3.1.7, Spring v6.0.15  
INFO  17:18:33.004 - - loadrover.api.io.ApiApplicationKt - The following 1 profile is active: "local"  
INFO  17:18:33.631 - - o.s.b.w.e.tomcat.TomcatWebServer - Tomcat initialized with port(s): 8800 (http)  
INFO  17:18:33.636 - - o.a.catalina.core.StandardService - Starting service [Tomcat]  
INFO  17:18:33.636 - - o.a.catalina.core.StandardEngine - Starting Servlet engine: [Apache Tomcat/10.1.17]  
INFO  17:18:33.690 - - o.a.c.c.C.[Tomcat].[localhost].[/] - Initializing Spring embedded WebApplicationContext  
INFO  17:18:33.691 - - o.s.b.w.s.c.ServletWebServerApplicationContext - Root WebApplicationContext: initialization completed in 654 ms  
DEBUG 17:18:33.879 - - _.s.w.s.HandlerMapping.Mappings - 
	l.a.i.d.s.ScenarioController:
	{POST [/scenario]}: createScenario(RequestScenarioDto)
	{GET [/scenario/list]}: getScenarioList()  
DEBUG 17:18:33.882 - - _.s.w.s.HandlerMapping.Mappings - 
	l.a.i.d.s.SimulationController:
	{POST [/simulation/run]}: runSimulation(RunSimulationRequest)
	{GET [/simulation/{scenarioId}]}: getSimulationResult(String)  
DEBUG 17:18:33.883 - - _.s.w.s.HandlerMapping.Mappings - 
	l.a.i.i.HealthCheckController:
	{GET [/health-check]}: healthCheck()  
DEBUG 17:18:33.885 - - _.s.w.s.HandlerMapping.Mappings - 
	o.s.b.a.w.s.e.BasicErrorController:
	{ [/error]}: error(HttpServletRequest)
	{ [/error], produces [text/html]}: errorHtml(HttpServletRequest,HttpServletResponse)  
DEBUG 17:18:33.889 - - _.s.w.s.HandlerMapping.Mappings - 
	o.s.w.a.MultipleOpenApiWebMvcResource:
	{GET [/api-docs/{group}], produces [application/json]}: openapiJson(HttpServletRequest,String,String,Locale)
	{GET [/api-docs.yaml/{group}], produces [application/vnd.oai.openapi]}: openapiYaml(HttpServletRequest,String,String,Locale)  
DEBUG 17:18:33.893 - - _.s.w.s.HandlerMapping.Mappings - 
	o.s.w.a.OpenApiWebMvcResource:
	{GET [/api-docs], produces [application/json]}: openapiJson(HttpServletRequest,String,Locale)
	{GET [/api-docs.yaml], produces [application/vnd.oai.openapi]}: openapiYaml(HttpServletRequest,String,Locale)  
DEBUG 17:18:33.894 - - _.s.w.s.HandlerMapping.Mappings - 
	o.s.w.u.SwaggerWelcomeWebMvc:
	{GET [/swagger-ui.html]}: redirectToUi(HttpServletRequest)  
DEBUG 17:18:33.894 - - _.s.w.s.HandlerMapping.Mappings - 
	o.s.w.u.SwaggerConfigResource:
	{GET [/api-docs/swagger-config], produces [application/json]}: openapiJson(HttpServletRequest)  
DEBUG 17:18:33.899 - - _.s.w.s.HandlerMapping.Mappings - 'beanNameHandlerMapping' {}  
DEBUG 17:18:34.108 - - _.s.w.s.HandlerMapping.Mappings - 'resourceHandlerMapping' {/webjars/**=ResourceHttpRequestHandler [classpath [META-INF/resources/webjars/]], /**=ResourceHttpRequestHandler [classpath [META-INF/resources/], classpath [resources/], classpath [static/], classpath [public/], ServletContext [/]], /swagger-ui*/*swagger-initializer.js=ResourceHttpRequestHandler [classpath [META-INF/resources/webjars/]], /swagger-ui*/**=ResourceHttpRequestHandler [classpath [META-INF/resources/webjars/]]}  
WARN  17:18:34.121 - - o.s.b.a.m.MustacheAutoConfiguration - Cannot find template location: classpath:/templates/ (please add some templates, check your Mustache configuration, or set spring.mustache.check-template-location=false)  
INFO  17:18:34.168 - - o.s.b.w.e.tomcat.TomcatWebServer - Tomcat started on port(s): 8800 (http) with context path ''  
INFO  17:18:34.176 - - loadrover.api.io.ApiApplicationKt - Started ApiApplicationKt in 1.46 seconds (process running for 1.691)  
DEBUG 17:19:00.006 - - l.a.i.d.s.SimulationScheduler - Check simulation result: 2024-01-31T17:19:00.006796  
INFO  17:19:54.750 - - o.a.tomcat.util.http.parser.Cookie - A cookie header was received [g_state={"i_l":0};] that contained an invalid cookie. That cookie will be ignored.
 Note: further occurrences of this error will be logged at DEBUG level.  
INFO  17:19:54.756 - - o.a.c.c.C.[Tomcat].[localhost].[/] - Initializing Spring DispatcherServlet 'dispatcherServlet'  
INFO  17:19:54.756 - - o.s.web.servlet.DispatcherServlet - Initializing Servlet 'dispatcherServlet'  
INFO  17:19:54.757 - - o.s.web.servlet.DispatcherServlet - Completed initialization in 1 ms  
DEBUG 17:19:54.830 - - l.a.i.d.simulation.SimulationService - API call received. scenarioId: testtesttest20240131171617502  
ERROR 17:19:54.840 - - l.a.i.d.scenario.ScenarioService - Failed to move file: gatling/src/gatling/resources/static/source/testtesttest20240131171617502.json  
DEBUG 17:20:00.005 - - l.a.i.d.s.SimulationScheduler - Check simulation result: 2024-01-31T17:20:00.005053  
INFO  14:27:13.546 - - loadrover.api.io.ApiApplicationKt - Starting ApiApplicationKt using Java 17.0.5 with PID 55330 (/Users/sasha/IdeaProjects/2bytes.loadrover-server/api/build/classes/kotlin/main started by sasha in /Users/sasha/IdeaProjects/2bytes.loadrover-server)  
DEBUG 14:27:13.549 - - loadrover.api.io.ApiApplicationKt - Running with Spring Boot v3.1.7, Spring v6.0.15  
INFO  14:27:13.549 - - loadrover.api.io.ApiApplicationKt - The following 1 profile is active: "local"  
INFO  14:27:14.189 - - o.s.b.w.e.tomcat.TomcatWebServer - Tomcat initialized with port(s): 8800 (http)  
INFO  14:27:14.195 - - o.a.catalina.core.StandardService - Starting service [Tomcat]  
INFO  14:27:14.195 - - o.a.catalina.core.StandardEngine - Starting Servlet engine: [Apache Tomcat/10.1.17]  
INFO  14:27:14.249 - - o.a.c.c.C.[Tomcat].[localhost].[/] - Initializing Spring embedded WebApplicationContext  
INFO  14:27:14.249 - - o.s.b.w.s.c.ServletWebServerApplicationContext - Root WebApplicationContext: initialization completed in 669 ms  
DEBUG 14:27:14.430 - - _.s.w.s.HandlerMapping.Mappings - 
	l.a.i.d.s.ScenarioController:
	{POST [/scenario]}: createScenario(RequestScenarioDto)
	{GET [/scenario/list]}: getScenarioList()  
DEBUG 14:27:14.431 - - _.s.w.s.HandlerMapping.Mappings - 
	l.a.i.d.s.SimulationController:
	{POST [/simulation/run]}: runSimulation(RunSimulationRequest)
	{GET [/simulation/{scenarioId}]}: getSimulationResult(String)  
DEBUG 14:27:14.431 - - _.s.w.s.HandlerMapping.Mappings - 
	l.a.i.i.HealthCheckController:
	{GET [/health-check]}: healthCheck()  
DEBUG 14:27:14.432 - - _.s.w.s.HandlerMapping.Mappings - 
	o.s.b.a.w.s.e.BasicErrorController:
	{ [/error]}: error(HttpServletRequest)
	{ [/error], produces [text/html]}: errorHtml(HttpServletRequest,HttpServletResponse)  
DEBUG 14:27:14.434 - - _.s.w.s.HandlerMapping.Mappings - 
	o.s.w.a.MultipleOpenApiWebMvcResource:
	{GET [/api-docs/{group}], produces [application/json]}: openapiJson(HttpServletRequest,String,String,Locale)
	{GET [/api-docs.yaml/{group}], produces [application/vnd.oai.openapi]}: openapiYaml(HttpServletRequest,String,String,Locale)  
DEBUG 14:27:14.436 - - _.s.w.s.HandlerMapping.Mappings - 
	o.s.w.a.OpenApiWebMvcResource:
	{GET [/api-docs], produces [application/json]}: openapiJson(HttpServletRequest,String,Locale)
	{GET [/api-docs.yaml], produces [application/vnd.oai.openapi]}: openapiYaml(HttpServletRequest,String,Locale)  
DEBUG 14:27:14.436 - - _.s.w.s.HandlerMapping.Mappings - 
	o.s.w.u.SwaggerWelcomeWebMvc:
	{GET [/swagger-ui.html]}: redirectToUi(HttpServletRequest)  
DEBUG 14:27:14.437 - - _.s.w.s.HandlerMapping.Mappings - 
	o.s.w.u.SwaggerConfigResource:
	{GET [/api-docs/swagger-config], produces [application/json]}: openapiJson(HttpServletRequest)  
DEBUG 14:27:14.441 - - _.s.w.s.HandlerMapping.Mappings - 'beanNameHandlerMapping' {}  
DEBUG 14:27:14.651 - - _.s.w.s.HandlerMapping.Mappings - 'resourceHandlerMapping' {/webjars/**=ResourceHttpRequestHandler [classpath [META-INF/resources/webjars/]], /**=ResourceHttpRequestHandler [classpath [META-INF/resources/], classpath [resources/], classpath [static/], classpath [public/], ServletContext [/]], /swagger-ui*/*swagger-initializer.js=ResourceHttpRequestHandler [classpath [META-INF/resources/webjars/]], /swagger-ui*/**=ResourceHttpRequestHandler [classpath [META-INF/resources/webjars/]]}  
WARN  14:27:14.663 - - o.s.b.a.m.MustacheAutoConfiguration - Cannot find template location: classpath:/templates/ (please add some templates, check your Mustache configuration, or set spring.mustache.check-template-location=false)  
INFO  14:27:14.710 - - o.s.b.w.e.tomcat.TomcatWebServer - Tomcat started on port(s): 8800 (http) with context path ''  
INFO  14:27:14.717 - - loadrover.api.io.ApiApplicationKt - Started ApiApplicationKt in 1.468 seconds (process running for 1.746)  
INFO  14:27:24.884 - - o.a.tomcat.util.http.parser.Cookie - A cookie header was received [g_state={"i_l":0};] that contained an invalid cookie. That cookie will be ignored.
 Note: further occurrences of this error will be logged at DEBUG level.  
INFO  14:27:24.889 - - o.a.c.c.C.[Tomcat].[localhost].[/] - Initializing Spring DispatcherServlet 'dispatcherServlet'  
INFO  14:27:24.889 - - o.s.web.servlet.DispatcherServlet - Initializing Servlet 'dispatcherServlet'  
INFO  14:27:24.890 - - o.s.web.servlet.DispatcherServlet - Completed initialization in 1 ms  
INFO  14:27:25.501 - - o.s.api.AbstractOpenApiResource - Init duration for springdoc-openapi is: 288 ms  
DEBUG 14:27:30.066 - - o.s.api.AbstractOpenApiResource - Fetching openApi document from cache  
ERROR 14:27:38.703 - - o.a.c.c.C.[.[.[.[dispatcherServlet] - Servlet.service() for servlet [dispatcherServlet] in context with path [] threw exception [Request processing failed: java.lang.IndexOutOfBoundsException: Index 2 out of bounds for length 2] with root cause java.lang.IndexOutOfBoundsException: Index 2 out of bounds for length 2
	at java.base/jdk.internal.util.Preconditions.outOfBounds(Preconditions.java:64)
	at java.base/jdk.internal.util.Preconditions.outOfBoundsCheckIndex(Preconditions.java:70)
	at java.base/jdk.internal.util.Preconditions.checkIndex(Preconditions.java:266)
	at java.base/java.util.Objects.checkIndex(Objects.java:359)
	at java.base/java.util.ArrayList.get(ArrayList.java:427)
	at loadrover.api.io.domain.scenario.ScenarioService.createScenario(ScenarioService.kt:100)
	at loadrover.api.io.domain.scenario.ScenarioController.createScenario(ScenarioController.kt:16)
	at java.base/jdk.internal.reflect.NativeMethodAccessorImpl.invoke0(Native Method)
	at java.base/jdk.internal.reflect.NativeMethodAccessorImpl.invoke(NativeMethodAccessorImpl.java:77)
	at java.base/jdk.internal.reflect.DelegatingMethodAccessorImpl.invoke(DelegatingMethodAccessorImpl.java:43)
	at java.base/java.lang.reflect.Method.invoke(Method.java:568)
	at org.springframework.web.method.support.InvocableHandlerMethod.doInvoke(InvocableHandlerMethod.java:205)
	at org.springframework.web.method.support.InvocableHandlerMethod.invokeForRequest(InvocableHandlerMethod.java:150)
	at org.springframework.web.servlet.mvc.method.annotation.ServletInvocableHandlerMethod.invokeAndHandle(ServletInvocableHandlerMethod.java:118)
	at org.springframework.web.servlet.mvc.method.annotation.RequestMappingHandlerAdapter.invokeHandlerMethod(RequestMappingHandlerAdapter.java:884)
	at org.springframework.web.servlet.mvc.method.annotation.RequestMappingHandlerAdapter.handleInternal(RequestMappingHandlerAdapter.java:797)
	at org.springframework.web.servlet.mvc.method.AbstractHandlerMethodAdapter.handle(AbstractHandlerMethodAdapter.java:87)
	at org.springframework.web.servlet.DispatcherServlet.doDispatch(DispatcherServlet.java:1081)
	at org.springframework.web.servlet.DispatcherServlet.doService(DispatcherServlet.java:974)
	at org.springframework.web.servlet.FrameworkServlet.processRequest(FrameworkServlet.java:1014)
	at org.springframework.web.servlet.FrameworkServlet.doPost(FrameworkServlet.java:914)
	at jakarta.servlet.http.HttpServlet.service(HttpServlet.java:590)
	at org.springframework.web.servlet.FrameworkServlet.service(FrameworkServlet.java:885)
	at jakarta.servlet.http.HttpServlet.service(HttpServlet.java:658)
	at org.apache.catalina.core.ApplicationFilterChain.internalDoFilter(ApplicationFilterChain.java:205)
	at org.apache.catalina.core.ApplicationFilterChain.doFilter(ApplicationFilterChain.java:149)
	at org.apache.tomcat.websocket.server.WsFilter.doFilter(WsFilter.java:51)
	at org.apache.catalina.core.ApplicationFilterChain.internalDoFilter(ApplicationFilterChain.java:174)
	at org.apache.catalina.core.ApplicationFilterChain.doFilter(ApplicationFilterChain.java:149)
	at org.springframework.web.filter.RequestContextFilter.doFilterInternal(RequestContextFilter.java:100)
	at org.springframework.web.filter.OncePerRequestFilter.doFilter(OncePerRequestFilter.java:116)
	at org.apache.catalina.core.ApplicationFilterChain.internalDoFilter(ApplicationFilterChain.java:174)
	at org.apache.catalina.core.ApplicationFilterChain.doFilter(ApplicationFilterChain.java:149)
	at org.springframework.web.filter.FormContentFilter.doFilterInternal(FormContentFilter.java:93)
	at org.springframework.web.filter.OncePerRequestFilter.doFilter(OncePerRequestFilter.java:116)
	at org.apache.catalina.core.ApplicationFilterChain.internalDoFilter(ApplicationFilterChain.java:174)
	at org.apache.catalina.core.ApplicationFilterChain.doFilter(ApplicationFilterChain.java:149)
	at org.springframework.web.filter.CharacterEncodingFilter.doFilterInternal(CharacterEncodingFilter.java:201)
	at org.springframework.web.filter.OncePerRequestFilter.doFilter(OncePerRequestFilter.java:116)
	at org.apache.catalina.core.ApplicationFilterChain.internalDoFilter(ApplicationFilterChain.java:174)
	at org.apache.catalina.core.ApplicationFilterChain.doFilter(ApplicationFilterChain.java:149)
	at org.apache.catalina.core.StandardWrapperValve.invoke(StandardWrapperValve.java:167)
	at org.apache.catalina.core.StandardContextValve.invoke(StandardContextValve.java:90)
	at org.apache.catalina.authenticator.AuthenticatorBase.invoke(AuthenticatorBase.java:482)
	at org.apache.catalina.core.StandardHostValve.invoke(StandardHostValve.java:115)
	at org.apache.catalina.valves.ErrorReportValve.invoke(ErrorReportValve.java:93)
	at org.apache.catalina.core.StandardEngineValve.invoke(StandardEngineValve.java:74)
	at org.apache.catalina.connector.CoyoteAdapter.service(CoyoteAdapter.java:340)
	at org.apache.coyote.http11.Http11Processor.service(Http11Processor.java:391)
	at org.apache.coyote.AbstractProcessorLight.process(AbstractProcessorLight.java:63)
	at org.apache.coyote.AbstractProtocol$ConnectionHandler.process(AbstractProtocol.java:896)
	at org.apache.tomcat.util.net.NioEndpoint$SocketProcessor.doRun(NioEndpoint.java:1744)
	at org.apache.tomcat.util.net.SocketProcessorBase.run(SocketProcessorBase.java:52)
	at org.apache.tomcat.util.threads.ThreadPoolExecutor.runWorker(ThreadPoolExecutor.java:1191)
	at org.apache.tomcat.util.threads.ThreadPoolExecutor$Worker.run(ThreadPoolExecutor.java:659)
	at org.apache.tomcat.util.threads.TaskThread$WrappingRunnable.run(TaskThread.java:61)
	at java.base/java.lang.Thread.run(Thread.java:833)
 
DEBUG 14:28:00.030 - - l.a.i.d.s.SimulationScheduler - Check simulation result: 2024-02-01T14:28:00.030305  
DEBUG 14:28:16.486 - - o.s.api.AbstractOpenApiResource - Fetching openApi document from cache  
DEBUG 14:28:16.552 - - o.s.api.AbstractOpenApiResource - Fetching openApi document from cache  
DEBUG 14:28:19.859 - - o.s.api.AbstractOpenApiResource - Fetching openApi document from cache  
DEBUG 14:28:19.922 - - o.s.api.AbstractOpenApiResource - Fetching openApi document from cache  
INFO  14:28:23.195 - - loadrover.api.io.ApiApplicationKt - Starting ApiApplicationKt using Java 17.0.5 with PID 55421 (/Users/sasha/IdeaProjects/2bytes.loadrover-server/api/build/classes/kotlin/main started by sasha in /Users/sasha/IdeaProjects/2bytes.loadrover-server)  
DEBUG 14:28:23.196 - - loadrover.api.io.ApiApplicationKt - Running with Spring Boot v3.1.7, Spring v6.0.15  
INFO  14:28:23.197 - - loadrover.api.io.ApiApplicationKt - The following 1 profile is active: "local"  
INFO  14:28:23.815 - - o.s.b.w.e.tomcat.TomcatWebServer - Tomcat initialized with port(s): 8800 (http)  
INFO  14:28:23.820 - - o.a.catalina.core.StandardService - Starting service [Tomcat]  
INFO  14:28:23.821 - - o.a.catalina.core.StandardEngine - Starting Servlet engine: [Apache Tomcat/10.1.17]  
INFO  14:28:23.871 - - o.a.c.c.C.[Tomcat].[localhost].[/] - Initializing Spring embedded WebApplicationContext  
INFO  14:28:23.872 - - o.s.b.w.s.c.ServletWebServerApplicationContext - Root WebApplicationContext: initialization completed in 645 ms  
DEBUG 14:28:24.047 - - _.s.w.s.HandlerMapping.Mappings - 
	l.a.i.d.s.ScenarioController:
	{POST [/scenario]}: createScenario(RequestScenarioDto)
	{GET [/scenario/list]}: getScenarioList()  
DEBUG 14:28:24.048 - - _.s.w.s.HandlerMapping.Mappings - 
	l.a.i.d.s.SimulationController:
	{POST [/simulation/run]}: runSimulation(RunSimulationRequest)
	{GET [/simulation/{scenarioId}]}: getSimulationResult(String)  
DEBUG 14:28:24.049 - - _.s.w.s.HandlerMapping.Mappings - 
	l.a.i.i.HealthCheckController:
	{GET [/health-check]}: healthCheck()  
DEBUG 14:28:24.050 - - _.s.w.s.HandlerMapping.Mappings - 
	o.s.b.a.w.s.e.BasicErrorController:
	{ [/error]}: error(HttpServletRequest)
	{ [/error], produces [text/html]}: errorHtml(HttpServletRequest,HttpServletResponse)  
DEBUG 14:28:24.051 - - _.s.w.s.HandlerMapping.Mappings - 
	o.s.w.a.MultipleOpenApiWebMvcResource:
	{GET [/api-docs/{group}], produces [application/json]}: openapiJson(HttpServletRequest,String,String,Locale)
	{GET [/api-docs.yaml/{group}], produces [application/vnd.oai.openapi]}: openapiYaml(HttpServletRequest,String,String,Locale)  
DEBUG 14:28:24.054 - - _.s.w.s.HandlerMapping.Mappings - 
	o.s.w.a.OpenApiWebMvcResource:
	{GET [/api-docs], produces [application/json]}: openapiJson(HttpServletRequest,String,Locale)
	{GET [/api-docs.yaml], produces [application/vnd.oai.openapi]}: openapiYaml(HttpServletRequest,String,Locale)  
DEBUG 14:28:24.054 - - _.s.w.s.HandlerMapping.Mappings - 
	o.s.w.u.SwaggerWelcomeWebMvc:
	{GET [/swagger-ui.html]}: redirectToUi(HttpServletRequest)  
DEBUG 14:28:24.054 - - _.s.w.s.HandlerMapping.Mappings - 
	o.s.w.u.SwaggerConfigResource:
	{GET [/api-docs/swagger-config], produces [application/json]}: openapiJson(HttpServletRequest)  
DEBUG 14:28:24.058 - - _.s.w.s.HandlerMapping.Mappings - 'beanNameHandlerMapping' {}  
DEBUG 14:28:24.283 - - _.s.w.s.HandlerMapping.Mappings - 'resourceHandlerMapping' {/webjars/**=ResourceHttpRequestHandler [classpath [META-INF/resources/webjars/]], /**=ResourceHttpRequestHandler [classpath [META-INF/resources/], classpath [resources/], classpath [static/], classpath [public/], ServletContext [/]], /swagger-ui*/*swagger-initializer.js=ResourceHttpRequestHandler [classpath [META-INF/resources/webjars/]], /swagger-ui*/**=ResourceHttpRequestHandler [classpath [META-INF/resources/webjars/]]}  
WARN  14:28:24.295 - - o.s.b.a.m.MustacheAutoConfiguration - Cannot find template location: classpath:/templates/ (please add some templates, check your Mustache configuration, or set spring.mustache.check-template-location=false)  
INFO  14:28:24.344 - - o.s.b.w.e.tomcat.TomcatWebServer - Tomcat started on port(s): 8800 (http) with context path ''  
INFO  14:28:24.352 - - loadrover.api.io.ApiApplicationKt - Started ApiApplicationKt in 1.432 seconds (process running for 1.67)  
INFO  14:28:34.641 - - o.a.tomcat.util.http.parser.Cookie - A cookie header was received [g_state={"i_l":0};] that contained an invalid cookie. That cookie will be ignored.
 Note: further occurrences of this error will be logged at DEBUG level.  
INFO  14:28:34.646 - - o.a.c.c.C.[Tomcat].[localhost].[/] - Initializing Spring DispatcherServlet 'dispatcherServlet'  
INFO  14:28:34.646 - - o.s.web.servlet.DispatcherServlet - Initializing Servlet 'dispatcherServlet'  
INFO  14:28:34.647 - - o.s.web.servlet.DispatcherServlet - Completed initialization in 1 ms  
ERROR 14:28:34.829 - - o.a.c.c.C.[.[.[.[dispatcherServlet] - Servlet.service() for servlet [dispatcherServlet] in context with path [] threw exception [Request processing failed: java.lang.IndexOutOfBoundsException: Index 2 out of bounds for length 2] with root cause java.lang.IndexOutOfBoundsException: Index 2 out of bounds for length 2
	at java.base/jdk.internal.util.Preconditions.outOfBounds(Preconditions.java:64)
	at java.base/jdk.internal.util.Preconditions.outOfBoundsCheckIndex(Preconditions.java:70)
	at java.base/jdk.internal.util.Preconditions.checkIndex(Preconditions.java:266)
	at java.base/java.util.Objects.checkIndex(Objects.java:359)
	at java.base/java.util.ArrayList.get(ArrayList.java:427)
	at loadrover.api.io.domain.scenario.ScenarioService.createScenario(ScenarioService.kt:100)
	at loadrover.api.io.domain.scenario.ScenarioController.createScenario(ScenarioController.kt:16)
	at java.base/jdk.internal.reflect.NativeMethodAccessorImpl.invoke0(Native Method)
	at java.base/jdk.internal.reflect.NativeMethodAccessorImpl.invoke(NativeMethodAccessorImpl.java:77)
	at java.base/jdk.internal.reflect.DelegatingMethodAccessorImpl.invoke(DelegatingMethodAccessorImpl.java:43)
	at java.base/java.lang.reflect.Method.invoke(Method.java:568)
	at org.springframework.web.method.support.InvocableHandlerMethod.doInvoke(InvocableHandlerMethod.java:205)
	at org.springframework.web.method.support.InvocableHandlerMethod.invokeForRequest(InvocableHandlerMethod.java:150)
	at org.springframework.web.servlet.mvc.method.annotation.ServletInvocableHandlerMethod.invokeAndHandle(ServletInvocableHandlerMethod.java:118)
	at org.springframework.web.servlet.mvc.method.annotation.RequestMappingHandlerAdapter.invokeHandlerMethod(RequestMappingHandlerAdapter.java:884)
	at org.springframework.web.servlet.mvc.method.annotation.RequestMappingHandlerAdapter.handleInternal(RequestMappingHandlerAdapter.java:797)
	at org.springframework.web.servlet.mvc.method.AbstractHandlerMethodAdapter.handle(AbstractHandlerMethodAdapter.java:87)
	at org.springframework.web.servlet.DispatcherServlet.doDispatch(DispatcherServlet.java:1081)
	at org.springframework.web.servlet.DispatcherServlet.doService(DispatcherServlet.java:974)
	at org.springframework.web.servlet.FrameworkServlet.processRequest(FrameworkServlet.java:1014)
	at org.springframework.web.servlet.FrameworkServlet.doPost(FrameworkServlet.java:914)
	at jakarta.servlet.http.HttpServlet.service(HttpServlet.java:590)
	at org.springframework.web.servlet.FrameworkServlet.service(FrameworkServlet.java:885)
	at jakarta.servlet.http.HttpServlet.service(HttpServlet.java:658)
	at org.apache.catalina.core.ApplicationFilterChain.internalDoFilter(ApplicationFilterChain.java:205)
	at org.apache.catalina.core.ApplicationFilterChain.doFilter(ApplicationFilterChain.java:149)
	at org.apache.tomcat.websocket.server.WsFilter.doFilter(WsFilter.java:51)
	at org.apache.catalina.core.ApplicationFilterChain.internalDoFilter(ApplicationFilterChain.java:174)
	at org.apache.catalina.core.ApplicationFilterChain.doFilter(ApplicationFilterChain.java:149)
	at org.springframework.web.filter.RequestContextFilter.doFilterInternal(RequestContextFilter.java:100)
	at org.springframework.web.filter.OncePerRequestFilter.doFilter(OncePerRequestFilter.java:116)
	at org.apache.catalina.core.ApplicationFilterChain.internalDoFilter(ApplicationFilterChain.java:174)
	at org.apache.catalina.core.ApplicationFilterChain.doFilter(ApplicationFilterChain.java:149)
	at org.springframework.web.filter.FormContentFilter.doFilterInternal(FormContentFilter.java:93)
	at org.springframework.web.filter.OncePerRequestFilter.doFilter(OncePerRequestFilter.java:116)
	at org.apache.catalina.core.ApplicationFilterChain.internalDoFilter(ApplicationFilterChain.java:174)
	at org.apache.catalina.core.ApplicationFilterChain.doFilter(ApplicationFilterChain.java:149)
	at org.springframework.web.filter.CharacterEncodingFilter.doFilterInternal(CharacterEncodingFilter.java:201)
	at org.springframework.web.filter.OncePerRequestFilter.doFilter(OncePerRequestFilter.java:116)
	at org.apache.catalina.core.ApplicationFilterChain.internalDoFilter(ApplicationFilterChain.java:174)
	at org.apache.catalina.core.ApplicationFilterChain.doFilter(ApplicationFilterChain.java:149)
	at org.apache.catalina.core.StandardWrapperValve.invoke(StandardWrapperValve.java:167)
	at org.apache.catalina.core.StandardContextValve.invoke(StandardContextValve.java:90)
	at org.apache.catalina.authenticator.AuthenticatorBase.invoke(AuthenticatorBase.java:482)
	at org.apache.catalina.core.StandardHostValve.invoke(StandardHostValve.java:115)
	at org.apache.catalina.valves.ErrorReportValve.invoke(ErrorReportValve.java:93)
	at org.apache.catalina.core.StandardEngineValve.invoke(StandardEngineValve.java:74)
	at org.apache.catalina.connector.CoyoteAdapter.service(CoyoteAdapter.java:340)
	at org.apache.coyote.http11.Http11Processor.service(Http11Processor.java:391)
	at org.apache.coyote.AbstractProcessorLight.process(AbstractProcessorLight.java:63)
	at org.apache.coyote.AbstractProtocol$ConnectionHandler.process(AbstractProtocol.java:896)
	at org.apache.tomcat.util.net.NioEndpoint$SocketProcessor.doRun(NioEndpoint.java:1744)
	at org.apache.tomcat.util.net.SocketProcessorBase.run(SocketProcessorBase.java:52)
	at org.apache.tomcat.util.threads.ThreadPoolExecutor.runWorker(ThreadPoolExecutor.java:1191)
	at org.apache.tomcat.util.threads.ThreadPoolExecutor$Worker.run(ThreadPoolExecutor.java:659)
	at org.apache.tomcat.util.threads.TaskThread$WrappingRunnable.run(TaskThread.java:61)
	at java.base/java.lang.Thread.run(Thread.java:833)
 
DEBUG 14:29:00.023 - - l.a.i.d.s.SimulationScheduler - Check simulation result: 2024-02-01T14:29:00.023722  
DEBUG 14:30:01.536 - - l.a.i.d.s.SimulationScheduler - Check simulation result: 2024-02-01T14:30:01.536335  
ERROR 14:30:16.068 - - o.a.c.c.C.[.[.[.[dispatcherServlet] - Servlet.service() for servlet [dispatcherServlet] in context with path [] threw exception [Request processing failed: java.lang.IndexOutOfBoundsException: Index 2 out of bounds for length 2] with root cause java.lang.IndexOutOfBoundsException: Index 2 out of bounds for length 2
	at java.base/jdk.internal.util.Preconditions.outOfBounds(Preconditions.java:64)
	at java.base/jdk.internal.util.Preconditions.outOfBoundsCheckIndex(Preconditions.java:70)
	at java.base/jdk.internal.util.Preconditions.checkIndex(Preconditions.java:266)
	at java.base/java.util.Objects.checkIndex(Objects.java:359)
	at java.base/java.util.ArrayList.get(ArrayList.java:427)
	at loadrover.api.io.domain.scenario.ScenarioService.createScenario(ScenarioService.kt:100)
	at loadrover.api.io.domain.scenario.ScenarioController.createScenario(ScenarioController.kt:16)
	at java.base/jdk.internal.reflect.NativeMethodAccessorImpl.invoke0(Native Method)
	at java.base/jdk.internal.reflect.NativeMethodAccessorImpl.invoke(NativeMethodAccessorImpl.java:77)
	at java.base/jdk.internal.reflect.DelegatingMethodAccessorImpl.invoke(DelegatingMethodAccessorImpl.java:43)
	at java.base/java.lang.reflect.Method.invoke(Method.java:568)
	at org.springframework.web.method.support.InvocableHandlerMethod.doInvoke(InvocableHandlerMethod.java:205)
	at org.springframework.web.method.support.InvocableHandlerMethod.invokeForRequest(InvocableHandlerMethod.java:150)
	at org.springframework.web.servlet.mvc.method.annotation.ServletInvocableHandlerMethod.invokeAndHandle(ServletInvocableHandlerMethod.java:118)
	at org.springframework.web.servlet.mvc.method.annotation.RequestMappingHandlerAdapter.invokeHandlerMethod(RequestMappingHandlerAdapter.java:884)
	at org.springframework.web.servlet.mvc.method.annotation.RequestMappingHandlerAdapter.handleInternal(RequestMappingHandlerAdapter.java:797)
	at org.springframework.web.servlet.mvc.method.AbstractHandlerMethodAdapter.handle(AbstractHandlerMethodAdapter.java:87)
	at org.springframework.web.servlet.DispatcherServlet.doDispatch(DispatcherServlet.java:1081)
	at org.springframework.web.servlet.DispatcherServlet.doService(DispatcherServlet.java:974)
	at org.springframework.web.servlet.FrameworkServlet.processRequest(FrameworkServlet.java:1014)
	at org.springframework.web.servlet.FrameworkServlet.doPost(FrameworkServlet.java:914)
	at jakarta.servlet.http.HttpServlet.service(HttpServlet.java:590)
	at org.springframework.web.servlet.FrameworkServlet.service(FrameworkServlet.java:885)
	at jakarta.servlet.http.HttpServlet.service(HttpServlet.java:658)
	at org.apache.catalina.core.ApplicationFilterChain.internalDoFilter(ApplicationFilterChain.java:205)
	at org.apache.catalina.core.ApplicationFilterChain.doFilter(ApplicationFilterChain.java:149)
	at org.apache.tomcat.websocket.server.WsFilter.doFilter(WsFilter.java:51)
	at org.apache.catalina.core.ApplicationFilterChain.internalDoFilter(ApplicationFilterChain.java:174)
	at org.apache.catalina.core.ApplicationFilterChain.doFilter(ApplicationFilterChain.java:149)
	at org.springframework.web.filter.RequestContextFilter.doFilterInternal(RequestContextFilter.java:100)
	at org.springframework.web.filter.OncePerRequestFilter.doFilter(OncePerRequestFilter.java:116)
	at org.apache.catalina.core.ApplicationFilterChain.internalDoFilter(ApplicationFilterChain.java:174)
	at org.apache.catalina.core.ApplicationFilterChain.doFilter(ApplicationFilterChain.java:149)
	at org.springframework.web.filter.FormContentFilter.doFilterInternal(FormContentFilter.java:93)
	at org.springframework.web.filter.OncePerRequestFilter.doFilter(OncePerRequestFilter.java:116)
	at org.apache.catalina.core.ApplicationFilterChain.internalDoFilter(ApplicationFilterChain.java:174)
	at org.apache.catalina.core.ApplicationFilterChain.doFilter(ApplicationFilterChain.java:149)
	at org.springframework.web.filter.CharacterEncodingFilter.doFilterInternal(CharacterEncodingFilter.java:201)
	at org.springframework.web.filter.OncePerRequestFilter.doFilter(OncePerRequestFilter.java:116)
	at org.apache.catalina.core.ApplicationFilterChain.internalDoFilter(ApplicationFilterChain.java:174)
	at org.apache.catalina.core.ApplicationFilterChain.doFilter(ApplicationFilterChain.java:149)
	at org.apache.catalina.core.StandardWrapperValve.invoke(StandardWrapperValve.java:167)
	at org.apache.catalina.core.StandardContextValve.invoke(StandardContextValve.java:90)
	at org.apache.catalina.authenticator.AuthenticatorBase.invoke(AuthenticatorBase.java:482)
	at org.apache.catalina.core.StandardHostValve.invoke(StandardHostValve.java:115)
	at org.apache.catalina.valves.ErrorReportValve.invoke(ErrorReportValve.java:93)
	at org.apache.catalina.core.StandardEngineValve.invoke(StandardEngineValve.java:74)
	at org.apache.catalina.connector.CoyoteAdapter.service(CoyoteAdapter.java:340)
	at org.apache.coyote.http11.Http11Processor.service(Http11Processor.java:391)
	at org.apache.coyote.AbstractProcessorLight.process(AbstractProcessorLight.java:63)
	at org.apache.coyote.AbstractProtocol$ConnectionHandler.process(AbstractProtocol.java:896)
	at org.apache.tomcat.util.net.NioEndpoint$SocketProcessor.doRun(NioEndpoint.java:1744)
	at org.apache.tomcat.util.net.SocketProcessorBase.run(SocketProcessorBase.java:52)
	at org.apache.tomcat.util.threads.ThreadPoolExecutor.runWorker(ThreadPoolExecutor.java:1191)
	at org.apache.tomcat.util.threads.ThreadPoolExecutor$Worker.run(ThreadPoolExecutor.java:659)
	at org.apache.tomcat.util.threads.TaskThread$WrappingRunnable.run(TaskThread.java:61)
	at java.base/java.lang.Thread.run(Thread.java:833)
 
DEBUG 14:31:00.034 - - l.a.i.d.s.SimulationScheduler - Check simulation result: 2024-02-01T14:31:00.034281  
ERROR 14:31:56.126 - - o.a.c.c.C.[.[.[.[dispatcherServlet] - Servlet.service() for servlet [dispatcherServlet] in context with path [] threw exception [Request processing failed: java.lang.IndexOutOfBoundsException: Index 2 out of bounds for length 2] with root cause java.lang.IndexOutOfBoundsException: Index 2 out of bounds for length 2
	at java.base/jdk.internal.util.Preconditions.outOfBounds(Preconditions.java:64)
	at java.base/jdk.internal.util.Preconditions.outOfBoundsCheckIndex(Preconditions.java:70)
	at java.base/jdk.internal.util.Preconditions.checkIndex(Preconditions.java:266)
	at java.base/java.util.Objects.checkIndex(Objects.java:359)
	at java.base/java.util.ArrayList.get(ArrayList.java:427)
	at loadrover.api.io.domain.scenario.ScenarioService.createScenario(ScenarioService.kt:100)
	at loadrover.api.io.domain.scenario.ScenarioController.createScenario(ScenarioController.kt:16)
	at java.base/jdk.internal.reflect.NativeMethodAccessorImpl.invoke0(Native Method)
	at java.base/jdk.internal.reflect.NativeMethodAccessorImpl.invoke(NativeMethodAccessorImpl.java:77)
	at java.base/jdk.internal.reflect.DelegatingMethodAccessorImpl.invoke(DelegatingMethodAccessorImpl.java:43)
	at java.base/java.lang.reflect.Method.invoke(Method.java:568)
	at org.springframework.web.method.support.InvocableHandlerMethod.doInvoke(InvocableHandlerMethod.java:205)
	at org.springframework.web.method.support.InvocableHandlerMethod.invokeForRequest(InvocableHandlerMethod.java:150)
	at org.springframework.web.servlet.mvc.method.annotation.ServletInvocableHandlerMethod.invokeAndHandle(ServletInvocableHandlerMethod.java:118)
	at org.springframework.web.servlet.mvc.method.annotation.RequestMappingHandlerAdapter.invokeHandlerMethod(RequestMappingHandlerAdapter.java:884)
	at org.springframework.web.servlet.mvc.method.annotation.RequestMappingHandlerAdapter.handleInternal(RequestMappingHandlerAdapter.java:797)
	at org.springframework.web.servlet.mvc.method.AbstractHandlerMethodAdapter.handle(AbstractHandlerMethodAdapter.java:87)
	at org.springframework.web.servlet.DispatcherServlet.doDispatch(DispatcherServlet.java:1081)
	at org.springframework.web.servlet.DispatcherServlet.doService(DispatcherServlet.java:974)
	at org.springframework.web.servlet.FrameworkServlet.processRequest(FrameworkServlet.java:1014)
	at org.springframework.web.servlet.FrameworkServlet.doPost(FrameworkServlet.java:914)
	at jakarta.servlet.http.HttpServlet.service(HttpServlet.java:590)
	at org.springframework.web.servlet.FrameworkServlet.service(FrameworkServlet.java:885)
	at jakarta.servlet.http.HttpServlet.service(HttpServlet.java:658)
	at org.apache.catalina.core.ApplicationFilterChain.internalDoFilter(ApplicationFilterChain.java:205)
	at org.apache.catalina.core.ApplicationFilterChain.doFilter(ApplicationFilterChain.java:149)
	at org.apache.tomcat.websocket.server.WsFilter.doFilter(WsFilter.java:51)
	at org.apache.catalina.core.ApplicationFilterChain.internalDoFilter(ApplicationFilterChain.java:174)
	at org.apache.catalina.core.ApplicationFilterChain.doFilter(ApplicationFilterChain.java:149)
	at org.springframework.web.filter.RequestContextFilter.doFilterInternal(RequestContextFilter.java:100)
	at org.springframework.web.filter.OncePerRequestFilter.doFilter(OncePerRequestFilter.java:116)
	at org.apache.catalina.core.ApplicationFilterChain.internalDoFilter(ApplicationFilterChain.java:174)
	at org.apache.catalina.core.ApplicationFilterChain.doFilter(ApplicationFilterChain.java:149)
	at org.springframework.web.filter.FormContentFilter.doFilterInternal(FormContentFilter.java:93)
	at org.springframework.web.filter.OncePerRequestFilter.doFilter(OncePerRequestFilter.java:116)
	at org.apache.catalina.core.ApplicationFilterChain.internalDoFilter(ApplicationFilterChain.java:174)
	at org.apache.catalina.core.ApplicationFilterChain.doFilter(ApplicationFilterChain.java:149)
	at org.springframework.web.filter.CharacterEncodingFilter.doFilterInternal(CharacterEncodingFilter.java:201)
	at org.springframework.web.filter.OncePerRequestFilter.doFilter(OncePerRequestFilter.java:116)
	at org.apache.catalina.core.ApplicationFilterChain.internalDoFilter(ApplicationFilterChain.java:174)
	at org.apache.catalina.core.ApplicationFilterChain.doFilter(ApplicationFilterChain.java:149)
	at org.apache.catalina.core.StandardWrapperValve.invoke(StandardWrapperValve.java:167)
	at org.apache.catalina.core.StandardContextValve.invoke(StandardContextValve.java:90)
	at org.apache.catalina.authenticator.AuthenticatorBase.invoke(AuthenticatorBase.java:482)
	at org.apache.catalina.core.StandardHostValve.invoke(StandardHostValve.java:115)
	at org.apache.catalina.valves.ErrorReportValve.invoke(ErrorReportValve.java:93)
	at org.apache.catalina.core.StandardEngineValve.invoke(StandardEngineValve.java:74)
	at org.apache.catalina.connector.CoyoteAdapter.service(CoyoteAdapter.java:340)
	at org.apache.coyote.http11.Http11Processor.service(Http11Processor.java:391)
	at org.apache.coyote.AbstractProcessorLight.process(AbstractProcessorLight.java:63)
	at org.apache.coyote.AbstractProtocol$ConnectionHandler.process(AbstractProtocol.java:896)
	at org.apache.tomcat.util.net.NioEndpoint$SocketProcessor.doRun(NioEndpoint.java:1744)
	at org.apache.tomcat.util.net.SocketProcessorBase.run(SocketProcessorBase.java:52)
	at org.apache.tomcat.util.threads.ThreadPoolExecutor.runWorker(ThreadPoolExecutor.java:1191)
	at org.apache.tomcat.util.threads.ThreadPoolExecutor$Worker.run(ThreadPoolExecutor.java:659)
	at org.apache.tomcat.util.threads.TaskThread$WrappingRunnable.run(TaskThread.java:61)
	at java.base/java.lang.Thread.run(Thread.java:833)
 
DEBUG 14:32:00.014 - - l.a.i.d.s.SimulationScheduler - Check simulation result: 2024-02-01T14:32:00.014630  
ERROR 14:32:05.085 - - o.a.c.c.C.[.[.[.[dispatcherServlet] - Servlet.service() for servlet [dispatcherServlet] in context with path [] threw exception [Request processing failed: java.lang.IndexOutOfBoundsException: Index 2 out of bounds for length 2] with root cause java.lang.IndexOutOfBoundsException: Index 2 out of bounds for length 2
	at java.base/jdk.internal.util.Preconditions.outOfBounds(Preconditions.java:64)
	at java.base/jdk.internal.util.Preconditions.outOfBoundsCheckIndex(Preconditions.java:70)
	at java.base/jdk.internal.util.Preconditions.checkIndex(Preconditions.java:266)
	at java.base/java.util.Objects.checkIndex(Objects.java:359)
	at java.base/java.util.ArrayList.get(ArrayList.java:427)
	at loadrover.api.io.domain.scenario.ScenarioService.createScenario(ScenarioService.kt:100)
	at loadrover.api.io.domain.scenario.ScenarioController.createScenario(ScenarioController.kt:16)
	at java.base/jdk.internal.reflect.NativeMethodAccessorImpl.invoke0(Native Method)
	at java.base/jdk.internal.reflect.NativeMethodAccessorImpl.invoke(NativeMethodAccessorImpl.java:77)
	at java.base/jdk.internal.reflect.DelegatingMethodAccessorImpl.invoke(DelegatingMethodAccessorImpl.java:43)
	at java.base/java.lang.reflect.Method.invoke(Method.java:568)
	at org.springframework.web.method.support.InvocableHandlerMethod.doInvoke(InvocableHandlerMethod.java:205)
	at org.springframework.web.method.support.InvocableHandlerMethod.invokeForRequest(InvocableHandlerMethod.java:150)
	at org.springframework.web.servlet.mvc.method.annotation.ServletInvocableHandlerMethod.invokeAndHandle(ServletInvocableHandlerMethod.java:118)
	at org.springframework.web.servlet.mvc.method.annotation.RequestMappingHandlerAdapter.invokeHandlerMethod(RequestMappingHandlerAdapter.java:884)
	at org.springframework.web.servlet.mvc.method.annotation.RequestMappingHandlerAdapter.handleInternal(RequestMappingHandlerAdapter.java:797)
	at org.springframework.web.servlet.mvc.method.AbstractHandlerMethodAdapter.handle(AbstractHandlerMethodAdapter.java:87)
	at org.springframework.web.servlet.DispatcherServlet.doDispatch(DispatcherServlet.java:1081)
	at org.springframework.web.servlet.DispatcherServlet.doService(DispatcherServlet.java:974)
	at org.springframework.web.servlet.FrameworkServlet.processRequest(FrameworkServlet.java:1014)
	at org.springframework.web.servlet.FrameworkServlet.doPost(FrameworkServlet.java:914)
	at jakarta.servlet.http.HttpServlet.service(HttpServlet.java:590)
	at org.springframework.web.servlet.FrameworkServlet.service(FrameworkServlet.java:885)
	at jakarta.servlet.http.HttpServlet.service(HttpServlet.java:658)
	at org.apache.catalina.core.ApplicationFilterChain.internalDoFilter(ApplicationFilterChain.java:205)
	at org.apache.catalina.core.ApplicationFilterChain.doFilter(ApplicationFilterChain.java:149)
	at org.apache.tomcat.websocket.server.WsFilter.doFilter(WsFilter.java:51)
	at org.apache.catalina.core.ApplicationFilterChain.internalDoFilter(ApplicationFilterChain.java:174)
	at org.apache.catalina.core.ApplicationFilterChain.doFilter(ApplicationFilterChain.java:149)
	at org.springframework.web.filter.RequestContextFilter.doFilterInternal(RequestContextFilter.java:100)
	at org.springframework.web.filter.OncePerRequestFilter.doFilter(OncePerRequestFilter.java:116)
	at org.apache.catalina.core.ApplicationFilterChain.internalDoFilter(ApplicationFilterChain.java:174)
	at org.apache.catalina.core.ApplicationFilterChain.doFilter(ApplicationFilterChain.java:149)
	at org.springframework.web.filter.FormContentFilter.doFilterInternal(FormContentFilter.java:93)
	at org.springframework.web.filter.OncePerRequestFilter.doFilter(OncePerRequestFilter.java:116)
	at org.apache.catalina.core.ApplicationFilterChain.internalDoFilter(ApplicationFilterChain.java:174)
	at org.apache.catalina.core.ApplicationFilterChain.doFilter(ApplicationFilterChain.java:149)
	at org.springframework.web.filter.CharacterEncodingFilter.doFilterInternal(CharacterEncodingFilter.java:201)
	at org.springframework.web.filter.OncePerRequestFilter.doFilter(OncePerRequestFilter.java:116)
	at org.apache.catalina.core.ApplicationFilterChain.internalDoFilter(ApplicationFilterChain.java:174)
	at org.apache.catalina.core.ApplicationFilterChain.doFilter(ApplicationFilterChain.java:149)
	at org.apache.catalina.core.StandardWrapperValve.invoke(StandardWrapperValve.java:167)
	at org.apache.catalina.core.StandardContextValve.invoke(StandardContextValve.java:90)
	at org.apache.catalina.authenticator.AuthenticatorBase.invoke(AuthenticatorBase.java:482)
	at org.apache.catalina.core.StandardHostValve.invoke(StandardHostValve.java:115)
	at org.apache.catalina.valves.ErrorReportValve.invoke(ErrorReportValve.java:93)
	at org.apache.catalina.core.StandardEngineValve.invoke(StandardEngineValve.java:74)
	at org.apache.catalina.connector.CoyoteAdapter.service(CoyoteAdapter.java:340)
	at org.apache.coyote.http11.Http11Processor.service(Http11Processor.java:391)
	at org.apache.coyote.AbstractProcessorLight.process(AbstractProcessorLight.java:63)
	at org.apache.coyote.AbstractProtocol$ConnectionHandler.process(AbstractProtocol.java:896)
	at org.apache.tomcat.util.net.NioEndpoint$SocketProcessor.doRun(NioEndpoint.java:1744)
	at org.apache.tomcat.util.net.SocketProcessorBase.run(SocketProcessorBase.java:52)
	at org.apache.tomcat.util.threads.ThreadPoolExecutor.runWorker(ThreadPoolExecutor.java:1191)
	at org.apache.tomcat.util.threads.ThreadPoolExecutor$Worker.run(ThreadPoolExecutor.java:659)
	at org.apache.tomcat.util.threads.TaskThread$WrappingRunnable.run(TaskThread.java:61)
	at java.base/java.lang.Thread.run(Thread.java:833)
 
ERROR 14:32:57.385 - - o.a.c.c.C.[.[.[.[dispatcherServlet] - Servlet.service() for servlet [dispatcherServlet] in context with path [] threw exception [Request processing failed: java.lang.IndexOutOfBoundsException: Index 2 out of bounds for length 2] with root cause java.lang.IndexOutOfBoundsException: Index 2 out of bounds for length 2
	at java.base/jdk.internal.util.Preconditions.outOfBounds(Preconditions.java:64)
	at java.base/jdk.internal.util.Preconditions.outOfBoundsCheckIndex(Preconditions.java:70)
	at java.base/jdk.internal.util.Preconditions.checkIndex(Preconditions.java:266)
	at java.base/java.util.Objects.checkIndex(Objects.java:359)
	at java.base/java.util.ArrayList.get(ArrayList.java:427)
	at loadrover.api.io.domain.scenario.ScenarioService.createScenario(ScenarioService.kt:100)
	at loadrover.api.io.domain.scenario.ScenarioController.createScenario(ScenarioController.kt:16)
	at java.base/jdk.internal.reflect.NativeMethodAccessorImpl.invoke0(Native Method)
	at java.base/jdk.internal.reflect.NativeMethodAccessorImpl.invoke(NativeMethodAccessorImpl.java:77)
	at java.base/jdk.internal.reflect.DelegatingMethodAccessorImpl.invoke(DelegatingMethodAccessorImpl.java:43)
	at java.base/java.lang.reflect.Method.invoke(Method.java:568)
	at org.springframework.web.method.support.InvocableHandlerMethod.doInvoke(InvocableHandlerMethod.java:205)
	at org.springframework.web.method.support.InvocableHandlerMethod.invokeForRequest(InvocableHandlerMethod.java:150)
	at org.springframework.web.servlet.mvc.method.annotation.ServletInvocableHandlerMethod.invokeAndHandle(ServletInvocableHandlerMethod.java:118)
	at org.springframework.web.servlet.mvc.method.annotation.RequestMappingHandlerAdapter.invokeHandlerMethod(RequestMappingHandlerAdapter.java:884)
	at org.springframework.web.servlet.mvc.method.annotation.RequestMappingHandlerAdapter.handleInternal(RequestMappingHandlerAdapter.java:797)
	at org.springframework.web.servlet.mvc.method.AbstractHandlerMethodAdapter.handle(AbstractHandlerMethodAdapter.java:87)
	at org.springframework.web.servlet.DispatcherServlet.doDispatch(DispatcherServlet.java:1081)
	at org.springframework.web.servlet.DispatcherServlet.doService(DispatcherServlet.java:974)
	at org.springframework.web.servlet.FrameworkServlet.processRequest(FrameworkServlet.java:1014)
	at org.springframework.web.servlet.FrameworkServlet.doPost(FrameworkServlet.java:914)
	at jakarta.servlet.http.HttpServlet.service(HttpServlet.java:590)
	at org.springframework.web.servlet.FrameworkServlet.service(FrameworkServlet.java:885)
	at jakarta.servlet.http.HttpServlet.service(HttpServlet.java:658)
	at org.apache.catalina.core.ApplicationFilterChain.internalDoFilter(ApplicationFilterChain.java:205)
	at org.apache.catalina.core.ApplicationFilterChain.doFilter(ApplicationFilterChain.java:149)
	at org.apache.tomcat.websocket.server.WsFilter.doFilter(WsFilter.java:51)
	at org.apache.catalina.core.ApplicationFilterChain.internalDoFilter(ApplicationFilterChain.java:174)
	at org.apache.catalina.core.ApplicationFilterChain.doFilter(ApplicationFilterChain.java:149)
	at org.springframework.web.filter.RequestContextFilter.doFilterInternal(RequestContextFilter.java:100)
	at org.springframework.web.filter.OncePerRequestFilter.doFilter(OncePerRequestFilter.java:116)
	at org.apache.catalina.core.ApplicationFilterChain.internalDoFilter(ApplicationFilterChain.java:174)
	at org.apache.catalina.core.ApplicationFilterChain.doFilter(ApplicationFilterChain.java:149)
	at org.springframework.web.filter.FormContentFilter.doFilterInternal(FormContentFilter.java:93)
	at org.springframework.web.filter.OncePerRequestFilter.doFilter(OncePerRequestFilter.java:116)
	at org.apache.catalina.core.ApplicationFilterChain.internalDoFilter(ApplicationFilterChain.java:174)
	at org.apache.catalina.core.ApplicationFilterChain.doFilter(ApplicationFilterChain.java:149)
	at org.springframework.web.filter.CharacterEncodingFilter.doFilterInternal(CharacterEncodingFilter.java:201)
	at org.springframework.web.filter.OncePerRequestFilter.doFilter(OncePerRequestFilter.java:116)
	at org.apache.catalina.core.ApplicationFilterChain.internalDoFilter(ApplicationFilterChain.java:174)
	at org.apache.catalina.core.ApplicationFilterChain.doFilter(ApplicationFilterChain.java:149)
	at org.apache.catalina.core.StandardWrapperValve.invoke(StandardWrapperValve.java:167)
	at org.apache.catalina.core.StandardContextValve.invoke(StandardContextValve.java:90)
	at org.apache.catalina.authenticator.AuthenticatorBase.invoke(AuthenticatorBase.java:482)
	at org.apache.catalina.core.StandardHostValve.invoke(StandardHostValve.java:115)
	at org.apache.catalina.valves.ErrorReportValve.invoke(ErrorReportValve.java:93)
	at org.apache.catalina.core.StandardEngineValve.invoke(StandardEngineValve.java:74)
	at org.apache.catalina.connector.CoyoteAdapter.service(CoyoteAdapter.java:340)
	at org.apache.coyote.http11.Http11Processor.service(Http11Processor.java:391)
	at org.apache.coyote.AbstractProcessorLight.process(AbstractProcessorLight.java:63)
	at org.apache.coyote.AbstractProtocol$ConnectionHandler.process(AbstractProtocol.java:896)
	at org.apache.tomcat.util.net.NioEndpoint$SocketProcessor.doRun(NioEndpoint.java:1744)
	at org.apache.tomcat.util.net.SocketProcessorBase.run(SocketProcessorBase.java:52)
	at org.apache.tomcat.util.threads.ThreadPoolExecutor.runWorker(ThreadPoolExecutor.java:1191)
	at org.apache.tomcat.util.threads.ThreadPoolExecutor$Worker.run(ThreadPoolExecutor.java:659)
	at org.apache.tomcat.util.threads.TaskThread$WrappingRunnable.run(TaskThread.java:61)
	at java.base/java.lang.Thread.run(Thread.java:833)
 
DEBUG 14:33:00.021 - - l.a.i.d.s.SimulationScheduler - Check simulation result: 2024-02-01T14:33:00.021391  
DEBUG 14:34:00.040 - - l.a.i.d.s.SimulationScheduler - Check simulation result: 2024-02-01T14:34:00.039831  
DEBUG 14:35:00.025 - - l.a.i.d.s.SimulationScheduler - Check simulation result: 2024-02-01T14:35:00.025772  
DEBUG 14:36:00.855 - - l.a.i.d.s.SimulationScheduler - Check simulation result: 2024-02-01T14:36:00.855292  
ERROR 14:36:13.572 - - o.a.c.c.C.[.[.[.[dispatcherServlet] - Servlet.service() for servlet [dispatcherServlet] in context with path [] threw exception [Request processing failed: java.lang.IndexOutOfBoundsException: Index 2 out of bounds for length 2] with root cause java.lang.IndexOutOfBoundsException: Index 2 out of bounds for length 2
	at java.base/jdk.internal.util.Preconditions.outOfBounds(Preconditions.java:64)
	at java.base/jdk.internal.util.Preconditions.outOfBoundsCheckIndex(Preconditions.java:70)
	at java.base/jdk.internal.util.Preconditions.checkIndex(Preconditions.java:266)
	at java.base/java.util.Objects.checkIndex(Objects.java:359)
	at java.base/java.util.ArrayList.get(ArrayList.java:427)
	at loadrover.api.io.domain.scenario.ScenarioService.createScenario(ScenarioService.kt:100)
	at loadrover.api.io.domain.scenario.ScenarioController.createScenario(ScenarioController.kt:16)
	at java.base/jdk.internal.reflect.NativeMethodAccessorImpl.invoke0(Native Method)
	at java.base/jdk.internal.reflect.NativeMethodAccessorImpl.invoke(NativeMethodAccessorImpl.java:77)
	at java.base/jdk.internal.reflect.DelegatingMethodAccessorImpl.invoke(DelegatingMethodAccessorImpl.java:43)
	at java.base/java.lang.reflect.Method.invoke(Method.java:568)
	at org.springframework.web.method.support.InvocableHandlerMethod.doInvoke(InvocableHandlerMethod.java:205)
	at org.springframework.web.method.support.InvocableHandlerMethod.invokeForRequest(InvocableHandlerMethod.java:150)
	at org.springframework.web.servlet.mvc.method.annotation.ServletInvocableHandlerMethod.invokeAndHandle(ServletInvocableHandlerMethod.java:118)
	at org.springframework.web.servlet.mvc.method.annotation.RequestMappingHandlerAdapter.invokeHandlerMethod(RequestMappingHandlerAdapter.java:884)
	at org.springframework.web.servlet.mvc.method.annotation.RequestMappingHandlerAdapter.handleInternal(RequestMappingHandlerAdapter.java:797)
	at org.springframework.web.servlet.mvc.method.AbstractHandlerMethodAdapter.handle(AbstractHandlerMethodAdapter.java:87)
	at org.springframework.web.servlet.DispatcherServlet.doDispatch(DispatcherServlet.java:1081)
	at org.springframework.web.servlet.DispatcherServlet.doService(DispatcherServlet.java:974)
	at org.springframework.web.servlet.FrameworkServlet.processRequest(FrameworkServlet.java:1014)
	at org.springframework.web.servlet.FrameworkServlet.doPost(FrameworkServlet.java:914)
	at jakarta.servlet.http.HttpServlet.service(HttpServlet.java:590)
	at org.springframework.web.servlet.FrameworkServlet.service(FrameworkServlet.java:885)
	at jakarta.servlet.http.HttpServlet.service(HttpServlet.java:658)
	at org.apache.catalina.core.ApplicationFilterChain.internalDoFilter(ApplicationFilterChain.java:205)
	at org.apache.catalina.core.ApplicationFilterChain.doFilter(ApplicationFilterChain.java:149)
	at org.apache.tomcat.websocket.server.WsFilter.doFilter(WsFilter.java:51)
	at org.apache.catalina.core.ApplicationFilterChain.internalDoFilter(ApplicationFilterChain.java:174)
	at org.apache.catalina.core.ApplicationFilterChain.doFilter(ApplicationFilterChain.java:149)
	at org.springframework.web.filter.RequestContextFilter.doFilterInternal(RequestContextFilter.java:100)
	at org.springframework.web.filter.OncePerRequestFilter.doFilter(OncePerRequestFilter.java:116)
	at org.apache.catalina.core.ApplicationFilterChain.internalDoFilter(ApplicationFilterChain.java:174)
	at org.apache.catalina.core.ApplicationFilterChain.doFilter(ApplicationFilterChain.java:149)
	at org.springframework.web.filter.FormContentFilter.doFilterInternal(FormContentFilter.java:93)
	at org.springframework.web.filter.OncePerRequestFilter.doFilter(OncePerRequestFilter.java:116)
	at org.apache.catalina.core.ApplicationFilterChain.internalDoFilter(ApplicationFilterChain.java:174)
	at org.apache.catalina.core.ApplicationFilterChain.doFilter(ApplicationFilterChain.java:149)
	at org.springframework.web.filter.CharacterEncodingFilter.doFilterInternal(CharacterEncodingFilter.java:201)
	at org.springframework.web.filter.OncePerRequestFilter.doFilter(OncePerRequestFilter.java:116)
	at org.apache.catalina.core.ApplicationFilterChain.internalDoFilter(ApplicationFilterChain.java:174)
	at org.apache.catalina.core.ApplicationFilterChain.doFilter(ApplicationFilterChain.java:149)
	at org.apache.catalina.core.StandardWrapperValve.invoke(StandardWrapperValve.java:167)
	at org.apache.catalina.core.StandardContextValve.invoke(StandardContextValve.java:90)
	at org.apache.catalina.authenticator.AuthenticatorBase.invoke(AuthenticatorBase.java:482)
	at org.apache.catalina.core.StandardHostValve.invoke(StandardHostValve.java:115)
	at org.apache.catalina.valves.ErrorReportValve.invoke(ErrorReportValve.java:93)
	at org.apache.catalina.core.StandardEngineValve.invoke(StandardEngineValve.java:74)
	at org.apache.catalina.connector.CoyoteAdapter.service(CoyoteAdapter.java:340)
	at org.apache.coyote.http11.Http11Processor.service(Http11Processor.java:391)
	at org.apache.coyote.AbstractProcessorLight.process(AbstractProcessorLight.java:63)
	at org.apache.coyote.AbstractProtocol$ConnectionHandler.process(AbstractProtocol.java:896)
	at org.apache.tomcat.util.net.NioEndpoint$SocketProcessor.doRun(NioEndpoint.java:1744)
	at org.apache.tomcat.util.net.SocketProcessorBase.run(SocketProcessorBase.java:52)
	at org.apache.tomcat.util.threads.ThreadPoolExecutor.runWorker(ThreadPoolExecutor.java:1191)
	at org.apache.tomcat.util.threads.ThreadPoolExecutor$Worker.run(ThreadPoolExecutor.java:659)
	at org.apache.tomcat.util.threads.TaskThread$WrappingRunnable.run(TaskThread.java:61)
	at java.base/java.lang.Thread.run(Thread.java:833)
 
ERROR 14:36:28.682 - - o.a.c.c.C.[.[.[.[dispatcherServlet] - Servlet.service() for servlet [dispatcherServlet] in context with path [] threw exception [Request processing failed: java.lang.IndexOutOfBoundsException: Index 2 out of bounds for length 2] with root cause java.lang.IndexOutOfBoundsException: Index 2 out of bounds for length 2
	at java.base/jdk.internal.util.Preconditions.outOfBounds(Preconditions.java:64)
	at java.base/jdk.internal.util.Preconditions.outOfBoundsCheckIndex(Preconditions.java:70)
	at java.base/jdk.internal.util.Preconditions.checkIndex(Preconditions.java:266)
	at java.base/java.util.Objects.checkIndex(Objects.java:359)
	at java.base/java.util.ArrayList.get(ArrayList.java:427)
	at loadrover.api.io.domain.scenario.ScenarioService.createScenario(ScenarioService.kt:100)
	at loadrover.api.io.domain.scenario.ScenarioController.createScenario(ScenarioController.kt:16)
	at java.base/jdk.internal.reflect.NativeMethodAccessorImpl.invoke0(Native Method)
	at java.base/jdk.internal.reflect.NativeMethodAccessorImpl.invoke(NativeMethodAccessorImpl.java:77)
	at java.base/jdk.internal.reflect.DelegatingMethodAccessorImpl.invoke(DelegatingMethodAccessorImpl.java:43)
	at java.base/java.lang.reflect.Method.invoke(Method.java:568)
	at org.springframework.web.method.support.InvocableHandlerMethod.doInvoke(InvocableHandlerMethod.java:205)
	at org.springframework.web.method.support.InvocableHandlerMethod.invokeForRequest(InvocableHandlerMethod.java:150)
	at org.springframework.web.servlet.mvc.method.annotation.ServletInvocableHandlerMethod.invokeAndHandle(ServletInvocableHandlerMethod.java:118)
	at org.springframework.web.servlet.mvc.method.annotation.RequestMappingHandlerAdapter.invokeHandlerMethod(RequestMappingHandlerAdapter.java:884)
	at org.springframework.web.servlet.mvc.method.annotation.RequestMappingHandlerAdapter.handleInternal(RequestMappingHandlerAdapter.java:797)
	at org.springframework.web.servlet.mvc.method.AbstractHandlerMethodAdapter.handle(AbstractHandlerMethodAdapter.java:87)
	at org.springframework.web.servlet.DispatcherServlet.doDispatch(DispatcherServlet.java:1081)
	at org.springframework.web.servlet.DispatcherServlet.doService(DispatcherServlet.java:974)
	at org.springframework.web.servlet.FrameworkServlet.processRequest(FrameworkServlet.java:1014)
	at org.springframework.web.servlet.FrameworkServlet.doPost(FrameworkServlet.java:914)
	at jakarta.servlet.http.HttpServlet.service(HttpServlet.java:590)
	at org.springframework.web.servlet.FrameworkServlet.service(FrameworkServlet.java:885)
	at jakarta.servlet.http.HttpServlet.service(HttpServlet.java:658)
	at org.apache.catalina.core.ApplicationFilterChain.internalDoFilter(ApplicationFilterChain.java:205)
	at org.apache.catalina.core.ApplicationFilterChain.doFilter(ApplicationFilterChain.java:149)
	at org.apache.tomcat.websocket.server.WsFilter.doFilter(WsFilter.java:51)
	at org.apache.catalina.core.ApplicationFilterChain.internalDoFilter(ApplicationFilterChain.java:174)
	at org.apache.catalina.core.ApplicationFilterChain.doFilter(ApplicationFilterChain.java:149)
	at org.springframework.web.filter.RequestContextFilter.doFilterInternal(RequestContextFilter.java:100)
	at org.springframework.web.filter.OncePerRequestFilter.doFilter(OncePerRequestFilter.java:116)
	at org.apache.catalina.core.ApplicationFilterChain.internalDoFilter(ApplicationFilterChain.java:174)
	at org.apache.catalina.core.ApplicationFilterChain.doFilter(ApplicationFilterChain.java:149)
	at org.springframework.web.filter.FormContentFilter.doFilterInternal(FormContentFilter.java:93)
	at org.springframework.web.filter.OncePerRequestFilter.doFilter(OncePerRequestFilter.java:116)
	at org.apache.catalina.core.ApplicationFilterChain.internalDoFilter(ApplicationFilterChain.java:174)
	at org.apache.catalina.core.ApplicationFilterChain.doFilter(ApplicationFilterChain.java:149)
	at org.springframework.web.filter.CharacterEncodingFilter.doFilterInternal(CharacterEncodingFilter.java:201)
	at org.springframework.web.filter.OncePerRequestFilter.doFilter(OncePerRequestFilter.java:116)
	at org.apache.catalina.core.ApplicationFilterChain.internalDoFilter(ApplicationFilterChain.java:174)
	at org.apache.catalina.core.ApplicationFilterChain.doFilter(ApplicationFilterChain.java:149)
	at org.apache.catalina.core.StandardWrapperValve.invoke(StandardWrapperValve.java:167)
	at org.apache.catalina.core.StandardContextValve.invoke(StandardContextValve.java:90)
	at org.apache.catalina.authenticator.AuthenticatorBase.invoke(AuthenticatorBase.java:482)
	at org.apache.catalina.core.StandardHostValve.invoke(StandardHostValve.java:115)
	at org.apache.catalina.valves.ErrorReportValve.invoke(ErrorReportValve.java:93)
	at org.apache.catalina.core.StandardEngineValve.invoke(StandardEngineValve.java:74)
	at org.apache.catalina.connector.CoyoteAdapter.service(CoyoteAdapter.java:340)
	at org.apache.coyote.http11.Http11Processor.service(Http11Processor.java:391)
	at org.apache.coyote.AbstractProcessorLight.process(AbstractProcessorLight.java:63)
	at org.apache.coyote.AbstractProtocol$ConnectionHandler.process(AbstractProtocol.java:896)
	at org.apache.tomcat.util.net.NioEndpoint$SocketProcessor.doRun(NioEndpoint.java:1744)
	at org.apache.tomcat.util.net.SocketProcessorBase.run(SocketProcessorBase.java:52)
	at org.apache.tomcat.util.threads.ThreadPoolExecutor.runWorker(ThreadPoolExecutor.java:1191)
	at org.apache.tomcat.util.threads.ThreadPoolExecutor$Worker.run(ThreadPoolExecutor.java:659)
	at org.apache.tomcat.util.threads.TaskThread$WrappingRunnable.run(TaskThread.java:61)
	at java.base/java.lang.Thread.run(Thread.java:833)
 
ERROR 14:36:42.983 - - o.a.c.c.C.[.[.[.[dispatcherServlet] - Servlet.service() for servlet [dispatcherServlet] in context with path [] threw exception [Request processing failed: java.lang.IndexOutOfBoundsException: Index 2 out of bounds for length 2] with root cause java.lang.IndexOutOfBoundsException: Index 2 out of bounds for length 2
	at java.base/jdk.internal.util.Preconditions.outOfBounds(Preconditions.java:64)
	at java.base/jdk.internal.util.Preconditions.outOfBoundsCheckIndex(Preconditions.java:70)
	at java.base/jdk.internal.util.Preconditions.checkIndex(Preconditions.java:266)
	at java.base/java.util.Objects.checkIndex(Objects.java:359)
	at java.base/java.util.ArrayList.get(ArrayList.java:427)
	at loadrover.api.io.domain.scenario.ScenarioService.createScenario(ScenarioService.kt:100)
	at loadrover.api.io.domain.scenario.ScenarioController.createScenario(ScenarioController.kt:16)
	at java.base/jdk.internal.reflect.NativeMethodAccessorImpl.invoke0(Native Method)
	at java.base/jdk.internal.reflect.NativeMethodAccessorImpl.invoke(NativeMethodAccessorImpl.java:77)
	at java.base/jdk.internal.reflect.DelegatingMethodAccessorImpl.invoke(DelegatingMethodAccessorImpl.java:43)
	at java.base/java.lang.reflect.Method.invoke(Method.java:568)
	at org.springframework.web.method.support.InvocableHandlerMethod.doInvoke(InvocableHandlerMethod.java:205)
	at org.springframework.web.method.support.InvocableHandlerMethod.invokeForRequest(InvocableHandlerMethod.java:150)
	at org.springframework.web.servlet.mvc.method.annotation.ServletInvocableHandlerMethod.invokeAndHandle(ServletInvocableHandlerMethod.java:118)
	at org.springframework.web.servlet.mvc.method.annotation.RequestMappingHandlerAdapter.invokeHandlerMethod(RequestMappingHandlerAdapter.java:884)
	at org.springframework.web.servlet.mvc.method.annotation.RequestMappingHandlerAdapter.handleInternal(RequestMappingHandlerAdapter.java:797)
	at org.springframework.web.servlet.mvc.method.AbstractHandlerMethodAdapter.handle(AbstractHandlerMethodAdapter.java:87)
	at org.springframework.web.servlet.DispatcherServlet.doDispatch(DispatcherServlet.java:1081)
	at org.springframework.web.servlet.DispatcherServlet.doService(DispatcherServlet.java:974)
	at org.springframework.web.servlet.FrameworkServlet.processRequest(FrameworkServlet.java:1014)
	at org.springframework.web.servlet.FrameworkServlet.doPost(FrameworkServlet.java:914)
	at jakarta.servlet.http.HttpServlet.service(HttpServlet.java:590)
	at org.springframework.web.servlet.FrameworkServlet.service(FrameworkServlet.java:885)
	at jakarta.servlet.http.HttpServlet.service(HttpServlet.java:658)
	at org.apache.catalina.core.ApplicationFilterChain.internalDoFilter(ApplicationFilterChain.java:205)
	at org.apache.catalina.core.ApplicationFilterChain.doFilter(ApplicationFilterChain.java:149)
	at org.apache.tomcat.websocket.server.WsFilter.doFilter(WsFilter.java:51)
	at org.apache.catalina.core.ApplicationFilterChain.internalDoFilter(ApplicationFilterChain.java:174)
	at org.apache.catalina.core.ApplicationFilterChain.doFilter(ApplicationFilterChain.java:149)
	at org.springframework.web.filter.RequestContextFilter.doFilterInternal(RequestContextFilter.java:100)
	at org.springframework.web.filter.OncePerRequestFilter.doFilter(OncePerRequestFilter.java:116)
	at org.apache.catalina.core.ApplicationFilterChain.internalDoFilter(ApplicationFilterChain.java:174)
	at org.apache.catalina.core.ApplicationFilterChain.doFilter(ApplicationFilterChain.java:149)
	at org.springframework.web.filter.FormContentFilter.doFilterInternal(FormContentFilter.java:93)
	at org.springframework.web.filter.OncePerRequestFilter.doFilter(OncePerRequestFilter.java:116)
	at org.apache.catalina.core.ApplicationFilterChain.internalDoFilter(ApplicationFilterChain.java:174)
	at org.apache.catalina.core.ApplicationFilterChain.doFilter(ApplicationFilterChain.java:149)
	at org.springframework.web.filter.CharacterEncodingFilter.doFilterInternal(CharacterEncodingFilter.java:201)
	at org.springframework.web.filter.OncePerRequestFilter.doFilter(OncePerRequestFilter.java:116)
	at org.apache.catalina.core.ApplicationFilterChain.internalDoFilter(ApplicationFilterChain.java:174)
	at org.apache.catalina.core.ApplicationFilterChain.doFilter(ApplicationFilterChain.java:149)
	at org.apache.catalina.core.StandardWrapperValve.invoke(StandardWrapperValve.java:167)
	at org.apache.catalina.core.StandardContextValve.invoke(StandardContextValve.java:90)
	at org.apache.catalina.authenticator.AuthenticatorBase.invoke(AuthenticatorBase.java:482)
	at org.apache.catalina.core.StandardHostValve.invoke(StandardHostValve.java:115)
	at org.apache.catalina.valves.ErrorReportValve.invoke(ErrorReportValve.java:93)
	at org.apache.catalina.core.StandardEngineValve.invoke(StandardEngineValve.java:74)
	at org.apache.catalina.connector.CoyoteAdapter.service(CoyoteAdapter.java:340)
	at org.apache.coyote.http11.Http11Processor.service(Http11Processor.java:391)
	at org.apache.coyote.AbstractProcessorLight.process(AbstractProcessorLight.java:63)
	at org.apache.coyote.AbstractProtocol$ConnectionHandler.process(AbstractProtocol.java:896)
	at org.apache.tomcat.util.net.NioEndpoint$SocketProcessor.doRun(NioEndpoint.java:1744)
	at org.apache.tomcat.util.net.SocketProcessorBase.run(SocketProcessorBase.java:52)
	at org.apache.tomcat.util.threads.ThreadPoolExecutor.runWorker(ThreadPoolExecutor.java:1191)
	at org.apache.tomcat.util.threads.ThreadPoolExecutor$Worker.run(ThreadPoolExecutor.java:659)
	at org.apache.tomcat.util.threads.TaskThread$WrappingRunnable.run(TaskThread.java:61)
	at java.base/java.lang.Thread.run(Thread.java:833)
 
DEBUG 14:37:18.457 - - l.a.i.d.s.SimulationScheduler - Check simulation result: 2024-02-01T14:37:18.457130  
ERROR 14:37:32.202 - - o.a.c.c.C.[.[.[.[dispatcherServlet] - Servlet.service() for servlet [dispatcherServlet] in context with path [] threw exception [Request processing failed: java.lang.IndexOutOfBoundsException: Index 2 out of bounds for length 2] with root cause java.lang.IndexOutOfBoundsException: Index 2 out of bounds for length 2
	at java.base/jdk.internal.util.Preconditions.outOfBounds(Preconditions.java:64)
	at java.base/jdk.internal.util.Preconditions.outOfBoundsCheckIndex(Preconditions.java:70)
	at java.base/jdk.internal.util.Preconditions.checkIndex(Preconditions.java:266)
	at java.base/java.util.Objects.checkIndex(Objects.java:359)
	at java.base/java.util.ArrayList.get(ArrayList.java:427)
	at loadrover.api.io.domain.scenario.ScenarioService.createScenario(ScenarioService.kt:100)
	at loadrover.api.io.domain.scenario.ScenarioController.createScenario(ScenarioController.kt:16)
	at java.base/jdk.internal.reflect.NativeMethodAccessorImpl.invoke0(Native Method)
	at java.base/jdk.internal.reflect.NativeMethodAccessorImpl.invoke(NativeMethodAccessorImpl.java:77)
	at java.base/jdk.internal.reflect.DelegatingMethodAccessorImpl.invoke(DelegatingMethodAccessorImpl.java:43)
	at java.base/java.lang.reflect.Method.invoke(Method.java:568)
	at org.springframework.web.method.support.InvocableHandlerMethod.doInvoke(InvocableHandlerMethod.java:205)
	at org.springframework.web.method.support.InvocableHandlerMethod.invokeForRequest(InvocableHandlerMethod.java:150)
	at org.springframework.web.servlet.mvc.method.annotation.ServletInvocableHandlerMethod.invokeAndHandle(ServletInvocableHandlerMethod.java:118)
	at org.springframework.web.servlet.mvc.method.annotation.RequestMappingHandlerAdapter.invokeHandlerMethod(RequestMappingHandlerAdapter.java:884)
	at org.springframework.web.servlet.mvc.method.annotation.RequestMappingHandlerAdapter.handleInternal(RequestMappingHandlerAdapter.java:797)
	at org.springframework.web.servlet.mvc.method.AbstractHandlerMethodAdapter.handle(AbstractHandlerMethodAdapter.java:87)
	at org.springframework.web.servlet.DispatcherServlet.doDispatch(DispatcherServlet.java:1081)
	at org.springframework.web.servlet.DispatcherServlet.doService(DispatcherServlet.java:974)
	at org.springframework.web.servlet.FrameworkServlet.processRequest(FrameworkServlet.java:1014)
	at org.springframework.web.servlet.FrameworkServlet.doPost(FrameworkServlet.java:914)
	at jakarta.servlet.http.HttpServlet.service(HttpServlet.java:590)
	at org.springframework.web.servlet.FrameworkServlet.service(FrameworkServlet.java:885)
	at jakarta.servlet.http.HttpServlet.service(HttpServlet.java:658)
	at org.apache.catalina.core.ApplicationFilterChain.internalDoFilter(ApplicationFilterChain.java:205)
	at org.apache.catalina.core.ApplicationFilterChain.doFilter(ApplicationFilterChain.java:149)
	at org.apache.tomcat.websocket.server.WsFilter.doFilter(WsFilter.java:51)
	at org.apache.catalina.core.ApplicationFilterChain.internalDoFilter(ApplicationFilterChain.java:174)
	at org.apache.catalina.core.ApplicationFilterChain.doFilter(ApplicationFilterChain.java:149)
	at org.springframework.web.filter.RequestContextFilter.doFilterInternal(RequestContextFilter.java:100)
	at org.springframework.web.filter.OncePerRequestFilter.doFilter(OncePerRequestFilter.java:116)
	at org.apache.catalina.core.ApplicationFilterChain.internalDoFilter(ApplicationFilterChain.java:174)
	at org.apache.catalina.core.ApplicationFilterChain.doFilter(ApplicationFilterChain.java:149)
	at org.springframework.web.filter.FormContentFilter.doFilterInternal(FormContentFilter.java:93)
	at org.springframework.web.filter.OncePerRequestFilter.doFilter(OncePerRequestFilter.java:116)
	at org.apache.catalina.core.ApplicationFilterChain.internalDoFilter(ApplicationFilterChain.java:174)
	at org.apache.catalina.core.ApplicationFilterChain.doFilter(ApplicationFilterChain.java:149)
	at org.springframework.web.filter.CharacterEncodingFilter.doFilterInternal(CharacterEncodingFilter.java:201)
	at org.springframework.web.filter.OncePerRequestFilter.doFilter(OncePerRequestFilter.java:116)
	at org.apache.catalina.core.ApplicationFilterChain.internalDoFilter(ApplicationFilterChain.java:174)
	at org.apache.catalina.core.ApplicationFilterChain.doFilter(ApplicationFilterChain.java:149)
	at org.apache.catalina.core.StandardWrapperValve.invoke(StandardWrapperValve.java:167)
	at org.apache.catalina.core.StandardContextValve.invoke(StandardContextValve.java:90)
	at org.apache.catalina.authenticator.AuthenticatorBase.invoke(AuthenticatorBase.java:482)
	at org.apache.catalina.core.StandardHostValve.invoke(StandardHostValve.java:115)
	at org.apache.catalina.valves.ErrorReportValve.invoke(ErrorReportValve.java:93)
	at org.apache.catalina.core.StandardEngineValve.invoke(StandardEngineValve.java:74)
	at org.apache.catalina.connector.CoyoteAdapter.service(CoyoteAdapter.java:340)
	at org.apache.coyote.http11.Http11Processor.service(Http11Processor.java:391)
	at org.apache.coyote.AbstractProcessorLight.process(AbstractProcessorLight.java:63)
	at org.apache.coyote.AbstractProtocol$ConnectionHandler.process(AbstractProtocol.java:896)
	at org.apache.tomcat.util.net.NioEndpoint$SocketProcessor.doRun(NioEndpoint.java:1744)
	at org.apache.tomcat.util.net.SocketProcessorBase.run(SocketProcessorBase.java:52)
	at org.apache.tomcat.util.threads.ThreadPoolExecutor.runWorker(ThreadPoolExecutor.java:1191)
	at org.apache.tomcat.util.threads.ThreadPoolExecutor$Worker.run(ThreadPoolExecutor.java:659)
	at org.apache.tomcat.util.threads.TaskThread$WrappingRunnable.run(TaskThread.java:61)
	at java.base/java.lang.Thread.run(Thread.java:833)
 
ERROR 14:37:40.213 - - o.a.c.c.C.[.[.[.[dispatcherServlet] - Servlet.service() for servlet [dispatcherServlet] in context with path [] threw exception [Request processing failed: java.lang.IndexOutOfBoundsException: Index 2 out of bounds for length 2] with root cause java.lang.IndexOutOfBoundsException: Index 2 out of bounds for length 2
	at java.base/jdk.internal.util.Preconditions.outOfBounds(Preconditions.java:64)
	at java.base/jdk.internal.util.Preconditions.outOfBoundsCheckIndex(Preconditions.java:70)
	at java.base/jdk.internal.util.Preconditions.checkIndex(Preconditions.java:266)
	at java.base/java.util.Objects.checkIndex(Objects.java:359)
	at java.base/java.util.ArrayList.get(ArrayList.java:427)
	at loadrover.api.io.domain.scenario.ScenarioService.createScenario(ScenarioService.kt:100)
	at loadrover.api.io.domain.scenario.ScenarioController.createScenario(ScenarioController.kt:16)
	at java.base/jdk.internal.reflect.NativeMethodAccessorImpl.invoke0(Native Method)
	at java.base/jdk.internal.reflect.NativeMethodAccessorImpl.invoke(NativeMethodAccessorImpl.java:77)
	at java.base/jdk.internal.reflect.DelegatingMethodAccessorImpl.invoke(DelegatingMethodAccessorImpl.java:43)
	at java.base/java.lang.reflect.Method.invoke(Method.java:568)
	at org.springframework.web.method.support.InvocableHandlerMethod.doInvoke(InvocableHandlerMethod.java:205)
	at org.springframework.web.method.support.InvocableHandlerMethod.invokeForRequest(InvocableHandlerMethod.java:150)
	at org.springframework.web.servlet.mvc.method.annotation.ServletInvocableHandlerMethod.invokeAndHandle(ServletInvocableHandlerMethod.java:118)
	at org.springframework.web.servlet.mvc.method.annotation.RequestMappingHandlerAdapter.invokeHandlerMethod(RequestMappingHandlerAdapter.java:884)
	at org.springframework.web.servlet.mvc.method.annotation.RequestMappingHandlerAdapter.handleInternal(RequestMappingHandlerAdapter.java:797)
	at org.springframework.web.servlet.mvc.method.AbstractHandlerMethodAdapter.handle(AbstractHandlerMethodAdapter.java:87)
	at org.springframework.web.servlet.DispatcherServlet.doDispatch(DispatcherServlet.java:1081)
	at org.springframework.web.servlet.DispatcherServlet.doService(DispatcherServlet.java:974)
	at org.springframework.web.servlet.FrameworkServlet.processRequest(FrameworkServlet.java:1014)
	at org.springframework.web.servlet.FrameworkServlet.doPost(FrameworkServlet.java:914)
	at jakarta.servlet.http.HttpServlet.service(HttpServlet.java:590)
	at org.springframework.web.servlet.FrameworkServlet.service(FrameworkServlet.java:885)
	at jakarta.servlet.http.HttpServlet.service(HttpServlet.java:658)
	at org.apache.catalina.core.ApplicationFilterChain.internalDoFilter(ApplicationFilterChain.java:205)
	at org.apache.catalina.core.ApplicationFilterChain.doFilter(ApplicationFilterChain.java:149)
	at org.apache.tomcat.websocket.server.WsFilter.doFilter(WsFilter.java:51)
	at org.apache.catalina.core.ApplicationFilterChain.internalDoFilter(ApplicationFilterChain.java:174)
	at org.apache.catalina.core.ApplicationFilterChain.doFilter(ApplicationFilterChain.java:149)
	at org.springframework.web.filter.RequestContextFilter.doFilterInternal(RequestContextFilter.java:100)
	at org.springframework.web.filter.OncePerRequestFilter.doFilter(OncePerRequestFilter.java:116)
	at org.apache.catalina.core.ApplicationFilterChain.internalDoFilter(ApplicationFilterChain.java:174)
	at org.apache.catalina.core.ApplicationFilterChain.doFilter(ApplicationFilterChain.java:149)
	at org.springframework.web.filter.FormContentFilter.doFilterInternal(FormContentFilter.java:93)
	at org.springframework.web.filter.OncePerRequestFilter.doFilter(OncePerRequestFilter.java:116)
	at org.apache.catalina.core.ApplicationFilterChain.internalDoFilter(ApplicationFilterChain.java:174)
	at org.apache.catalina.core.ApplicationFilterChain.doFilter(ApplicationFilterChain.java:149)
	at org.springframework.web.filter.CharacterEncodingFilter.doFilterInternal(CharacterEncodingFilter.java:201)
	at org.springframework.web.filter.OncePerRequestFilter.doFilter(OncePerRequestFilter.java:116)
	at org.apache.catalina.core.ApplicationFilterChain.internalDoFilter(ApplicationFilterChain.java:174)
	at org.apache.catalina.core.ApplicationFilterChain.doFilter(ApplicationFilterChain.java:149)
	at org.apache.catalina.core.StandardWrapperValve.invoke(StandardWrapperValve.java:167)
	at org.apache.catalina.core.StandardContextValve.invoke(StandardContextValve.java:90)
	at org.apache.catalina.authenticator.AuthenticatorBase.invoke(AuthenticatorBase.java:482)
	at org.apache.catalina.core.StandardHostValve.invoke(StandardHostValve.java:115)
	at org.apache.catalina.valves.ErrorReportValve.invoke(ErrorReportValve.java:93)
	at org.apache.catalina.core.StandardEngineValve.invoke(StandardEngineValve.java:74)
	at org.apache.catalina.connector.CoyoteAdapter.service(CoyoteAdapter.java:340)
	at org.apache.coyote.http11.Http11Processor.service(Http11Processor.java:391)
	at org.apache.coyote.AbstractProcessorLight.process(AbstractProcessorLight.java:63)
	at org.apache.coyote.AbstractProtocol$ConnectionHandler.process(AbstractProtocol.java:896)
	at org.apache.tomcat.util.net.NioEndpoint$SocketProcessor.doRun(NioEndpoint.java:1744)
	at org.apache.tomcat.util.net.SocketProcessorBase.run(SocketProcessorBase.java:52)
	at org.apache.tomcat.util.threads.ThreadPoolExecutor.runWorker(ThreadPoolExecutor.java:1191)
	at org.apache.tomcat.util.threads.ThreadPoolExecutor$Worker.run(ThreadPoolExecutor.java:659)
	at org.apache.tomcat.util.threads.TaskThread$WrappingRunnable.run(TaskThread.java:61)
	at java.base/java.lang.Thread.run(Thread.java:833)
 
ERROR 14:37:47.341 - - o.a.c.c.C.[.[.[.[dispatcherServlet] - Servlet.service() for servlet [dispatcherServlet] in context with path [] threw exception [Request processing failed: java.lang.IndexOutOfBoundsException: Index 2 out of bounds for length 2] with root cause java.lang.IndexOutOfBoundsException: Index 2 out of bounds for length 2
	at java.base/jdk.internal.util.Preconditions.outOfBounds(Preconditions.java:64)
	at java.base/jdk.internal.util.Preconditions.outOfBoundsCheckIndex(Preconditions.java:70)
	at java.base/jdk.internal.util.Preconditions.checkIndex(Preconditions.java:266)
	at java.base/java.util.Objects.checkIndex(Objects.java:359)
	at java.base/java.util.ArrayList.get(ArrayList.java:427)
	at loadrover.api.io.domain.scenario.ScenarioService.createScenario(ScenarioService.kt:100)
	at loadrover.api.io.domain.scenario.ScenarioController.createScenario(ScenarioController.kt:16)
	at java.base/jdk.internal.reflect.NativeMethodAccessorImpl.invoke0(Native Method)
	at java.base/jdk.internal.reflect.NativeMethodAccessorImpl.invoke(NativeMethodAccessorImpl.java:77)
	at java.base/jdk.internal.reflect.DelegatingMethodAccessorImpl.invoke(DelegatingMethodAccessorImpl.java:43)
	at java.base/java.lang.reflect.Method.invoke(Method.java:568)
	at org.springframework.web.method.support.InvocableHandlerMethod.doInvoke(InvocableHandlerMethod.java:205)
	at org.springframework.web.method.support.InvocableHandlerMethod.invokeForRequest(InvocableHandlerMethod.java:150)
	at org.springframework.web.servlet.mvc.method.annotation.ServletInvocableHandlerMethod.invokeAndHandle(ServletInvocableHandlerMethod.java:118)
	at org.springframework.web.servlet.mvc.method.annotation.RequestMappingHandlerAdapter.invokeHandlerMethod(RequestMappingHandlerAdapter.java:884)
	at org.springframework.web.servlet.mvc.method.annotation.RequestMappingHandlerAdapter.handleInternal(RequestMappingHandlerAdapter.java:797)
	at org.springframework.web.servlet.mvc.method.AbstractHandlerMethodAdapter.handle(AbstractHandlerMethodAdapter.java:87)
	at org.springframework.web.servlet.DispatcherServlet.doDispatch(DispatcherServlet.java:1081)
	at org.springframework.web.servlet.DispatcherServlet.doService(DispatcherServlet.java:974)
	at org.springframework.web.servlet.FrameworkServlet.processRequest(FrameworkServlet.java:1014)
	at org.springframework.web.servlet.FrameworkServlet.doPost(FrameworkServlet.java:914)
	at jakarta.servlet.http.HttpServlet.service(HttpServlet.java:590)
	at org.springframework.web.servlet.FrameworkServlet.service(FrameworkServlet.java:885)
	at jakarta.servlet.http.HttpServlet.service(HttpServlet.java:658)
	at org.apache.catalina.core.ApplicationFilterChain.internalDoFilter(ApplicationFilterChain.java:205)
	at org.apache.catalina.core.ApplicationFilterChain.doFilter(ApplicationFilterChain.java:149)
	at org.apache.tomcat.websocket.server.WsFilter.doFilter(WsFilter.java:51)
	at org.apache.catalina.core.ApplicationFilterChain.internalDoFilter(ApplicationFilterChain.java:174)
	at org.apache.catalina.core.ApplicationFilterChain.doFilter(ApplicationFilterChain.java:149)
	at org.springframework.web.filter.RequestContextFilter.doFilterInternal(RequestContextFilter.java:100)
	at org.springframework.web.filter.OncePerRequestFilter.doFilter(OncePerRequestFilter.java:116)
	at org.apache.catalina.core.ApplicationFilterChain.internalDoFilter(ApplicationFilterChain.java:174)
	at org.apache.catalina.core.ApplicationFilterChain.doFilter(ApplicationFilterChain.java:149)
	at org.springframework.web.filter.FormContentFilter.doFilterInternal(FormContentFilter.java:93)
	at org.springframework.web.filter.OncePerRequestFilter.doFilter(OncePerRequestFilter.java:116)
	at org.apache.catalina.core.ApplicationFilterChain.internalDoFilter(ApplicationFilterChain.java:174)
	at org.apache.catalina.core.ApplicationFilterChain.doFilter(ApplicationFilterChain.java:149)
	at org.springframework.web.filter.CharacterEncodingFilter.doFilterInternal(CharacterEncodingFilter.java:201)
	at org.springframework.web.filter.OncePerRequestFilter.doFilter(OncePerRequestFilter.java:116)
	at org.apache.catalina.core.ApplicationFilterChain.internalDoFilter(ApplicationFilterChain.java:174)
	at org.apache.catalina.core.ApplicationFilterChain.doFilter(ApplicationFilterChain.java:149)
	at org.apache.catalina.core.StandardWrapperValve.invoke(StandardWrapperValve.java:167)
	at org.apache.catalina.core.StandardContextValve.invoke(StandardContextValve.java:90)
	at org.apache.catalina.authenticator.AuthenticatorBase.invoke(AuthenticatorBase.java:482)
	at org.apache.catalina.core.StandardHostValve.invoke(StandardHostValve.java:115)
	at org.apache.catalina.valves.ErrorReportValve.invoke(ErrorReportValve.java:93)
	at org.apache.catalina.core.StandardEngineValve.invoke(StandardEngineValve.java:74)
	at org.apache.catalina.connector.CoyoteAdapter.service(CoyoteAdapter.java:340)
	at org.apache.coyote.http11.Http11Processor.service(Http11Processor.java:391)
	at org.apache.coyote.AbstractProcessorLight.process(AbstractProcessorLight.java:63)
	at org.apache.coyote.AbstractProtocol$ConnectionHandler.process(AbstractProtocol.java:896)
	at org.apache.tomcat.util.net.NioEndpoint$SocketProcessor.doRun(NioEndpoint.java:1744)
	at org.apache.tomcat.util.net.SocketProcessorBase.run(SocketProcessorBase.java:52)
	at org.apache.tomcat.util.threads.ThreadPoolExecutor.runWorker(ThreadPoolExecutor.java:1191)
	at org.apache.tomcat.util.threads.ThreadPoolExecutor$Worker.run(ThreadPoolExecutor.java:659)
	at org.apache.tomcat.util.threads.TaskThread$WrappingRunnable.run(TaskThread.java:61)
	at java.base/java.lang.Thread.run(Thread.java:833)
 
DEBUG 14:38:01.931 - - l.a.i.d.s.SimulationScheduler - Check simulation result: 2024-02-01T14:38:01.535141  
ERROR 14:38:47.805 - - o.a.c.c.C.[.[.[.[dispatcherServlet] - Servlet.service() for servlet [dispatcherServlet] in context with path [] threw exception [Request processing failed: java.lang.IndexOutOfBoundsException: Index 2 out of bounds for length 2] with root cause java.lang.IndexOutOfBoundsException: Index 2 out of bounds for length 2
	at java.base/jdk.internal.util.Preconditions.outOfBounds(Preconditions.java:64)
	at java.base/jdk.internal.util.Preconditions.outOfBoundsCheckIndex(Preconditions.java:70)
	at java.base/jdk.internal.util.Preconditions.checkIndex(Preconditions.java:266)
	at java.base/java.util.Objects.checkIndex(Objects.java:359)
	at java.base/java.util.ArrayList.get(ArrayList.java:427)
	at loadrover.api.io.domain.scenario.ScenarioService.createScenario(ScenarioService.kt:100)
	at loadrover.api.io.domain.scenario.ScenarioController.createScenario(ScenarioController.kt:16)
	at java.base/jdk.internal.reflect.NativeMethodAccessorImpl.invoke0(Native Method)
	at java.base/jdk.internal.reflect.NativeMethodAccessorImpl.invoke(NativeMethodAccessorImpl.java:77)
	at java.base/jdk.internal.reflect.DelegatingMethodAccessorImpl.invoke(DelegatingMethodAccessorImpl.java:43)
	at java.base/java.lang.reflect.Method.invoke(Method.java:568)
	at org.springframework.web.method.support.InvocableHandlerMethod.doInvoke(InvocableHandlerMethod.java:205)
	at org.springframework.web.method.support.InvocableHandlerMethod.invokeForRequest(InvocableHandlerMethod.java:150)
	at org.springframework.web.servlet.mvc.method.annotation.ServletInvocableHandlerMethod.invokeAndHandle(ServletInvocableHandlerMethod.java:118)
	at org.springframework.web.servlet.mvc.method.annotation.RequestMappingHandlerAdapter.invokeHandlerMethod(RequestMappingHandlerAdapter.java:884)
	at org.springframework.web.servlet.mvc.method.annotation.RequestMappingHandlerAdapter.handleInternal(RequestMappingHandlerAdapter.java:797)
	at org.springframework.web.servlet.mvc.method.AbstractHandlerMethodAdapter.handle(AbstractHandlerMethodAdapter.java:87)
	at org.springframework.web.servlet.DispatcherServlet.doDispatch(DispatcherServlet.java:1081)
	at org.springframework.web.servlet.DispatcherServlet.doService(DispatcherServlet.java:974)
	at org.springframework.web.servlet.FrameworkServlet.processRequest(FrameworkServlet.java:1014)
	at org.springframework.web.servlet.FrameworkServlet.doPost(FrameworkServlet.java:914)
	at jakarta.servlet.http.HttpServlet.service(HttpServlet.java:590)
	at org.springframework.web.servlet.FrameworkServlet.service(FrameworkServlet.java:885)
	at jakarta.servlet.http.HttpServlet.service(HttpServlet.java:658)
	at org.apache.catalina.core.ApplicationFilterChain.internalDoFilter(ApplicationFilterChain.java:205)
	at org.apache.catalina.core.ApplicationFilterChain.doFilter(ApplicationFilterChain.java:149)
	at org.apache.tomcat.websocket.server.WsFilter.doFilter(WsFilter.java:51)
	at org.apache.catalina.core.ApplicationFilterChain.internalDoFilter(ApplicationFilterChain.java:174)
	at org.apache.catalina.core.ApplicationFilterChain.doFilter(ApplicationFilterChain.java:149)
	at org.springframework.web.filter.RequestContextFilter.doFilterInternal(RequestContextFilter.java:100)
	at org.springframework.web.filter.OncePerRequestFilter.doFilter(OncePerRequestFilter.java:116)
	at org.apache.catalina.core.ApplicationFilterChain.internalDoFilter(ApplicationFilterChain.java:174)
	at org.apache.catalina.core.ApplicationFilterChain.doFilter(ApplicationFilterChain.java:149)
	at org.springframework.web.filter.FormContentFilter.doFilterInternal(FormContentFilter.java:93)
	at org.springframework.web.filter.OncePerRequestFilter.doFilter(OncePerRequestFilter.java:116)
	at org.apache.catalina.core.ApplicationFilterChain.internalDoFilter(ApplicationFilterChain.java:174)
	at org.apache.catalina.core.ApplicationFilterChain.doFilter(ApplicationFilterChain.java:149)
	at org.springframework.web.filter.CharacterEncodingFilter.doFilterInternal(CharacterEncodingFilter.java:201)
	at org.springframework.web.filter.OncePerRequestFilter.doFilter(OncePerRequestFilter.java:116)
	at org.apache.catalina.core.ApplicationFilterChain.internalDoFilter(ApplicationFilterChain.java:174)
	at org.apache.catalina.core.ApplicationFilterChain.doFilter(ApplicationFilterChain.java:149)
	at org.apache.catalina.core.StandardWrapperValve.invoke(StandardWrapperValve.java:167)
	at org.apache.catalina.core.StandardContextValve.invoke(StandardContextValve.java:90)
	at org.apache.catalina.authenticator.AuthenticatorBase.invoke(AuthenticatorBase.java:482)
	at org.apache.catalina.core.StandardHostValve.invoke(StandardHostValve.java:115)
	at org.apache.catalina.valves.ErrorReportValve.invoke(ErrorReportValve.java:93)
	at org.apache.catalina.core.StandardEngineValve.invoke(StandardEngineValve.java:74)
	at org.apache.catalina.connector.CoyoteAdapter.service(CoyoteAdapter.java:340)
	at org.apache.coyote.http11.Http11Processor.service(Http11Processor.java:391)
	at org.apache.coyote.AbstractProcessorLight.process(AbstractProcessorLight.java:63)
	at org.apache.coyote.AbstractProtocol$ConnectionHandler.process(AbstractProtocol.java:896)
	at org.apache.tomcat.util.net.NioEndpoint$SocketProcessor.doRun(NioEndpoint.java:1744)
	at org.apache.tomcat.util.net.SocketProcessorBase.run(SocketProcessorBase.java:52)
	at org.apache.tomcat.util.threads.ThreadPoolExecutor.runWorker(ThreadPoolExecutor.java:1191)
	at org.apache.tomcat.util.threads.ThreadPoolExecutor$Worker.run(ThreadPoolExecutor.java:659)
	at org.apache.tomcat.util.threads.TaskThread$WrappingRunnable.run(TaskThread.java:61)
	at java.base/java.lang.Thread.run(Thread.java:833)
 
DEBUG 14:39:00.022 - - l.a.i.d.s.SimulationScheduler - Check simulation result: 2024-02-01T14:39:00.022854  
DEBUG 14:40:01.842 - - l.a.i.d.s.SimulationScheduler - Check simulation result: 2024-02-01T14:40:01.841735  
ERROR 14:40:47.916 - - o.a.c.c.C.[.[.[.[dispatcherServlet] - Servlet.service() for servlet [dispatcherServlet] in context with path [] threw exception [Request processing failed: java.lang.IndexOutOfBoundsException: Index 2 out of bounds for length 2] with root cause java.lang.IndexOutOfBoundsException: Index 2 out of bounds for length 2
	at java.base/jdk.internal.util.Preconditions.outOfBounds(Preconditions.java:64)
	at java.base/jdk.internal.util.Preconditions.outOfBoundsCheckIndex(Preconditions.java:70)
	at java.base/jdk.internal.util.Preconditions.checkIndex(Preconditions.java:266)
	at java.base/java.util.Objects.checkIndex(Objects.java:359)
	at java.base/java.util.ArrayList.get(ArrayList.java:427)
	at loadrover.api.io.domain.scenario.ScenarioService.createScenario(ScenarioService.kt:100)
	at loadrover.api.io.domain.scenario.ScenarioController.createScenario(ScenarioController.kt:16)
	at java.base/jdk.internal.reflect.NativeMethodAccessorImpl.invoke0(Native Method)
	at java.base/jdk.internal.reflect.NativeMethodAccessorImpl.invoke(NativeMethodAccessorImpl.java:77)
	at java.base/jdk.internal.reflect.DelegatingMethodAccessorImpl.invoke(DelegatingMethodAccessorImpl.java:43)
	at java.base/java.lang.reflect.Method.invoke(Method.java:568)
	at org.springframework.web.method.support.InvocableHandlerMethod.doInvoke(InvocableHandlerMethod.java:205)
	at org.springframework.web.method.support.InvocableHandlerMethod.invokeForRequest(InvocableHandlerMethod.java:150)
	at org.springframework.web.servlet.mvc.method.annotation.ServletInvocableHandlerMethod.invokeAndHandle(ServletInvocableHandlerMethod.java:118)
	at org.springframework.web.servlet.mvc.method.annotation.RequestMappingHandlerAdapter.invokeHandlerMethod(RequestMappingHandlerAdapter.java:884)
	at org.springframework.web.servlet.mvc.method.annotation.RequestMappingHandlerAdapter.handleInternal(RequestMappingHandlerAdapter.java:797)
	at org.springframework.web.servlet.mvc.method.AbstractHandlerMethodAdapter.handle(AbstractHandlerMethodAdapter.java:87)
	at org.springframework.web.servlet.DispatcherServlet.doDispatch(DispatcherServlet.java:1081)
	at org.springframework.web.servlet.DispatcherServlet.doService(DispatcherServlet.java:974)
	at org.springframework.web.servlet.FrameworkServlet.processRequest(FrameworkServlet.java:1014)
	at org.springframework.web.servlet.FrameworkServlet.doPost(FrameworkServlet.java:914)
	at jakarta.servlet.http.HttpServlet.service(HttpServlet.java:590)
	at org.springframework.web.servlet.FrameworkServlet.service(FrameworkServlet.java:885)
	at jakarta.servlet.http.HttpServlet.service(HttpServlet.java:658)
	at org.apache.catalina.core.ApplicationFilterChain.internalDoFilter(ApplicationFilterChain.java:205)
	at org.apache.catalina.core.ApplicationFilterChain.doFilter(ApplicationFilterChain.java:149)
	at org.apache.tomcat.websocket.server.WsFilter.doFilter(WsFilter.java:51)
	at org.apache.catalina.core.ApplicationFilterChain.internalDoFilter(ApplicationFilterChain.java:174)
	at org.apache.catalina.core.ApplicationFilterChain.doFilter(ApplicationFilterChain.java:149)
	at org.springframework.web.filter.RequestContextFilter.doFilterInternal(RequestContextFilter.java:100)
	at org.springframework.web.filter.OncePerRequestFilter.doFilter(OncePerRequestFilter.java:116)
	at org.apache.catalina.core.ApplicationFilterChain.internalDoFilter(ApplicationFilterChain.java:174)
	at org.apache.catalina.core.ApplicationFilterChain.doFilter(ApplicationFilterChain.java:149)
	at org.springframework.web.filter.FormContentFilter.doFilterInternal(FormContentFilter.java:93)
	at org.springframework.web.filter.OncePerRequestFilter.doFilter(OncePerRequestFilter.java:116)
	at org.apache.catalina.core.ApplicationFilterChain.internalDoFilter(ApplicationFilterChain.java:174)
	at org.apache.catalina.core.ApplicationFilterChain.doFilter(ApplicationFilterChain.java:149)
	at org.springframework.web.filter.CharacterEncodingFilter.doFilterInternal(CharacterEncodingFilter.java:201)
	at org.springframework.web.filter.OncePerRequestFilter.doFilter(OncePerRequestFilter.java:116)
	at org.apache.catalina.core.ApplicationFilterChain.internalDoFilter(ApplicationFilterChain.java:174)
	at org.apache.catalina.core.ApplicationFilterChain.doFilter(ApplicationFilterChain.java:149)
	at org.apache.catalina.core.StandardWrapperValve.invoke(StandardWrapperValve.java:167)
	at org.apache.catalina.core.StandardContextValve.invoke(StandardContextValve.java:90)
	at org.apache.catalina.authenticator.AuthenticatorBase.invoke(AuthenticatorBase.java:482)
	at org.apache.catalina.core.StandardHostValve.invoke(StandardHostValve.java:115)
	at org.apache.catalina.valves.ErrorReportValve.invoke(ErrorReportValve.java:93)
	at org.apache.catalina.core.StandardEngineValve.invoke(StandardEngineValve.java:74)
	at org.apache.catalina.connector.CoyoteAdapter.service(CoyoteAdapter.java:340)
	at org.apache.coyote.http11.Http11Processor.service(Http11Processor.java:391)
	at org.apache.coyote.AbstractProcessorLight.process(AbstractProcessorLight.java:63)
	at org.apache.coyote.AbstractProtocol$ConnectionHandler.process(AbstractProtocol.java:896)
	at org.apache.tomcat.util.net.NioEndpoint$SocketProcessor.doRun(NioEndpoint.java:1744)
	at org.apache.tomcat.util.net.SocketProcessorBase.run(SocketProcessorBase.java:52)
	at org.apache.tomcat.util.threads.ThreadPoolExecutor.runWorker(ThreadPoolExecutor.java:1191)
	at org.apache.tomcat.util.threads.ThreadPoolExecutor$Worker.run(ThreadPoolExecutor.java:659)
	at org.apache.tomcat.util.threads.TaskThread$WrappingRunnable.run(TaskThread.java:61)
	at java.base/java.lang.Thread.run(Thread.java:833)
 
INFO  14:40:49.756 - - loadrover.api.io.ApiApplicationKt - Starting ApiApplicationKt using Java 17.0.5 with PID 56264 (/Users/sasha/IdeaProjects/2bytes.loadrover-server/api/build/classes/kotlin/main started by sasha in /Users/sasha/IdeaProjects/2bytes.loadrover-server)  
DEBUG 14:40:49.758 - - loadrover.api.io.ApiApplicationKt - Running with Spring Boot v3.1.7, Spring v6.0.15  
INFO  14:40:49.758 - - loadrover.api.io.ApiApplicationKt - The following 1 profile is active: "local"  
INFO  14:40:50.384 - - o.s.b.w.e.tomcat.TomcatWebServer - Tomcat initialized with port(s): 8800 (http)  
INFO  14:40:50.390 - - o.a.catalina.core.StandardService - Starting service [Tomcat]  
INFO  14:40:50.390 - - o.a.catalina.core.StandardEngine - Starting Servlet engine: [Apache Tomcat/10.1.17]  
INFO  14:40:50.438 - - o.a.c.c.C.[Tomcat].[localhost].[/] - Initializing Spring embedded WebApplicationContext  
INFO  14:40:50.439 - - o.s.b.w.s.c.ServletWebServerApplicationContext - Root WebApplicationContext: initialization completed in 649 ms  
DEBUG 14:40:50.612 - - _.s.w.s.HandlerMapping.Mappings - 
	l.a.i.d.s.ScenarioController:
	{POST [/scenario]}: createScenario(RequestScenarioDto)
	{GET [/scenario/list]}: getScenarioList()  
DEBUG 14:40:50.614 - - _.s.w.s.HandlerMapping.Mappings - 
	l.a.i.d.s.SimulationController:
	{POST [/simulation/run]}: runSimulation(RunSimulationRequest)
	{GET [/simulation/{scenarioId}]}: getSimulationResult(String)  
DEBUG 14:40:50.614 - - _.s.w.s.HandlerMapping.Mappings - 
	l.a.i.i.HealthCheckController:
	{GET [/health-check]}: healthCheck()  
DEBUG 14:40:50.615 - - _.s.w.s.HandlerMapping.Mappings - 
	o.s.b.a.w.s.e.BasicErrorController:
	{ [/error]}: error(HttpServletRequest)
	{ [/error], produces [text/html]}: errorHtml(HttpServletRequest,HttpServletResponse)  
DEBUG 14:40:50.616 - - _.s.w.s.HandlerMapping.Mappings - 
	o.s.w.a.MultipleOpenApiWebMvcResource:
	{GET [/api-docs/{group}], produces [application/json]}: openapiJson(HttpServletRequest,String,String,Locale)
	{GET [/api-docs.yaml/{group}], produces [application/vnd.oai.openapi]}: openapiYaml(HttpServletRequest,String,String,Locale)  
DEBUG 14:40:50.619 - - _.s.w.s.HandlerMapping.Mappings - 
	o.s.w.a.OpenApiWebMvcResource:
	{GET [/api-docs], produces [application/json]}: openapiJson(HttpServletRequest,String,Locale)
	{GET [/api-docs.yaml], produces [application/vnd.oai.openapi]}: openapiYaml(HttpServletRequest,String,Locale)  
DEBUG 14:40:50.619 - - _.s.w.s.HandlerMapping.Mappings - 
	o.s.w.u.SwaggerWelcomeWebMvc:
	{GET [/swagger-ui.html]}: redirectToUi(HttpServletRequest)  
DEBUG 14:40:50.620 - - _.s.w.s.HandlerMapping.Mappings - 
	o.s.w.u.SwaggerConfigResource:
	{GET [/api-docs/swagger-config], produces [application/json]}: openapiJson(HttpServletRequest)  
DEBUG 14:40:50.623 - - _.s.w.s.HandlerMapping.Mappings - 'beanNameHandlerMapping' {}  
DEBUG 14:40:50.791 - - _.s.w.s.HandlerMapping.Mappings - 'resourceHandlerMapping' {/webjars/**=ResourceHttpRequestHandler [classpath [META-INF/resources/webjars/]], /**=ResourceHttpRequestHandler [classpath [META-INF/resources/], classpath [resources/], classpath [static/], classpath [public/], ServletContext [/]], /swagger-ui*/*swagger-initializer.js=ResourceHttpRequestHandler [classpath [META-INF/resources/webjars/]], /swagger-ui*/**=ResourceHttpRequestHandler [classpath [META-INF/resources/webjars/]]}  
WARN  14:40:50.808 - - o.s.b.a.m.MustacheAutoConfiguration - Cannot find template location: classpath:/templates/ (please add some templates, check your Mustache configuration, or set spring.mustache.check-template-location=false)  
INFO  14:40:50.860 - - o.s.b.w.e.tomcat.TomcatWebServer - Tomcat started on port(s): 8800 (http) with context path ''  
INFO  14:40:50.867 - - loadrover.api.io.ApiApplicationKt - Started ApiApplicationKt in 1.428 seconds (process running for 1.678)  
INFO  14:40:52.253 - - o.a.tomcat.util.http.parser.Cookie - A cookie header was received [g_state={"i_l":0};] that contained an invalid cookie. That cookie will be ignored.
 Note: further occurrences of this error will be logged at DEBUG level.  
INFO  14:40:52.259 - - o.a.c.c.C.[Tomcat].[localhost].[/] - Initializing Spring DispatcherServlet 'dispatcherServlet'  
INFO  14:40:52.259 - - o.s.web.servlet.DispatcherServlet - Initializing Servlet 'dispatcherServlet'  
INFO  14:40:52.260 - - o.s.web.servlet.DispatcherServlet - Completed initialization in 1 ms  
ERROR 14:40:52.452 - - o.a.c.c.C.[.[.[.[dispatcherServlet] - Servlet.service() for servlet [dispatcherServlet] in context with path [] threw exception [Request processing failed: java.lang.IndexOutOfBoundsException: Index -1 out of bounds for length 2] with root cause java.lang.IndexOutOfBoundsException: Index -1 out of bounds for length 2
	at java.base/jdk.internal.util.Preconditions.outOfBounds(Preconditions.java:64)
	at java.base/jdk.internal.util.Preconditions.outOfBoundsCheckIndex(Preconditions.java:70)
	at java.base/jdk.internal.util.Preconditions.checkIndex(Preconditions.java:266)
	at java.base/java.util.Objects.checkIndex(Objects.java:359)
	at java.base/java.util.ArrayList.get(ArrayList.java:427)
	at loadrover.api.io.domain.scenario.ScenarioService.createScenario(ScenarioService.kt:100)
	at loadrover.api.io.domain.scenario.ScenarioController.createScenario(ScenarioController.kt:16)
	at java.base/jdk.internal.reflect.NativeMethodAccessorImpl.invoke0(Native Method)
	at java.base/jdk.internal.reflect.NativeMethodAccessorImpl.invoke(NativeMethodAccessorImpl.java:77)
	at java.base/jdk.internal.reflect.DelegatingMethodAccessorImpl.invoke(DelegatingMethodAccessorImpl.java:43)
	at java.base/java.lang.reflect.Method.invoke(Method.java:568)
	at org.springframework.web.method.support.InvocableHandlerMethod.doInvoke(InvocableHandlerMethod.java:205)
	at org.springframework.web.method.support.InvocableHandlerMethod.invokeForRequest(InvocableHandlerMethod.java:150)
	at org.springframework.web.servlet.mvc.method.annotation.ServletInvocableHandlerMethod.invokeAndHandle(ServletInvocableHandlerMethod.java:118)
	at org.springframework.web.servlet.mvc.method.annotation.RequestMappingHandlerAdapter.invokeHandlerMethod(RequestMappingHandlerAdapter.java:884)
	at org.springframework.web.servlet.mvc.method.annotation.RequestMappingHandlerAdapter.handleInternal(RequestMappingHandlerAdapter.java:797)
	at org.springframework.web.servlet.mvc.method.AbstractHandlerMethodAdapter.handle(AbstractHandlerMethodAdapter.java:87)
	at org.springframework.web.servlet.DispatcherServlet.doDispatch(DispatcherServlet.java:1081)
	at org.springframework.web.servlet.DispatcherServlet.doService(DispatcherServlet.java:974)
	at org.springframework.web.servlet.FrameworkServlet.processRequest(FrameworkServlet.java:1014)
	at org.springframework.web.servlet.FrameworkServlet.doPost(FrameworkServlet.java:914)
	at jakarta.servlet.http.HttpServlet.service(HttpServlet.java:590)
	at org.springframework.web.servlet.FrameworkServlet.service(FrameworkServlet.java:885)
	at jakarta.servlet.http.HttpServlet.service(HttpServlet.java:658)
	at org.apache.catalina.core.ApplicationFilterChain.internalDoFilter(ApplicationFilterChain.java:205)
	at org.apache.catalina.core.ApplicationFilterChain.doFilter(ApplicationFilterChain.java:149)
	at org.apache.tomcat.websocket.server.WsFilter.doFilter(WsFilter.java:51)
	at org.apache.catalina.core.ApplicationFilterChain.internalDoFilter(ApplicationFilterChain.java:174)
	at org.apache.catalina.core.ApplicationFilterChain.doFilter(ApplicationFilterChain.java:149)
	at org.springframework.web.filter.RequestContextFilter.doFilterInternal(RequestContextFilter.java:100)
	at org.springframework.web.filter.OncePerRequestFilter.doFilter(OncePerRequestFilter.java:116)
	at org.apache.catalina.core.ApplicationFilterChain.internalDoFilter(ApplicationFilterChain.java:174)
	at org.apache.catalina.core.ApplicationFilterChain.doFilter(ApplicationFilterChain.java:149)
	at org.springframework.web.filter.FormContentFilter.doFilterInternal(FormContentFilter.java:93)
	at org.springframework.web.filter.OncePerRequestFilter.doFilter(OncePerRequestFilter.java:116)
	at org.apache.catalina.core.ApplicationFilterChain.internalDoFilter(ApplicationFilterChain.java:174)
	at org.apache.catalina.core.ApplicationFilterChain.doFilter(ApplicationFilterChain.java:149)
	at org.springframework.web.filter.CharacterEncodingFilter.doFilterInternal(CharacterEncodingFilter.java:201)
	at org.springframework.web.filter.OncePerRequestFilter.doFilter(OncePerRequestFilter.java:116)
	at org.apache.catalina.core.ApplicationFilterChain.internalDoFilter(ApplicationFilterChain.java:174)
	at org.apache.catalina.core.ApplicationFilterChain.doFilter(ApplicationFilterChain.java:149)
	at org.apache.catalina.core.StandardWrapperValve.invoke(StandardWrapperValve.java:167)
	at org.apache.catalina.core.StandardContextValve.invoke(StandardContextValve.java:90)
	at org.apache.catalina.authenticator.AuthenticatorBase.invoke(AuthenticatorBase.java:482)
	at org.apache.catalina.core.StandardHostValve.invoke(StandardHostValve.java:115)
	at org.apache.catalina.valves.ErrorReportValve.invoke(ErrorReportValve.java:93)
	at org.apache.catalina.core.StandardEngineValve.invoke(StandardEngineValve.java:74)
	at org.apache.catalina.connector.CoyoteAdapter.service(CoyoteAdapter.java:340)
	at org.apache.coyote.http11.Http11Processor.service(Http11Processor.java:391)
	at org.apache.coyote.AbstractProcessorLight.process(AbstractProcessorLight.java:63)
	at org.apache.coyote.AbstractProtocol$ConnectionHandler.process(AbstractProtocol.java:896)
	at org.apache.tomcat.util.net.NioEndpoint$SocketProcessor.doRun(NioEndpoint.java:1744)
	at org.apache.tomcat.util.net.SocketProcessorBase.run(SocketProcessorBase.java:52)
	at org.apache.tomcat.util.threads.ThreadPoolExecutor.runWorker(ThreadPoolExecutor.java:1191)
	at org.apache.tomcat.util.threads.ThreadPoolExecutor$Worker.run(ThreadPoolExecutor.java:659)
	at org.apache.tomcat.util.threads.TaskThread$WrappingRunnable.run(TaskThread.java:61)
	at java.base/java.lang.Thread.run(Thread.java:833)
 
DEBUG 14:41:00.030 - - l.a.i.d.s.SimulationScheduler - Check simulation result: 2024-02-01T14:41:00.030069  
ERROR 14:41:00.994 - - o.a.c.c.C.[.[.[.[dispatcherServlet] - Servlet.service() for servlet [dispatcherServlet] in context with path [] threw exception [Request processing failed: java.lang.IndexOutOfBoundsException: Index -1 out of bounds for length 2] with root cause java.lang.IndexOutOfBoundsException: Index -1 out of bounds for length 2
	at java.base/jdk.internal.util.Preconditions.outOfBounds(Preconditions.java:64)
	at java.base/jdk.internal.util.Preconditions.outOfBoundsCheckIndex(Preconditions.java:70)
	at java.base/jdk.internal.util.Preconditions.checkIndex(Preconditions.java:266)
	at java.base/java.util.Objects.checkIndex(Objects.java:359)
	at java.base/java.util.ArrayList.get(ArrayList.java:427)
	at loadrover.api.io.domain.scenario.ScenarioService.createScenario(ScenarioService.kt:100)
	at loadrover.api.io.domain.scenario.ScenarioController.createScenario(ScenarioController.kt:16)
	at java.base/jdk.internal.reflect.NativeMethodAccessorImpl.invoke0(Native Method)
	at java.base/jdk.internal.reflect.NativeMethodAccessorImpl.invoke(NativeMethodAccessorImpl.java:77)
	at java.base/jdk.internal.reflect.DelegatingMethodAccessorImpl.invoke(DelegatingMethodAccessorImpl.java:43)
	at java.base/java.lang.reflect.Method.invoke(Method.java:568)
	at org.springframework.web.method.support.InvocableHandlerMethod.doInvoke(InvocableHandlerMethod.java:205)
	at org.springframework.web.method.support.InvocableHandlerMethod.invokeForRequest(InvocableHandlerMethod.java:150)
	at org.springframework.web.servlet.mvc.method.annotation.ServletInvocableHandlerMethod.invokeAndHandle(ServletInvocableHandlerMethod.java:118)
	at org.springframework.web.servlet.mvc.method.annotation.RequestMappingHandlerAdapter.invokeHandlerMethod(RequestMappingHandlerAdapter.java:884)
	at org.springframework.web.servlet.mvc.method.annotation.RequestMappingHandlerAdapter.handleInternal(RequestMappingHandlerAdapter.java:797)
	at org.springframework.web.servlet.mvc.method.AbstractHandlerMethodAdapter.handle(AbstractHandlerMethodAdapter.java:87)
	at org.springframework.web.servlet.DispatcherServlet.doDispatch(DispatcherServlet.java:1081)
	at org.springframework.web.servlet.DispatcherServlet.doService(DispatcherServlet.java:974)
	at org.springframework.web.servlet.FrameworkServlet.processRequest(FrameworkServlet.java:1014)
	at org.springframework.web.servlet.FrameworkServlet.doPost(FrameworkServlet.java:914)
	at jakarta.servlet.http.HttpServlet.service(HttpServlet.java:590)
	at org.springframework.web.servlet.FrameworkServlet.service(FrameworkServlet.java:885)
	at jakarta.servlet.http.HttpServlet.service(HttpServlet.java:658)
	at org.apache.catalina.core.ApplicationFilterChain.internalDoFilter(ApplicationFilterChain.java:205)
	at org.apache.catalina.core.ApplicationFilterChain.doFilter(ApplicationFilterChain.java:149)
	at org.apache.tomcat.websocket.server.WsFilter.doFilter(WsFilter.java:51)
	at org.apache.catalina.core.ApplicationFilterChain.internalDoFilter(ApplicationFilterChain.java:174)
	at org.apache.catalina.core.ApplicationFilterChain.doFilter(ApplicationFilterChain.java:149)
	at org.springframework.web.filter.RequestContextFilter.doFilterInternal(RequestContextFilter.java:100)
	at org.springframework.web.filter.OncePerRequestFilter.doFilter(OncePerRequestFilter.java:116)
	at org.apache.catalina.core.ApplicationFilterChain.internalDoFilter(ApplicationFilterChain.java:174)
	at org.apache.catalina.core.ApplicationFilterChain.doFilter(ApplicationFilterChain.java:149)
	at org.springframework.web.filter.FormContentFilter.doFilterInternal(FormContentFilter.java:93)
	at org.springframework.web.filter.OncePerRequestFilter.doFilter(OncePerRequestFilter.java:116)
	at org.apache.catalina.core.ApplicationFilterChain.internalDoFilter(ApplicationFilterChain.java:174)
	at org.apache.catalina.core.ApplicationFilterChain.doFilter(ApplicationFilterChain.java:149)
	at org.springframework.web.filter.CharacterEncodingFilter.doFilterInternal(CharacterEncodingFilter.java:201)
	at org.springframework.web.filter.OncePerRequestFilter.doFilter(OncePerRequestFilter.java:116)
	at org.apache.catalina.core.ApplicationFilterChain.internalDoFilter(ApplicationFilterChain.java:174)
	at org.apache.catalina.core.ApplicationFilterChain.doFilter(ApplicationFilterChain.java:149)
	at org.apache.catalina.core.StandardWrapperValve.invoke(StandardWrapperValve.java:167)
	at org.apache.catalina.core.StandardContextValve.invoke(StandardContextValve.java:90)
	at org.apache.catalina.authenticator.AuthenticatorBase.invoke(AuthenticatorBase.java:482)
	at org.apache.catalina.core.StandardHostValve.invoke(StandardHostValve.java:115)
	at org.apache.catalina.valves.ErrorReportValve.invoke(ErrorReportValve.java:93)
	at org.apache.catalina.core.StandardEngineValve.invoke(StandardEngineValve.java:74)
	at org.apache.catalina.connector.CoyoteAdapter.service(CoyoteAdapter.java:340)
	at org.apache.coyote.http11.Http11Processor.service(Http11Processor.java:391)
	at org.apache.coyote.AbstractProcessorLight.process(AbstractProcessorLight.java:63)
	at org.apache.coyote.AbstractProtocol$ConnectionHandler.process(AbstractProtocol.java:896)
	at org.apache.tomcat.util.net.NioEndpoint$SocketProcessor.doRun(NioEndpoint.java:1744)
	at org.apache.tomcat.util.net.SocketProcessorBase.run(SocketProcessorBase.java:52)
	at org.apache.tomcat.util.threads.ThreadPoolExecutor.runWorker(ThreadPoolExecutor.java:1191)
	at org.apache.tomcat.util.threads.ThreadPoolExecutor$Worker.run(ThreadPoolExecutor.java:659)
	at org.apache.tomcat.util.threads.TaskThread$WrappingRunnable.run(TaskThread.java:61)
	at java.base/java.lang.Thread.run(Thread.java:833)
 
INFO  14:41:15.570 - - loadrover.api.io.ApiApplicationKt - Starting ApiApplicationKt using Java 17.0.5 with PID 56310 (/Users/sasha/IdeaProjects/2bytes.loadrover-server/api/build/classes/kotlin/main started by sasha in /Users/sasha/IdeaProjects/2bytes.loadrover-server)  
DEBUG 14:41:15.572 - - loadrover.api.io.ApiApplicationKt - Running with Spring Boot v3.1.7, Spring v6.0.15  
INFO  14:41:15.572 - - loadrover.api.io.ApiApplicationKt - The following 1 profile is active: "local"  
INFO  14:41:16.184 - - o.s.b.w.e.tomcat.TomcatWebServer - Tomcat initialized with port(s): 8800 (http)  
INFO  14:41:16.189 - - o.a.catalina.core.StandardService - Starting service [Tomcat]  
INFO  14:41:16.190 - - o.a.catalina.core.StandardEngine - Starting Servlet engine: [Apache Tomcat/10.1.17]  
INFO  14:41:16.238 - - o.a.c.c.C.[Tomcat].[localhost].[/] - Initializing Spring embedded WebApplicationContext  
INFO  14:41:16.239 - - o.s.b.w.s.c.ServletWebServerApplicationContext - Root WebApplicationContext: initialization completed in 636 ms  
DEBUG 14:41:16.414 - - _.s.w.s.HandlerMapping.Mappings - 
	l.a.i.d.s.ScenarioController:
	{POST [/scenario]}: createScenario(RequestScenarioDto)
	{GET [/scenario/list]}: getScenarioList()  
DEBUG 14:41:16.416 - - _.s.w.s.HandlerMapping.Mappings - 
	l.a.i.d.s.SimulationController:
	{POST [/simulation/run]}: runSimulation(RunSimulationRequest)
	{GET [/simulation/{scenarioId}]}: getSimulationResult(String)  
DEBUG 14:41:16.416 - - _.s.w.s.HandlerMapping.Mappings - 
	l.a.i.i.HealthCheckController:
	{GET [/health-check]}: healthCheck()  
DEBUG 14:41:16.417 - - _.s.w.s.HandlerMapping.Mappings - 
	o.s.b.a.w.s.e.BasicErrorController:
	{ [/error]}: error(HttpServletRequest)
	{ [/error], produces [text/html]}: errorHtml(HttpServletRequest,HttpServletResponse)  
DEBUG 14:41:16.418 - - _.s.w.s.HandlerMapping.Mappings - 
	o.s.w.a.MultipleOpenApiWebMvcResource:
	{GET [/api-docs/{group}], produces [application/json]}: openapiJson(HttpServletRequest,String,String,Locale)
	{GET [/api-docs.yaml/{group}], produces [application/vnd.oai.openapi]}: openapiYaml(HttpServletRequest,String,String,Locale)  
DEBUG 14:41:16.420 - - _.s.w.s.HandlerMapping.Mappings - 
	o.s.w.a.OpenApiWebMvcResource:
	{GET [/api-docs], produces [application/json]}: openapiJson(HttpServletRequest,String,Locale)
	{GET [/api-docs.yaml], produces [application/vnd.oai.openapi]}: openapiYaml(HttpServletRequest,String,Locale)  
DEBUG 14:41:16.421 - - _.s.w.s.HandlerMapping.Mappings - 
	o.s.w.u.SwaggerWelcomeWebMvc:
	{GET [/swagger-ui.html]}: redirectToUi(HttpServletRequest)  
DEBUG 14:41:16.421 - - _.s.w.s.HandlerMapping.Mappings - 
	o.s.w.u.SwaggerConfigResource:
	{GET [/api-docs/swagger-config], produces [application/json]}: openapiJson(HttpServletRequest)  
DEBUG 14:41:16.425 - - _.s.w.s.HandlerMapping.Mappings - 'beanNameHandlerMapping' {}  
DEBUG 14:41:16.713 - - _.s.w.s.HandlerMapping.Mappings - 'resourceHandlerMapping' {/webjars/**=ResourceHttpRequestHandler [classpath [META-INF/resources/webjars/]], /**=ResourceHttpRequestHandler [classpath [META-INF/resources/], classpath [resources/], classpath [static/], classpath [public/], ServletContext [/]], /swagger-ui*/*swagger-initializer.js=ResourceHttpRequestHandler [classpath [META-INF/resources/webjars/]], /swagger-ui*/**=ResourceHttpRequestHandler [classpath [META-INF/resources/webjars/]]}  
WARN  14:41:16.725 - - o.s.b.a.m.MustacheAutoConfiguration - Cannot find template location: classpath:/templates/ (please add some templates, check your Mustache configuration, or set spring.mustache.check-template-location=false)  
INFO  14:41:16.777 - - o.s.b.w.e.tomcat.TomcatWebServer - Tomcat started on port(s): 8800 (http) with context path ''  
INFO  14:41:16.785 - - loadrover.api.io.ApiApplicationKt - Started ApiApplicationKt in 1.49 seconds (process running for 1.772)  
INFO  14:41:19.241 - - o.a.tomcat.util.http.parser.Cookie - A cookie header was received [g_state={"i_l":0};] that contained an invalid cookie. That cookie will be ignored.
 Note: further occurrences of this error will be logged at DEBUG level.  
INFO  14:41:19.246 - - o.a.c.c.C.[Tomcat].[localhost].[/] - Initializing Spring DispatcherServlet 'dispatcherServlet'  
INFO  14:41:19.246 - - o.s.web.servlet.DispatcherServlet - Initializing Servlet 'dispatcherServlet'  
INFO  14:41:19.247 - - o.s.web.servlet.DispatcherServlet - Completed initialization in 1 ms  
ERROR 14:41:21.346 - - o.a.c.c.C.[.[.[.[dispatcherServlet] - Servlet.service() for servlet [dispatcherServlet] in context with path [] threw exception [Request processing failed: java.lang.IndexOutOfBoundsException: Index -1 out of bounds for length 2] with root cause java.lang.IndexOutOfBoundsException: Index -1 out of bounds for length 2
	at java.base/jdk.internal.util.Preconditions.outOfBounds(Preconditions.java:64)
	at java.base/jdk.internal.util.Preconditions.outOfBoundsCheckIndex(Preconditions.java:70)
	at java.base/jdk.internal.util.Preconditions.checkIndex(Preconditions.java:266)
	at java.base/java.util.Objects.checkIndex(Objects.java:359)
	at java.base/java.util.ArrayList.get(ArrayList.java:427)
	at loadrover.api.io.domain.scenario.ScenarioService.createScenario(ScenarioService.kt:100)
	at loadrover.api.io.domain.scenario.ScenarioController.createScenario(ScenarioController.kt:16)
	at java.base/jdk.internal.reflect.NativeMethodAccessorImpl.invoke0(Native Method)
	at java.base/jdk.internal.reflect.NativeMethodAccessorImpl.invoke(NativeMethodAccessorImpl.java:77)
	at java.base/jdk.internal.reflect.DelegatingMethodAccessorImpl.invoke(DelegatingMethodAccessorImpl.java:43)
	at java.base/java.lang.reflect.Method.invoke(Method.java:568)
	at org.springframework.web.method.support.InvocableHandlerMethod.doInvoke(InvocableHandlerMethod.java:205)
	at org.springframework.web.method.support.InvocableHandlerMethod.invokeForRequest(InvocableHandlerMethod.java:150)
	at org.springframework.web.servlet.mvc.method.annotation.ServletInvocableHandlerMethod.invokeAndHandle(ServletInvocableHandlerMethod.java:118)
	at org.springframework.web.servlet.mvc.method.annotation.RequestMappingHandlerAdapter.invokeHandlerMethod(RequestMappingHandlerAdapter.java:884)
	at org.springframework.web.servlet.mvc.method.annotation.RequestMappingHandlerAdapter.handleInternal(RequestMappingHandlerAdapter.java:797)
	at org.springframework.web.servlet.mvc.method.AbstractHandlerMethodAdapter.handle(AbstractHandlerMethodAdapter.java:87)
	at org.springframework.web.servlet.DispatcherServlet.doDispatch(DispatcherServlet.java:1081)
	at org.springframework.web.servlet.DispatcherServlet.doService(DispatcherServlet.java:974)
	at org.springframework.web.servlet.FrameworkServlet.processRequest(FrameworkServlet.java:1014)
	at org.springframework.web.servlet.FrameworkServlet.doPost(FrameworkServlet.java:914)
	at jakarta.servlet.http.HttpServlet.service(HttpServlet.java:590)
	at org.springframework.web.servlet.FrameworkServlet.service(FrameworkServlet.java:885)
	at jakarta.servlet.http.HttpServlet.service(HttpServlet.java:658)
	at org.apache.catalina.core.ApplicationFilterChain.internalDoFilter(ApplicationFilterChain.java:205)
	at org.apache.catalina.core.ApplicationFilterChain.doFilter(ApplicationFilterChain.java:149)
	at org.apache.tomcat.websocket.server.WsFilter.doFilter(WsFilter.java:51)
	at org.apache.catalina.core.ApplicationFilterChain.internalDoFilter(ApplicationFilterChain.java:174)
	at org.apache.catalina.core.ApplicationFilterChain.doFilter(ApplicationFilterChain.java:149)
	at org.springframework.web.filter.RequestContextFilter.doFilterInternal(RequestContextFilter.java:100)
	at org.springframework.web.filter.OncePerRequestFilter.doFilter(OncePerRequestFilter.java:116)
	at org.apache.catalina.core.ApplicationFilterChain.internalDoFilter(ApplicationFilterChain.java:174)
	at org.apache.catalina.core.ApplicationFilterChain.doFilter(ApplicationFilterChain.java:149)
	at org.springframework.web.filter.FormContentFilter.doFilterInternal(FormContentFilter.java:93)
	at org.springframework.web.filter.OncePerRequestFilter.doFilter(OncePerRequestFilter.java:116)
	at org.apache.catalina.core.ApplicationFilterChain.internalDoFilter(ApplicationFilterChain.java:174)
	at org.apache.catalina.core.ApplicationFilterChain.doFilter(ApplicationFilterChain.java:149)
	at org.springframework.web.filter.CharacterEncodingFilter.doFilterInternal(CharacterEncodingFilter.java:201)
	at org.springframework.web.filter.OncePerRequestFilter.doFilter(OncePerRequestFilter.java:116)
	at org.apache.catalina.core.ApplicationFilterChain.internalDoFilter(ApplicationFilterChain.java:174)
	at org.apache.catalina.core.ApplicationFilterChain.doFilter(ApplicationFilterChain.java:149)
	at org.apache.catalina.core.StandardWrapperValve.invoke(StandardWrapperValve.java:167)
	at org.apache.catalina.core.StandardContextValve.invoke(StandardContextValve.java:90)
	at org.apache.catalina.authenticator.AuthenticatorBase.invoke(AuthenticatorBase.java:482)
	at org.apache.catalina.core.StandardHostValve.invoke(StandardHostValve.java:115)
	at org.apache.catalina.valves.ErrorReportValve.invoke(ErrorReportValve.java:93)
	at org.apache.catalina.core.StandardEngineValve.invoke(StandardEngineValve.java:74)
	at org.apache.catalina.connector.CoyoteAdapter.service(CoyoteAdapter.java:340)
	at org.apache.coyote.http11.Http11Processor.service(Http11Processor.java:391)
	at org.apache.coyote.AbstractProcessorLight.process(AbstractProcessorLight.java:63)
	at org.apache.coyote.AbstractProtocol$ConnectionHandler.process(AbstractProtocol.java:896)
	at org.apache.tomcat.util.net.NioEndpoint$SocketProcessor.doRun(NioEndpoint.java:1744)
	at org.apache.tomcat.util.net.SocketProcessorBase.run(SocketProcessorBase.java:52)
	at org.apache.tomcat.util.threads.ThreadPoolExecutor.runWorker(ThreadPoolExecutor.java:1191)
	at org.apache.tomcat.util.threads.ThreadPoolExecutor$Worker.run(ThreadPoolExecutor.java:659)
	at org.apache.tomcat.util.threads.TaskThread$WrappingRunnable.run(TaskThread.java:61)
	at java.base/java.lang.Thread.run(Thread.java:833)
 
ERROR 14:43:05.956 - - o.a.c.c.C.[.[.[.[dispatcherServlet] - Servlet.service() for servlet [dispatcherServlet] in context with path [] threw exception [Request processing failed: java.lang.IndexOutOfBoundsException: Index -1 out of bounds for length 2] with root cause java.lang.IndexOutOfBoundsException: Index -1 out of bounds for length 2
	at java.base/jdk.internal.util.Preconditions.outOfBounds(Preconditions.java:64)
	at java.base/jdk.internal.util.Preconditions.outOfBoundsCheckIndex(Preconditions.java:70)
	at java.base/jdk.internal.util.Preconditions.checkIndex(Preconditions.java:266)
	at java.base/java.util.Objects.checkIndex(Objects.java:359)
	at java.base/java.util.ArrayList.get(ArrayList.java:427)
	at loadrover.api.io.domain.scenario.ScenarioService.createScenario(ScenarioService.kt:100)
	at loadrover.api.io.domain.scenario.ScenarioController.createScenario(ScenarioController.kt:16)
	at java.base/jdk.internal.reflect.NativeMethodAccessorImpl.invoke0(Native Method)
	at java.base/jdk.internal.reflect.NativeMethodAccessorImpl.invoke(NativeMethodAccessorImpl.java:77)
	at java.base/jdk.internal.reflect.DelegatingMethodAccessorImpl.invoke(DelegatingMethodAccessorImpl.java:43)
	at java.base/java.lang.reflect.Method.invoke(Method.java:568)
	at org.springframework.web.method.support.InvocableHandlerMethod.doInvoke(InvocableHandlerMethod.java:205)
	at org.springframework.web.method.support.InvocableHandlerMethod.invokeForRequest(InvocableHandlerMethod.java:150)
	at org.springframework.web.servlet.mvc.method.annotation.ServletInvocableHandlerMethod.invokeAndHandle(ServletInvocableHandlerMethod.java:118)
	at org.springframework.web.servlet.mvc.method.annotation.RequestMappingHandlerAdapter.invokeHandlerMethod(RequestMappingHandlerAdapter.java:884)
	at org.springframework.web.servlet.mvc.method.annotation.RequestMappingHandlerAdapter.handleInternal(RequestMappingHandlerAdapter.java:797)
	at org.springframework.web.servlet.mvc.method.AbstractHandlerMethodAdapter.handle(AbstractHandlerMethodAdapter.java:87)
	at org.springframework.web.servlet.DispatcherServlet.doDispatch(DispatcherServlet.java:1081)
	at org.springframework.web.servlet.DispatcherServlet.doService(DispatcherServlet.java:974)
	at org.springframework.web.servlet.FrameworkServlet.processRequest(FrameworkServlet.java:1014)
	at org.springframework.web.servlet.FrameworkServlet.doPost(FrameworkServlet.java:914)
	at jakarta.servlet.http.HttpServlet.service(HttpServlet.java:590)
	at org.springframework.web.servlet.FrameworkServlet.service(FrameworkServlet.java:885)
	at jakarta.servlet.http.HttpServlet.service(HttpServlet.java:658)
	at org.apache.catalina.core.ApplicationFilterChain.internalDoFilter(ApplicationFilterChain.java:205)
	at org.apache.catalina.core.ApplicationFilterChain.doFilter(ApplicationFilterChain.java:149)
	at org.apache.tomcat.websocket.server.WsFilter.doFilter(WsFilter.java:51)
	at org.apache.catalina.core.ApplicationFilterChain.internalDoFilter(ApplicationFilterChain.java:174)
	at org.apache.catalina.core.ApplicationFilterChain.doFilter(ApplicationFilterChain.java:149)
	at org.springframework.web.filter.RequestContextFilter.doFilterInternal(RequestContextFilter.java:100)
	at org.springframework.web.filter.OncePerRequestFilter.doFilter(OncePerRequestFilter.java:116)
	at org.apache.catalina.core.ApplicationFilterChain.internalDoFilter(ApplicationFilterChain.java:174)
	at org.apache.catalina.core.ApplicationFilterChain.doFilter(ApplicationFilterChain.java:149)
	at org.springframework.web.filter.FormContentFilter.doFilterInternal(FormContentFilter.java:93)
	at org.springframework.web.filter.OncePerRequestFilter.doFilter(OncePerRequestFilter.java:116)
	at org.apache.catalina.core.ApplicationFilterChain.internalDoFilter(ApplicationFilterChain.java:174)
	at org.apache.catalina.core.ApplicationFilterChain.doFilter(ApplicationFilterChain.java:149)
	at org.springframework.web.filter.CharacterEncodingFilter.doFilterInternal(CharacterEncodingFilter.java:201)
	at org.springframework.web.filter.OncePerRequestFilter.doFilter(OncePerRequestFilter.java:116)
	at org.apache.catalina.core.ApplicationFilterChain.internalDoFilter(ApplicationFilterChain.java:174)
	at org.apache.catalina.core.ApplicationFilterChain.doFilter(ApplicationFilterChain.java:149)
	at org.apache.catalina.core.StandardWrapperValve.invoke(StandardWrapperValve.java:167)
	at org.apache.catalina.core.StandardContextValve.invoke(StandardContextValve.java:90)
	at org.apache.catalina.authenticator.AuthenticatorBase.invoke(AuthenticatorBase.java:482)
	at org.apache.catalina.core.StandardHostValve.invoke(StandardHostValve.java:115)
	at org.apache.catalina.valves.ErrorReportValve.invoke(ErrorReportValve.java:93)
	at org.apache.catalina.core.StandardEngineValve.invoke(StandardEngineValve.java:74)
	at org.apache.catalina.connector.CoyoteAdapter.service(CoyoteAdapter.java:340)
	at org.apache.coyote.http11.Http11Processor.service(Http11Processor.java:391)
	at org.apache.coyote.AbstractProcessorLight.process(AbstractProcessorLight.java:63)
	at org.apache.coyote.AbstractProtocol$ConnectionHandler.process(AbstractProtocol.java:896)
	at org.apache.tomcat.util.net.NioEndpoint$SocketProcessor.doRun(NioEndpoint.java:1744)
	at org.apache.tomcat.util.net.SocketProcessorBase.run(SocketProcessorBase.java:52)
	at org.apache.tomcat.util.threads.ThreadPoolExecutor.runWorker(ThreadPoolExecutor.java:1191)
	at org.apache.tomcat.util.threads.ThreadPoolExecutor$Worker.run(ThreadPoolExecutor.java:659)
	at org.apache.tomcat.util.threads.TaskThread$WrappingRunnable.run(TaskThread.java:61)
	at java.base/java.lang.Thread.run(Thread.java:833)
 
DEBUG 14:43:05.976 - - l.a.i.d.s.SimulationScheduler - Check simulation result: 2024-02-01T14:43:05.975995  
INFO  14:43:07.587 - - loadrover.api.io.ApiApplicationKt - Starting ApiApplicationKt using Java 17.0.5 with PID 56465 (/Users/sasha/IdeaProjects/2bytes.loadrover-server/api/build/classes/kotlin/main started by sasha in /Users/sasha/IdeaProjects/2bytes.loadrover-server)  
DEBUG 14:43:07.589 - - loadrover.api.io.ApiApplicationKt - Running with Spring Boot v3.1.7, Spring v6.0.15  
INFO  14:43:07.589 - - loadrover.api.io.ApiApplicationKt - The following 1 profile is active: "local"  
INFO  14:43:08.310 - - o.s.b.w.e.tomcat.TomcatWebServer - Tomcat initialized with port(s): 8800 (http)  
INFO  14:43:08.316 - - o.a.catalina.core.StandardService - Starting service [Tomcat]  
INFO  14:43:08.316 - - o.a.catalina.core.StandardEngine - Starting Servlet engine: [Apache Tomcat/10.1.17]  
INFO  14:43:08.366 - - o.a.c.c.C.[Tomcat].[localhost].[/] - Initializing Spring embedded WebApplicationContext  
INFO  14:43:08.367 - - o.s.b.w.s.c.ServletWebServerApplicationContext - Root WebApplicationContext: initialization completed in 747 ms  
DEBUG 14:43:08.554 - - _.s.w.s.HandlerMapping.Mappings - 
	l.a.i.d.s.ScenarioController:
	{POST [/scenario]}: createScenario(RequestScenarioDto)
	{GET [/scenario/list]}: getScenarioList()  
DEBUG 14:43:08.556 - - _.s.w.s.HandlerMapping.Mappings - 
	l.a.i.d.s.SimulationController:
	{POST [/simulation/run]}: runSimulation(RunSimulationRequest)
	{GET [/simulation/{scenarioId}]}: getSimulationResult(String)  
DEBUG 14:43:08.557 - - _.s.w.s.HandlerMapping.Mappings - 
	l.a.i.i.HealthCheckController:
	{GET [/health-check]}: healthCheck()  
DEBUG 14:43:08.558 - - _.s.w.s.HandlerMapping.Mappings - 
	o.s.b.a.w.s.e.BasicErrorController:
	{ [/error]}: error(HttpServletRequest)
	{ [/error], produces [text/html]}: errorHtml(HttpServletRequest,HttpServletResponse)  
DEBUG 14:43:08.559 - - _.s.w.s.HandlerMapping.Mappings - 
	o.s.w.a.MultipleOpenApiWebMvcResource:
	{GET [/api-docs/{group}], produces [application/json]}: openapiJson(HttpServletRequest,String,String,Locale)
	{GET [/api-docs.yaml/{group}], produces [application/vnd.oai.openapi]}: openapiYaml(HttpServletRequest,String,String,Locale)  
DEBUG 14:43:08.562 - - _.s.w.s.HandlerMapping.Mappings - 
	o.s.w.a.OpenApiWebMvcResource:
	{GET [/api-docs], produces [application/json]}: openapiJson(HttpServletRequest,String,Locale)
	{GET [/api-docs.yaml], produces [application/vnd.oai.openapi]}: openapiYaml(HttpServletRequest,String,Locale)  
DEBUG 14:43:08.563 - - _.s.w.s.HandlerMapping.Mappings - 
	o.s.w.u.SwaggerWelcomeWebMvc:
	{GET [/swagger-ui.html]}: redirectToUi(HttpServletRequest)  
DEBUG 14:43:08.563 - - _.s.w.s.HandlerMapping.Mappings - 
	o.s.w.u.SwaggerConfigResource:
	{GET [/api-docs/swagger-config], produces [application/json]}: openapiJson(HttpServletRequest)  
DEBUG 14:43:08.566 - - _.s.w.s.HandlerMapping.Mappings - 'beanNameHandlerMapping' {}  
DEBUG 14:43:08.760 - - _.s.w.s.HandlerMapping.Mappings - 'resourceHandlerMapping' {/webjars/**=ResourceHttpRequestHandler [classpath [META-INF/resources/webjars/]], /**=ResourceHttpRequestHandler [classpath [META-INF/resources/], classpath [resources/], classpath [static/], classpath [public/], ServletContext [/]], /swagger-ui*/*swagger-initializer.js=ResourceHttpRequestHandler [classpath [META-INF/resources/webjars/]], /swagger-ui*/**=ResourceHttpRequestHandler [classpath [META-INF/resources/webjars/]]}  
WARN  14:43:08.772 - - o.s.b.a.m.MustacheAutoConfiguration - Cannot find template location: classpath:/templates/ (please add some templates, check your Mustache configuration, or set spring.mustache.check-template-location=false)  
INFO  14:43:08.821 - - o.s.b.w.e.tomcat.TomcatWebServer - Tomcat started on port(s): 8800 (http) with context path ''  
INFO  14:43:08.828 - - loadrover.api.io.ApiApplicationKt - Started ApiApplicationKt in 1.546 seconds (process running for 1.766)  
INFO  14:43:10.582 - - o.a.tomcat.util.http.parser.Cookie - A cookie header was received [g_state={"i_l":0};] that contained an invalid cookie. That cookie will be ignored.
 Note: further occurrences of this error will be logged at DEBUG level.  
INFO  14:43:10.586 - - o.a.c.c.C.[Tomcat].[localhost].[/] - Initializing Spring DispatcherServlet 'dispatcherServlet'  
INFO  14:43:10.587 - - o.s.web.servlet.DispatcherServlet - Initializing Servlet 'dispatcherServlet'  
INFO  14:43:10.587 - - o.s.web.servlet.DispatcherServlet - Completed initialization in 0 ms  
ERROR 14:43:12.794 - - o.a.c.c.C.[.[.[.[dispatcherServlet] - Servlet.service() for servlet [dispatcherServlet] in context with path [] threw exception [Request processing failed: java.lang.IndexOutOfBoundsException: Index 2 out of bounds for length 2] with root cause java.lang.IndexOutOfBoundsException: Index 2 out of bounds for length 2
	at java.base/jdk.internal.util.Preconditions.outOfBounds(Preconditions.java:64)
	at java.base/jdk.internal.util.Preconditions.outOfBoundsCheckIndex(Preconditions.java:70)
	at java.base/jdk.internal.util.Preconditions.checkIndex(Preconditions.java:266)
	at java.base/java.util.Objects.checkIndex(Objects.java:359)
	at java.base/java.util.ArrayList.get(ArrayList.java:427)
	at loadrover.api.io.domain.scenario.ScenarioService.createScenario(ScenarioService.kt:100)
	at loadrover.api.io.domain.scenario.ScenarioController.createScenario(ScenarioController.kt:16)
	at java.base/jdk.internal.reflect.NativeMethodAccessorImpl.invoke0(Native Method)
	at java.base/jdk.internal.reflect.NativeMethodAccessorImpl.invoke(NativeMethodAccessorImpl.java:77)
	at java.base/jdk.internal.reflect.DelegatingMethodAccessorImpl.invoke(DelegatingMethodAccessorImpl.java:43)
	at java.base/java.lang.reflect.Method.invoke(Method.java:568)
	at org.springframework.web.method.support.InvocableHandlerMethod.doInvoke(InvocableHandlerMethod.java:205)
	at org.springframework.web.method.support.InvocableHandlerMethod.invokeForRequest(InvocableHandlerMethod.java:150)
	at org.springframework.web.servlet.mvc.method.annotation.ServletInvocableHandlerMethod.invokeAndHandle(ServletInvocableHandlerMethod.java:118)
	at org.springframework.web.servlet.mvc.method.annotation.RequestMappingHandlerAdapter.invokeHandlerMethod(RequestMappingHandlerAdapter.java:884)
	at org.springframework.web.servlet.mvc.method.annotation.RequestMappingHandlerAdapter.handleInternal(RequestMappingHandlerAdapter.java:797)
	at org.springframework.web.servlet.mvc.method.AbstractHandlerMethodAdapter.handle(AbstractHandlerMethodAdapter.java:87)
	at org.springframework.web.servlet.DispatcherServlet.doDispatch(DispatcherServlet.java:1081)
	at org.springframework.web.servlet.DispatcherServlet.doService(DispatcherServlet.java:974)
	at org.springframework.web.servlet.FrameworkServlet.processRequest(FrameworkServlet.java:1014)
	at org.springframework.web.servlet.FrameworkServlet.doPost(FrameworkServlet.java:914)
	at jakarta.servlet.http.HttpServlet.service(HttpServlet.java:590)
	at org.springframework.web.servlet.FrameworkServlet.service(FrameworkServlet.java:885)
	at jakarta.servlet.http.HttpServlet.service(HttpServlet.java:658)
	at org.apache.catalina.core.ApplicationFilterChain.internalDoFilter(ApplicationFilterChain.java:205)
	at org.apache.catalina.core.ApplicationFilterChain.doFilter(ApplicationFilterChain.java:149)
	at org.apache.tomcat.websocket.server.WsFilter.doFilter(WsFilter.java:51)
	at org.apache.catalina.core.ApplicationFilterChain.internalDoFilter(ApplicationFilterChain.java:174)
	at org.apache.catalina.core.ApplicationFilterChain.doFilter(ApplicationFilterChain.java:149)
	at org.springframework.web.filter.RequestContextFilter.doFilterInternal(RequestContextFilter.java:100)
	at org.springframework.web.filter.OncePerRequestFilter.doFilter(OncePerRequestFilter.java:116)
	at org.apache.catalina.core.ApplicationFilterChain.internalDoFilter(ApplicationFilterChain.java:174)
	at org.apache.catalina.core.ApplicationFilterChain.doFilter(ApplicationFilterChain.java:149)
	at org.springframework.web.filter.FormContentFilter.doFilterInternal(FormContentFilter.java:93)
	at org.springframework.web.filter.OncePerRequestFilter.doFilter(OncePerRequestFilter.java:116)
	at org.apache.catalina.core.ApplicationFilterChain.internalDoFilter(ApplicationFilterChain.java:174)
	at org.apache.catalina.core.ApplicationFilterChain.doFilter(ApplicationFilterChain.java:149)
	at org.springframework.web.filter.CharacterEncodingFilter.doFilterInternal(CharacterEncodingFilter.java:201)
	at org.springframework.web.filter.OncePerRequestFilter.doFilter(OncePerRequestFilter.java:116)
	at org.apache.catalina.core.ApplicationFilterChain.internalDoFilter(ApplicationFilterChain.java:174)
	at org.apache.catalina.core.ApplicationFilterChain.doFilter(ApplicationFilterChain.java:149)
	at org.apache.catalina.core.StandardWrapperValve.invoke(StandardWrapperValve.java:167)
	at org.apache.catalina.core.StandardContextValve.invoke(StandardContextValve.java:90)
	at org.apache.catalina.authenticator.AuthenticatorBase.invoke(AuthenticatorBase.java:482)
	at org.apache.catalina.core.StandardHostValve.invoke(StandardHostValve.java:115)
	at org.apache.catalina.valves.ErrorReportValve.invoke(ErrorReportValve.java:93)
	at org.apache.catalina.core.StandardEngineValve.invoke(StandardEngineValve.java:74)
	at org.apache.catalina.connector.CoyoteAdapter.service(CoyoteAdapter.java:340)
	at org.apache.coyote.http11.Http11Processor.service(Http11Processor.java:391)
	at org.apache.coyote.AbstractProcessorLight.process(AbstractProcessorLight.java:63)
	at org.apache.coyote.AbstractProtocol$ConnectionHandler.process(AbstractProtocol.java:896)
	at org.apache.tomcat.util.net.NioEndpoint$SocketProcessor.doRun(NioEndpoint.java:1744)
	at org.apache.tomcat.util.net.SocketProcessorBase.run(SocketProcessorBase.java:52)
	at org.apache.tomcat.util.threads.ThreadPoolExecutor.runWorker(ThreadPoolExecutor.java:1191)
	at org.apache.tomcat.util.threads.ThreadPoolExecutor$Worker.run(ThreadPoolExecutor.java:659)
	at org.apache.tomcat.util.threads.TaskThread$WrappingRunnable.run(TaskThread.java:61)
	at java.base/java.lang.Thread.run(Thread.java:833)
 
INFO  14:44:18.050 - - loadrover.api.io.ApiApplicationKt - Starting ApiApplicationKt using Java 17.0.5 with PID 56582 (/Users/sasha/IdeaProjects/2bytes.loadrover-server/api/build/classes/kotlin/main started by sasha in /Users/sasha/IdeaProjects/2bytes.loadrover-server)  
DEBUG 14:44:18.053 - - loadrover.api.io.ApiApplicationKt - Running with Spring Boot v3.1.7, Spring v6.0.15  
INFO  14:44:18.053 - - loadrover.api.io.ApiApplicationKt - The following 1 profile is active: "local"  
INFO  14:44:18.671 - - o.s.b.w.e.tomcat.TomcatWebServer - Tomcat initialized with port(s): 8800 (http)  
INFO  14:44:18.676 - - o.a.catalina.core.StandardService - Starting service [Tomcat]  
INFO  14:44:18.676 - - o.a.catalina.core.StandardEngine - Starting Servlet engine: [Apache Tomcat/10.1.17]  
INFO  14:44:18.726 - - o.a.c.c.C.[Tomcat].[localhost].[/] - Initializing Spring embedded WebApplicationContext  
INFO  14:44:18.726 - - o.s.b.w.s.c.ServletWebServerApplicationContext - Root WebApplicationContext: initialization completed in 643 ms  
DEBUG 14:44:18.910 - - _.s.w.s.HandlerMapping.Mappings - 
	l.a.i.d.s.ScenarioController:
	{POST [/scenario]}: createScenario(RequestScenarioDto)
	{GET [/scenario/list]}: getScenarioList()  
DEBUG 14:44:18.912 - - _.s.w.s.HandlerMapping.Mappings - 
	l.a.i.d.s.SimulationController:
	{POST [/simulation/run]}: runSimulation(RunSimulationRequest)
	{GET [/simulation/{scenarioId}]}: getSimulationResult(String)  
DEBUG 14:44:18.912 - - _.s.w.s.HandlerMapping.Mappings - 
	l.a.i.i.HealthCheckController:
	{GET [/health-check]}: healthCheck()  
DEBUG 14:44:18.913 - - _.s.w.s.HandlerMapping.Mappings - 
	o.s.b.a.w.s.e.BasicErrorController:
	{ [/error]}: error(HttpServletRequest)
	{ [/error], produces [text/html]}: errorHtml(HttpServletRequest,HttpServletResponse)  
DEBUG 14:44:18.915 - - _.s.w.s.HandlerMapping.Mappings - 
	o.s.w.a.MultipleOpenApiWebMvcResource:
	{GET [/api-docs/{group}], produces [application/json]}: openapiJson(HttpServletRequest,String,String,Locale)
	{GET [/api-docs.yaml/{group}], produces [application/vnd.oai.openapi]}: openapiYaml(HttpServletRequest,String,String,Locale)  
DEBUG 14:44:18.917 - - _.s.w.s.HandlerMapping.Mappings - 
	o.s.w.a.OpenApiWebMvcResource:
	{GET [/api-docs], produces [application/json]}: openapiJson(HttpServletRequest,String,Locale)
	{GET [/api-docs.yaml], produces [application/vnd.oai.openapi]}: openapiYaml(HttpServletRequest,String,Locale)  
DEBUG 14:44:18.918 - - _.s.w.s.HandlerMapping.Mappings - 
	o.s.w.u.SwaggerWelcomeWebMvc:
	{GET [/swagger-ui.html]}: redirectToUi(HttpServletRequest)  
DEBUG 14:44:18.918 - - _.s.w.s.HandlerMapping.Mappings - 
	o.s.w.u.SwaggerConfigResource:
	{GET [/api-docs/swagger-config], produces [application/json]}: openapiJson(HttpServletRequest)  
DEBUG 14:44:18.922 - - _.s.w.s.HandlerMapping.Mappings - 'beanNameHandlerMapping' {}  
DEBUG 14:44:19.208 - - _.s.w.s.HandlerMapping.Mappings - 'resourceHandlerMapping' {/webjars/**=ResourceHttpRequestHandler [classpath [META-INF/resources/webjars/]], /**=ResourceHttpRequestHandler [classpath [META-INF/resources/], classpath [resources/], classpath [static/], classpath [public/], ServletContext [/]], /swagger-ui*/*swagger-initializer.js=ResourceHttpRequestHandler [classpath [META-INF/resources/webjars/]], /swagger-ui*/**=ResourceHttpRequestHandler [classpath [META-INF/resources/webjars/]]}  
WARN  14:44:19.219 - - o.s.b.a.m.MustacheAutoConfiguration - Cannot find template location: classpath:/templates/ (please add some templates, check your Mustache configuration, or set spring.mustache.check-template-location=false)  
INFO  14:44:19.264 - - o.s.b.w.e.tomcat.TomcatWebServer - Tomcat started on port(s): 8800 (http) with context path ''  
INFO  14:44:19.272 - - loadrover.api.io.ApiApplicationKt - Started ApiApplicationKt in 1.507 seconds (process running for 1.758)  
INFO  14:44:25.813 - - o.a.tomcat.util.http.parser.Cookie - A cookie header was received [g_state={"i_l":0};] that contained an invalid cookie. That cookie will be ignored.
 Note: further occurrences of this error will be logged at DEBUG level.  
INFO  14:44:25.819 - - o.a.c.c.C.[Tomcat].[localhost].[/] - Initializing Spring DispatcherServlet 'dispatcherServlet'  
INFO  14:44:25.820 - - o.s.web.servlet.DispatcherServlet - Initializing Servlet 'dispatcherServlet'  
INFO  14:44:25.820 - - o.s.web.servlet.DispatcherServlet - Completed initialization in 0 ms  
ERROR 14:46:24.049 - - o.a.c.c.C.[.[.[.[dispatcherServlet] - Servlet.service() for servlet [dispatcherServlet] in context with path [] threw exception [Request processing failed: java.lang.IndexOutOfBoundsException: Index 2 out of bounds for length 2] with root cause java.lang.IndexOutOfBoundsException: Index 2 out of bounds for length 2
	at java.base/jdk.internal.util.Preconditions.outOfBounds(Preconditions.java:64)
	at java.base/jdk.internal.util.Preconditions.outOfBoundsCheckIndex(Preconditions.java:70)
	at java.base/jdk.internal.util.Preconditions.checkIndex(Preconditions.java:266)
	at java.base/java.util.Objects.checkIndex(Objects.java:359)
	at java.base/java.util.ArrayList.get(ArrayList.java:427)
	at loadrover.api.io.domain.scenario.ScenarioService.createScenario(ScenarioService.kt:100)
	at loadrover.api.io.domain.scenario.ScenarioController.createScenario(ScenarioController.kt:16)
	at java.base/jdk.internal.reflect.NativeMethodAccessorImpl.invoke0(Native Method)
	at java.base/jdk.internal.reflect.NativeMethodAccessorImpl.invoke(NativeMethodAccessorImpl.java:77)
	at java.base/jdk.internal.reflect.DelegatingMethodAccessorImpl.invoke(DelegatingMethodAccessorImpl.java:43)
	at java.base/java.lang.reflect.Method.invoke(Method.java:568)
	at org.springframework.web.method.support.InvocableHandlerMethod.doInvoke(InvocableHandlerMethod.java:205)
	at org.springframework.web.method.support.InvocableHandlerMethod.invokeForRequest(InvocableHandlerMethod.java:150)
	at org.springframework.web.servlet.mvc.method.annotation.ServletInvocableHandlerMethod.invokeAndHandle(ServletInvocableHandlerMethod.java:118)
	at org.springframework.web.servlet.mvc.method.annotation.RequestMappingHandlerAdapter.invokeHandlerMethod(RequestMappingHandlerAdapter.java:884)
	at org.springframework.web.servlet.mvc.method.annotation.RequestMappingHandlerAdapter.handleInternal(RequestMappingHandlerAdapter.java:797)
	at org.springframework.web.servlet.mvc.method.AbstractHandlerMethodAdapter.handle(AbstractHandlerMethodAdapter.java:87)
	at org.springframework.web.servlet.DispatcherServlet.doDispatch(DispatcherServlet.java:1081)
	at org.springframework.web.servlet.DispatcherServlet.doService(DispatcherServlet.java:974)
	at org.springframework.web.servlet.FrameworkServlet.processRequest(FrameworkServlet.java:1014)
	at org.springframework.web.servlet.FrameworkServlet.doPost(FrameworkServlet.java:914)
	at jakarta.servlet.http.HttpServlet.service(HttpServlet.java:590)
	at org.springframework.web.servlet.FrameworkServlet.service(FrameworkServlet.java:885)
	at jakarta.servlet.http.HttpServlet.service(HttpServlet.java:658)
	at org.apache.catalina.core.ApplicationFilterChain.internalDoFilter(ApplicationFilterChain.java:205)
	at org.apache.catalina.core.ApplicationFilterChain.doFilter(ApplicationFilterChain.java:149)
	at org.apache.tomcat.websocket.server.WsFilter.doFilter(WsFilter.java:51)
	at org.apache.catalina.core.ApplicationFilterChain.internalDoFilter(ApplicationFilterChain.java:174)
	at org.apache.catalina.core.ApplicationFilterChain.doFilter(ApplicationFilterChain.java:149)
	at org.springframework.web.filter.RequestContextFilter.doFilterInternal(RequestContextFilter.java:100)
	at org.springframework.web.filter.OncePerRequestFilter.doFilter(OncePerRequestFilter.java:116)
	at org.apache.catalina.core.ApplicationFilterChain.internalDoFilter(ApplicationFilterChain.java:174)
	at org.apache.catalina.core.ApplicationFilterChain.doFilter(ApplicationFilterChain.java:149)
	at org.springframework.web.filter.FormContentFilter.doFilterInternal(FormContentFilter.java:93)
	at org.springframework.web.filter.OncePerRequestFilter.doFilter(OncePerRequestFilter.java:116)
	at org.apache.catalina.core.ApplicationFilterChain.internalDoFilter(ApplicationFilterChain.java:174)
	at org.apache.catalina.core.ApplicationFilterChain.doFilter(ApplicationFilterChain.java:149)
	at org.springframework.web.filter.CharacterEncodingFilter.doFilterInternal(CharacterEncodingFilter.java:201)
	at org.springframework.web.filter.OncePerRequestFilter.doFilter(OncePerRequestFilter.java:116)
	at org.apache.catalina.core.ApplicationFilterChain.internalDoFilter(ApplicationFilterChain.java:174)
	at org.apache.catalina.core.ApplicationFilterChain.doFilter(ApplicationFilterChain.java:149)
	at org.apache.catalina.core.StandardWrapperValve.invoke(StandardWrapperValve.java:167)
	at org.apache.catalina.core.StandardContextValve.invoke(StandardContextValve.java:90)
	at org.apache.catalina.authenticator.AuthenticatorBase.invoke(AuthenticatorBase.java:482)
	at org.apache.catalina.core.StandardHostValve.invoke(StandardHostValve.java:115)
	at org.apache.catalina.valves.ErrorReportValve.invoke(ErrorReportValve.java:93)
	at org.apache.catalina.core.StandardEngineValve.invoke(StandardEngineValve.java:74)
	at org.apache.catalina.connector.CoyoteAdapter.service(CoyoteAdapter.java:340)
	at org.apache.coyote.http11.Http11Processor.service(Http11Processor.java:391)
	at org.apache.coyote.AbstractProcessorLight.process(AbstractProcessorLight.java:63)
	at org.apache.coyote.AbstractProtocol$ConnectionHandler.process(AbstractProtocol.java:896)
	at org.apache.tomcat.util.net.NioEndpoint$SocketProcessor.doRun(NioEndpoint.java:1744)
	at org.apache.tomcat.util.net.SocketProcessorBase.run(SocketProcessorBase.java:52)
	at org.apache.tomcat.util.threads.ThreadPoolExecutor.runWorker(ThreadPoolExecutor.java:1191)
	at org.apache.tomcat.util.threads.ThreadPoolExecutor$Worker.run(ThreadPoolExecutor.java:659)
	at org.apache.tomcat.util.threads.TaskThread$WrappingRunnable.run(TaskThread.java:61)
	at java.base/java.lang.Thread.run(Thread.java:833)
 
DEBUG 14:46:24.060 - - l.a.i.d.s.SimulationScheduler - Check simulation result: 2024-02-01T14:46:24.060124  
INFO  14:46:25.863 - - loadrover.api.io.ApiApplicationKt - Starting ApiApplicationKt using Java 17.0.5 with PID 56740 (/Users/sasha/IdeaProjects/2bytes.loadrover-server/api/build/classes/kotlin/main started by sasha in /Users/sasha/IdeaProjects/2bytes.loadrover-server)  
DEBUG 14:46:25.865 - - loadrover.api.io.ApiApplicationKt - Running with Spring Boot v3.1.7, Spring v6.0.15  
INFO  14:46:25.865 - - loadrover.api.io.ApiApplicationKt - The following 1 profile is active: "local"  
INFO  14:46:26.472 - - o.s.b.w.e.tomcat.TomcatWebServer - Tomcat initialized with port(s): 8800 (http)  
INFO  14:46:26.477 - - o.a.catalina.core.StandardService - Starting service [Tomcat]  
INFO  14:46:26.477 - - o.a.catalina.core.StandardEngine - Starting Servlet engine: [Apache Tomcat/10.1.17]  
INFO  14:46:26.525 - - o.a.c.c.C.[Tomcat].[localhost].[/] - Initializing Spring embedded WebApplicationContext  
INFO  14:46:26.525 - - o.s.b.w.s.c.ServletWebServerApplicationContext - Root WebApplicationContext: initialization completed in 631 ms  
DEBUG 14:46:26.699 - - _.s.w.s.HandlerMapping.Mappings - 
	l.a.i.d.s.ScenarioController:
	{POST [/scenario]}: createScenario(RequestScenarioDto)
	{GET [/scenario/list]}: getScenarioList()  
DEBUG 14:46:26.700 - - _.s.w.s.HandlerMapping.Mappings - 
	l.a.i.d.s.SimulationController:
	{POST [/simulation/run]}: runSimulation(RunSimulationRequest)
	{GET [/simulation/{scenarioId}]}: getSimulationResult(String)  
DEBUG 14:46:26.700 - - _.s.w.s.HandlerMapping.Mappings - 
	l.a.i.i.HealthCheckController:
	{GET [/health-check]}: healthCheck()  
DEBUG 14:46:26.701 - - _.s.w.s.HandlerMapping.Mappings - 
	o.s.b.a.w.s.e.BasicErrorController:
	{ [/error]}: error(HttpServletRequest)
	{ [/error], produces [text/html]}: errorHtml(HttpServletRequest,HttpServletResponse)  
DEBUG 14:46:26.702 - - _.s.w.s.HandlerMapping.Mappings - 
	o.s.w.a.MultipleOpenApiWebMvcResource:
	{GET [/api-docs/{group}], produces [application/json]}: openapiJson(HttpServletRequest,String,String,Locale)
	{GET [/api-docs.yaml/{group}], produces [application/vnd.oai.openapi]}: openapiYaml(HttpServletRequest,String,String,Locale)  
DEBUG 14:46:26.705 - - _.s.w.s.HandlerMapping.Mappings - 
	o.s.w.a.OpenApiWebMvcResource:
	{GET [/api-docs], produces [application/json]}: openapiJson(HttpServletRequest,String,Locale)
	{GET [/api-docs.yaml], produces [application/vnd.oai.openapi]}: openapiYaml(HttpServletRequest,String,Locale)  
DEBUG 14:46:26.705 - - _.s.w.s.HandlerMapping.Mappings - 
	o.s.w.u.SwaggerWelcomeWebMvc:
	{GET [/swagger-ui.html]}: redirectToUi(HttpServletRequest)  
DEBUG 14:46:26.706 - - _.s.w.s.HandlerMapping.Mappings - 
	o.s.w.u.SwaggerConfigResource:
	{GET [/api-docs/swagger-config], produces [application/json]}: openapiJson(HttpServletRequest)  
DEBUG 14:46:26.709 - - _.s.w.s.HandlerMapping.Mappings - 'beanNameHandlerMapping' {}  
DEBUG 14:46:26.909 - - _.s.w.s.HandlerMapping.Mappings - 'resourceHandlerMapping' {/webjars/**=ResourceHttpRequestHandler [classpath [META-INF/resources/webjars/]], /**=ResourceHttpRequestHandler [classpath [META-INF/resources/], classpath [resources/], classpath [static/], classpath [public/], ServletContext [/]], /swagger-ui*/*swagger-initializer.js=ResourceHttpRequestHandler [classpath [META-INF/resources/webjars/]], /swagger-ui*/**=ResourceHttpRequestHandler [classpath [META-INF/resources/webjars/]]}  
WARN  14:46:26.920 - - o.s.b.a.m.MustacheAutoConfiguration - Cannot find template location: classpath:/templates/ (please add some templates, check your Mustache configuration, or set spring.mustache.check-template-location=false)  
INFO  14:46:26.969 - - o.s.b.w.e.tomcat.TomcatWebServer - Tomcat started on port(s): 8800 (http) with context path ''  
INFO  14:46:26.976 - - loadrover.api.io.ApiApplicationKt - Started ApiApplicationKt in 1.483 seconds (process running for 1.806)  
INFO  14:46:28.146 - - o.a.tomcat.util.http.parser.Cookie - A cookie header was received [g_state={"i_l":0};] that contained an invalid cookie. That cookie will be ignored.
 Note: further occurrences of this error will be logged at DEBUG level.  
INFO  14:46:28.150 - - o.a.c.c.C.[Tomcat].[localhost].[/] - Initializing Spring DispatcherServlet 'dispatcherServlet'  
INFO  14:46:28.151 - - o.s.web.servlet.DispatcherServlet - Initializing Servlet 'dispatcherServlet'  
INFO  14:46:28.151 - - o.s.web.servlet.DispatcherServlet - Completed initialization in 0 ms  
DEBUG 14:47:00.031 - - l.a.i.d.s.SimulationScheduler - Check simulation result: 2024-02-01T14:47:00.031345  
DEBUG 14:48:00.050 - - l.a.i.d.s.SimulationScheduler - Check simulation result: 2024-02-01T14:48:00.044646  
DEBUG 14:49:00.028 - - l.a.i.d.s.SimulationScheduler - Check simulation result: 2024-02-01T14:49:00.027853  
INFO  14:49:26.920 - - loadrover.api.io.ApiApplicationKt - Starting ApiApplicationKt using Java 17.0.5 with PID 56995 (/Users/sasha/IdeaProjects/2bytes.loadrover-server/api/build/classes/kotlin/main started by sasha in /Users/sasha/IdeaProjects/2bytes.loadrover-server)  
DEBUG 14:49:26.922 - - loadrover.api.io.ApiApplicationKt - Running with Spring Boot v3.1.7, Spring v6.0.15  
INFO  14:49:26.922 - - loadrover.api.io.ApiApplicationKt - The following 1 profile is active: "local"  
INFO  14:49:27.524 - - o.s.b.w.e.tomcat.TomcatWebServer - Tomcat initialized with port(s): 8800 (http)  
INFO  14:49:27.529 - - o.a.catalina.core.StandardService - Starting service [Tomcat]  
INFO  14:49:27.529 - - o.a.catalina.core.StandardEngine - Starting Servlet engine: [Apache Tomcat/10.1.17]  
INFO  14:49:27.578 - - o.a.c.c.C.[Tomcat].[localhost].[/] - Initializing Spring embedded WebApplicationContext  
INFO  14:49:27.579 - - o.s.b.w.s.c.ServletWebServerApplicationContext - Root WebApplicationContext: initialization completed in 624 ms  
DEBUG 14:49:27.759 - - _.s.w.s.HandlerMapping.Mappings - 
	l.a.i.d.s.ScenarioController:
	{POST [/scenario]}: createScenario(RequestScenarioDto)
	{GET [/scenario/list]}: getScenarioList()  
DEBUG 14:49:27.760 - - _.s.w.s.HandlerMapping.Mappings - 
	l.a.i.d.s.SimulationController:
	{POST [/simulation/run]}: runSimulation(RunSimulationRequest)
	{GET [/simulation/{scenarioId}]}: getSimulationResult(String)  
DEBUG 14:49:27.761 - - _.s.w.s.HandlerMapping.Mappings - 
	l.a.i.i.HealthCheckController:
	{GET [/health-check]}: healthCheck()  
DEBUG 14:49:27.762 - - _.s.w.s.HandlerMapping.Mappings - 
	o.s.b.a.w.s.e.BasicErrorController:
	{ [/error]}: error(HttpServletRequest)
	{ [/error], produces [text/html]}: errorHtml(HttpServletRequest,HttpServletResponse)  
DEBUG 14:49:27.763 - - _.s.w.s.HandlerMapping.Mappings - 
	o.s.w.a.MultipleOpenApiWebMvcResource:
	{GET [/api-docs/{group}], produces [application/json]}: openapiJson(HttpServletRequest,String,String,Locale)
	{GET [/api-docs.yaml/{group}], produces [application/vnd.oai.openapi]}: openapiYaml(HttpServletRequest,String,String,Locale)  
DEBUG 14:49:27.765 - - _.s.w.s.HandlerMapping.Mappings - 
	o.s.w.a.OpenApiWebMvcResource:
	{GET [/api-docs], produces [application/json]}: openapiJson(HttpServletRequest,String,Locale)
	{GET [/api-docs.yaml], produces [application/vnd.oai.openapi]}: openapiYaml(HttpServletRequest,String,Locale)  
DEBUG 14:49:27.766 - - _.s.w.s.HandlerMapping.Mappings - 
	o.s.w.u.SwaggerWelcomeWebMvc:
	{GET [/swagger-ui.html]}: redirectToUi(HttpServletRequest)  
DEBUG 14:49:27.766 - - _.s.w.s.HandlerMapping.Mappings - 
	o.s.w.u.SwaggerConfigResource:
	{GET [/api-docs/swagger-config], produces [application/json]}: openapiJson(HttpServletRequest)  
DEBUG 14:49:27.770 - - _.s.w.s.HandlerMapping.Mappings - 'beanNameHandlerMapping' {}  
DEBUG 14:49:27.949 - - _.s.w.s.HandlerMapping.Mappings - 'resourceHandlerMapping' {/webjars/**=ResourceHttpRequestHandler [classpath [META-INF/resources/webjars/]], /**=ResourceHttpRequestHandler [classpath [META-INF/resources/], classpath [resources/], classpath [static/], classpath [public/], ServletContext [/]], /swagger-ui*/*swagger-initializer.js=ResourceHttpRequestHandler [classpath [META-INF/resources/webjars/]], /swagger-ui*/**=ResourceHttpRequestHandler [classpath [META-INF/resources/webjars/]]}  
WARN  14:49:27.961 - - o.s.b.a.m.MustacheAutoConfiguration - Cannot find template location: classpath:/templates/ (please add some templates, check your Mustache configuration, or set spring.mustache.check-template-location=false)  
INFO  14:49:28.015 - - o.s.b.w.e.tomcat.TomcatWebServer - Tomcat started on port(s): 8800 (http) with context path ''  
INFO  14:49:28.022 - - loadrover.api.io.ApiApplicationKt - Started ApiApplicationKt in 1.433 seconds (process running for 1.675)  
INFO  14:49:36.645 - - o.a.tomcat.util.http.parser.Cookie - A cookie header was received [g_state={"i_l":0};] that contained an invalid cookie. That cookie will be ignored.
 Note: further occurrences of this error will be logged at DEBUG level.  
INFO  14:49:36.650 - - o.a.c.c.C.[Tomcat].[localhost].[/] - Initializing Spring DispatcherServlet 'dispatcherServlet'  
INFO  14:49:36.650 - - o.s.web.servlet.DispatcherServlet - Initializing Servlet 'dispatcherServlet'  
INFO  14:49:36.651 - - o.s.web.servlet.DispatcherServlet - Completed initialization in 1 ms  
DEBUG 14:50:00.040 - - l.a.i.d.s.SimulationScheduler - Check simulation result: 2024-02-01T14:50:00.040023  
DEBUG 14:51:00.028 - - l.a.i.d.s.SimulationScheduler - Check simulation result: 2024-02-01T14:51:00.028440  
INFO  14:51:16.676 - - loadrover.api.io.ApiApplicationKt - Starting ApiApplicationKt using Java 17.0.5 with PID 57147 (/Users/sasha/IdeaProjects/2bytes.loadrover-server/api/build/classes/kotlin/main started by sasha in /Users/sasha/IdeaProjects/2bytes.loadrover-server)  
DEBUG 14:51:16.678 - - loadrover.api.io.ApiApplicationKt - Running with Spring Boot v3.1.7, Spring v6.0.15  
INFO  14:51:16.679 - - loadrover.api.io.ApiApplicationKt - The following 1 profile is active: "local"  
INFO  14:51:17.314 - - o.s.b.w.e.tomcat.TomcatWebServer - Tomcat initialized with port(s): 8800 (http)  
INFO  14:51:17.319 - - o.a.catalina.core.StandardService - Starting service [Tomcat]  
INFO  14:51:17.319 - - o.a.catalina.core.StandardEngine - Starting Servlet engine: [Apache Tomcat/10.1.17]  
INFO  14:51:17.368 - - o.a.c.c.C.[Tomcat].[localhost].[/] - Initializing Spring embedded WebApplicationContext  
INFO  14:51:17.369 - - o.s.b.w.s.c.ServletWebServerApplicationContext - Root WebApplicationContext: initialization completed in 649 ms  
DEBUG 14:51:17.542 - - _.s.w.s.HandlerMapping.Mappings - 
	l.a.i.d.s.ScenarioController:
	{POST [/scenario]}: createScenario(RequestScenarioDto)
	{GET [/scenario/list]}: getScenarioList()  
DEBUG 14:51:17.543 - - _.s.w.s.HandlerMapping.Mappings - 
	l.a.i.d.s.SimulationController:
	{POST [/simulation/run]}: runSimulation(RunSimulationRequest)
	{GET [/simulation/{scenarioId}]}: getSimulationResult(String)  
DEBUG 14:51:17.544 - - _.s.w.s.HandlerMapping.Mappings - 
	l.a.i.i.HealthCheckController:
	{GET [/health-check]}: healthCheck()  
DEBUG 14:51:17.545 - - _.s.w.s.HandlerMapping.Mappings - 
	o.s.b.a.w.s.e.BasicErrorController:
	{ [/error]}: error(HttpServletRequest)
	{ [/error], produces [text/html]}: errorHtml(HttpServletRequest,HttpServletResponse)  
DEBUG 14:51:17.546 - - _.s.w.s.HandlerMapping.Mappings - 
	o.s.w.a.MultipleOpenApiWebMvcResource:
	{GET [/api-docs/{group}], produces [application/json]}: openapiJson(HttpServletRequest,String,String,Locale)
	{GET [/api-docs.yaml/{group}], produces [application/vnd.oai.openapi]}: openapiYaml(HttpServletRequest,String,String,Locale)  
DEBUG 14:51:17.548 - - _.s.w.s.HandlerMapping.Mappings - 
	o.s.w.a.OpenApiWebMvcResource:
	{GET [/api-docs], produces [application/json]}: openapiJson(HttpServletRequest,String,Locale)
	{GET [/api-docs.yaml], produces [application/vnd.oai.openapi]}: openapiYaml(HttpServletRequest,String,Locale)  
DEBUG 14:51:17.549 - - _.s.w.s.HandlerMapping.Mappings - 
	o.s.w.u.SwaggerWelcomeWebMvc:
	{GET [/swagger-ui.html]}: redirectToUi(HttpServletRequest)  
DEBUG 14:51:17.549 - - _.s.w.s.HandlerMapping.Mappings - 
	o.s.w.u.SwaggerConfigResource:
	{GET [/api-docs/swagger-config], produces [application/json]}: openapiJson(HttpServletRequest)  
DEBUG 14:51:17.553 - - _.s.w.s.HandlerMapping.Mappings - 'beanNameHandlerMapping' {}  
DEBUG 14:51:17.735 - - _.s.w.s.HandlerMapping.Mappings - 'resourceHandlerMapping' {/webjars/**=ResourceHttpRequestHandler [classpath [META-INF/resources/webjars/]], /**=ResourceHttpRequestHandler [classpath [META-INF/resources/], classpath [resources/], classpath [static/], classpath [public/], ServletContext [/]], /swagger-ui*/*swagger-initializer.js=ResourceHttpRequestHandler [classpath [META-INF/resources/webjars/]], /swagger-ui*/**=ResourceHttpRequestHandler [classpath [META-INF/resources/webjars/]]}  
WARN  14:51:17.746 - - o.s.b.a.m.MustacheAutoConfiguration - Cannot find template location: classpath:/templates/ (please add some templates, check your Mustache configuration, or set spring.mustache.check-template-location=false)  
INFO  14:51:17.796 - - o.s.b.w.e.tomcat.TomcatWebServer - Tomcat started on port(s): 8800 (http) with context path ''  
INFO  14:51:17.805 - - loadrover.api.io.ApiApplicationKt - Started ApiApplicationKt in 1.466 seconds (process running for 1.715)  
INFO  14:51:22.042 - - o.a.tomcat.util.http.parser.Cookie - A cookie header was received [g_state={"i_l":0};] that contained an invalid cookie. That cookie will be ignored.
 Note: further occurrences of this error will be logged at DEBUG level.  
INFO  14:51:22.046 - - o.a.c.c.C.[Tomcat].[localhost].[/] - Initializing Spring DispatcherServlet 'dispatcherServlet'  
INFO  14:51:22.046 - - o.s.web.servlet.DispatcherServlet - Initializing Servlet 'dispatcherServlet'  
INFO  14:51:22.047 - - o.s.web.servlet.DispatcherServlet - Completed initialization in 1 ms  
DEBUG 14:52:00.046 - - l.a.i.d.s.SimulationScheduler - Check simulation result: 2024-02-01T14:52:00.041921  
INFO  14:52:07.674 - - loadrover.api.io.ApiApplicationKt - Starting ApiApplicationKt using Java 17.0.5 with PID 57233 (/Users/sasha/IdeaProjects/2bytes.loadrover-server/api/build/classes/kotlin/main started by sasha in /Users/sasha/IdeaProjects/2bytes.loadrover-server)  
DEBUG 14:52:07.676 - - loadrover.api.io.ApiApplicationKt - Running with Spring Boot v3.1.7, Spring v6.0.15  
INFO  14:52:07.676 - - loadrover.api.io.ApiApplicationKt - The following 1 profile is active: "local"  
INFO  14:52:08.283 - - o.s.b.w.e.tomcat.TomcatWebServer - Tomcat initialized with port(s): 8800 (http)  
INFO  14:52:08.288 - - o.a.catalina.core.StandardService - Starting service [Tomcat]  
INFO  14:52:08.288 - - o.a.catalina.core.StandardEngine - Starting Servlet engine: [Apache Tomcat/10.1.17]  
INFO  14:52:08.337 - - o.a.c.c.C.[Tomcat].[localhost].[/] - Initializing Spring embedded WebApplicationContext  
INFO  14:52:08.338 - - o.s.b.w.s.c.ServletWebServerApplicationContext - Root WebApplicationContext: initialization completed in 630 ms  
DEBUG 14:52:08.592 - - _.s.w.s.HandlerMapping.Mappings - 
	l.a.i.d.s.ScenarioController:
	{POST [/scenario]}: createScenario(RequestScenarioDto)
	{GET [/scenario/list]}: getScenarioList()  
DEBUG 14:52:08.595 - - _.s.w.s.HandlerMapping.Mappings - 
	l.a.i.d.s.SimulationController:
	{POST [/simulation/run]}: runSimulation(RunSimulationRequest)
	{GET [/simulation/{scenarioId}]}: getSimulationResult(String)  
DEBUG 14:52:08.595 - - _.s.w.s.HandlerMapping.Mappings - 
	l.a.i.i.HealthCheckController:
	{GET [/health-check]}: healthCheck()  
DEBUG 14:52:08.596 - - _.s.w.s.HandlerMapping.Mappings - 
	o.s.b.a.w.s.e.BasicErrorController:
	{ [/error]}: error(HttpServletRequest)
	{ [/error], produces [text/html]}: errorHtml(HttpServletRequest,HttpServletResponse)  
DEBUG 14:52:08.597 - - _.s.w.s.HandlerMapping.Mappings - 
	o.s.w.a.MultipleOpenApiWebMvcResource:
	{GET [/api-docs/{group}], produces [application/json]}: openapiJson(HttpServletRequest,String,String,Locale)
	{GET [/api-docs.yaml/{group}], produces [application/vnd.oai.openapi]}: openapiYaml(HttpServletRequest,String,String,Locale)  
DEBUG 14:52:08.600 - - _.s.w.s.HandlerMapping.Mappings - 
	o.s.w.a.OpenApiWebMvcResource:
	{GET [/api-docs], produces [application/json]}: openapiJson(HttpServletRequest,String,Locale)
	{GET [/api-docs.yaml], produces [application/vnd.oai.openapi]}: openapiYaml(HttpServletRequest,String,Locale)  
DEBUG 14:52:08.601 - - _.s.w.s.HandlerMapping.Mappings - 
	o.s.w.u.SwaggerWelcomeWebMvc:
	{GET [/swagger-ui.html]}: redirectToUi(HttpServletRequest)  
DEBUG 14:52:08.601 - - _.s.w.s.HandlerMapping.Mappings - 
	o.s.w.u.SwaggerConfigResource:
	{GET [/api-docs/swagger-config], produces [application/json]}: openapiJson(HttpServletRequest)  
DEBUG 14:52:08.605 - - _.s.w.s.HandlerMapping.Mappings - 'beanNameHandlerMapping' {}  
DEBUG 14:52:08.803 - - _.s.w.s.HandlerMapping.Mappings - 'resourceHandlerMapping' {/webjars/**=ResourceHttpRequestHandler [classpath [META-INF/resources/webjars/]], /**=ResourceHttpRequestHandler [classpath [META-INF/resources/], classpath [resources/], classpath [static/], classpath [public/], ServletContext [/]], /swagger-ui*/*swagger-initializer.js=ResourceHttpRequestHandler [classpath [META-INF/resources/webjars/]], /swagger-ui*/**=ResourceHttpRequestHandler [classpath [META-INF/resources/webjars/]]}  
WARN  14:52:08.814 - - o.s.b.a.m.MustacheAutoConfiguration - Cannot find template location: classpath:/templates/ (please add some templates, check your Mustache configuration, or set spring.mustache.check-template-location=false)  
INFO  14:52:08.868 - - o.s.b.w.e.tomcat.TomcatWebServer - Tomcat started on port(s): 8800 (http) with context path ''  
INFO  14:52:08.875 - - loadrover.api.io.ApiApplicationKt - Started ApiApplicationKt in 1.501 seconds (process running for 1.751)  
INFO  14:52:22.355 - - o.a.tomcat.util.http.parser.Cookie - A cookie header was received [g_state={"i_l":0};] that contained an invalid cookie. That cookie will be ignored.
 Note: further occurrences of this error will be logged at DEBUG level.  
INFO  14:52:22.360 - - o.a.c.c.C.[Tomcat].[localhost].[/] - Initializing Spring DispatcherServlet 'dispatcherServlet'  
INFO  14:52:22.360 - - o.s.web.servlet.DispatcherServlet - Initializing Servlet 'dispatcherServlet'  
INFO  14:52:22.361 - - o.s.web.servlet.DispatcherServlet - Completed initialization in 0 ms  
DEBUG 14:52:46.209 - - l.a.i.d.simulation.SimulationService - API call received. scenarioId: test20240201145222459  
DEBUG 14:53:00.022 - - l.a.i.d.s.SimulationScheduler - Check simulation result: 2024-02-01T14:53:00.022565  
INFO  14:53:55.393 - - loadrover.api.io.ApiApplicationKt - Starting ApiApplicationKt using Java 17.0.5 with PID 57416 (/Users/sasha/IdeaProjects/2bytes.loadrover-server/api/build/classes/kotlin/main started by sasha in /Users/sasha/IdeaProjects/2bytes.loadrover-server)  
DEBUG 14:53:55.395 - - loadrover.api.io.ApiApplicationKt - Running with Spring Boot v3.1.7, Spring v6.0.15  
INFO  14:53:55.396 - - loadrover.api.io.ApiApplicationKt - The following 1 profile is active: "local"  
INFO  14:53:56.049 - - o.s.b.w.e.tomcat.TomcatWebServer - Tomcat initialized with port(s): 8800 (http)  
INFO  14:53:56.054 - - o.a.catalina.core.StandardService - Starting service [Tomcat]  
INFO  14:53:56.054 - - o.a.catalina.core.StandardEngine - Starting Servlet engine: [Apache Tomcat/10.1.17]  
INFO  14:53:56.102 - - o.a.c.c.C.[Tomcat].[localhost].[/] - Initializing Spring embedded WebApplicationContext  
INFO  14:53:56.102 - - o.s.b.w.s.c.ServletWebServerApplicationContext - Root WebApplicationContext: initialization completed in 664 ms  
DEBUG 14:53:56.276 - - _.s.w.s.HandlerMapping.Mappings - 
	l.a.i.d.s.ScenarioController:
	{POST [/scenario]}: createScenario(RequestScenarioDto)
	{GET [/scenario/list]}: getScenarioList()  
DEBUG 14:53:56.277 - - _.s.w.s.HandlerMapping.Mappings - 
	l.a.i.d.s.SimulationController:
	{POST [/simulation/run]}: runSimulation(RunSimulationRequest)
	{GET [/simulation/{scenarioId}]}: getSimulationResult(String)  
DEBUG 14:53:56.278 - - _.s.w.s.HandlerMapping.Mappings - 
	l.a.i.i.HealthCheckController:
	{GET [/health-check]}: healthCheck()  
DEBUG 14:53:56.279 - - _.s.w.s.HandlerMapping.Mappings - 
	o.s.b.a.w.s.e.BasicErrorController:
	{ [/error]}: error(HttpServletRequest)
	{ [/error], produces [text/html]}: errorHtml(HttpServletRequest,HttpServletResponse)  
DEBUG 14:53:56.280 - - _.s.w.s.HandlerMapping.Mappings - 
	o.s.w.a.MultipleOpenApiWebMvcResource:
	{GET [/api-docs/{group}], produces [application/json]}: openapiJson(HttpServletRequest,String,String,Locale)
	{GET [/api-docs.yaml/{group}], produces [application/vnd.oai.openapi]}: openapiYaml(HttpServletRequest,String,String,Locale)  
DEBUG 14:53:56.283 - - _.s.w.s.HandlerMapping.Mappings - 
	o.s.w.a.OpenApiWebMvcResource:
	{GET [/api-docs], produces [application/json]}: openapiJson(HttpServletRequest,String,Locale)
	{GET [/api-docs.yaml], produces [application/vnd.oai.openapi]}: openapiYaml(HttpServletRequest,String,Locale)  
DEBUG 14:53:56.283 - - _.s.w.s.HandlerMapping.Mappings - 
	o.s.w.u.SwaggerWelcomeWebMvc:
	{GET [/swagger-ui.html]}: redirectToUi(HttpServletRequest)  
DEBUG 14:53:56.283 - - _.s.w.s.HandlerMapping.Mappings - 
	o.s.w.u.SwaggerConfigResource:
	{GET [/api-docs/swagger-config], produces [application/json]}: openapiJson(HttpServletRequest)  
DEBUG 14:53:56.287 - - _.s.w.s.HandlerMapping.Mappings - 'beanNameHandlerMapping' {}  
DEBUG 14:53:56.515 - - _.s.w.s.HandlerMapping.Mappings - 'resourceHandlerMapping' {/webjars/**=ResourceHttpRequestHandler [classpath [META-INF/resources/webjars/]], /**=ResourceHttpRequestHandler [classpath [META-INF/resources/], classpath [resources/], classpath [static/], classpath [public/], ServletContext [/]], /swagger-ui*/*swagger-initializer.js=ResourceHttpRequestHandler [classpath [META-INF/resources/webjars/]], /swagger-ui*/**=ResourceHttpRequestHandler [classpath [META-INF/resources/webjars/]]}  
WARN  14:53:56.534 - - o.s.b.a.m.MustacheAutoConfiguration - Cannot find template location: classpath:/templates/ (please add some templates, check your Mustache configuration, or set spring.mustache.check-template-location=false)  
INFO  14:53:56.585 - - o.s.b.w.e.tomcat.TomcatWebServer - Tomcat started on port(s): 8800 (http) with context path ''  
INFO  14:53:56.593 - - loadrover.api.io.ApiApplicationKt - Started ApiApplicationKt in 1.546 seconds (process running for 1.829)  
DEBUG 14:54:00.017 - - l.a.i.d.s.SimulationScheduler - Check simulation result: 2024-02-01T14:54:00.017093  
DEBUG 14:55:00.011 - - l.a.i.d.s.SimulationScheduler - Check simulation result: 2024-02-01T14:55:00.010627  
DEBUG 14:56:00.006 - - l.a.i.d.s.SimulationScheduler - Check simulation result: 2024-02-01T14:56:00.006509  
DEBUG 14:57:00.008 - - l.a.i.d.s.SimulationScheduler - Check simulation result: 2024-02-01T14:57:00.008199  
INFO  14:57:59.942 - - loadrover.api.io.ApiApplicationKt - Starting ApiApplicationKt using Java 17.0.5 with PID 57739 (/Users/sasha/IdeaProjects/2bytes.loadrover-server/api/build/classes/kotlin/main started by sasha in /Users/sasha/IdeaProjects/2bytes.loadrover-server)  
DEBUG 14:57:59.945 - - loadrover.api.io.ApiApplicationKt - Running with Spring Boot v3.1.7, Spring v6.0.15  
INFO  14:57:59.945 - - loadrover.api.io.ApiApplicationKt - The following 1 profile is active: "local"  
INFO  14:58:00.582 - - o.s.b.w.e.tomcat.TomcatWebServer - Tomcat initialized with port(s): 8800 (http)  
INFO  14:58:00.589 - - o.a.catalina.core.StandardService - Starting service [Tomcat]  
INFO  14:58:00.589 - - o.a.catalina.core.StandardEngine - Starting Servlet engine: [Apache Tomcat/10.1.17]  
INFO  14:58:00.641 - - o.a.c.c.C.[Tomcat].[localhost].[/] - Initializing Spring embedded WebApplicationContext  
INFO  14:58:00.642 - - o.s.b.w.s.c.ServletWebServerApplicationContext - Root WebApplicationContext: initialization completed in 664 ms  
DEBUG 14:58:00.884 - - _.s.w.s.HandlerMapping.Mappings - 
	l.a.i.d.s.ScenarioController:
	{POST [/scenario]}: createScenario(RequestScenarioDto)
	{GET [/scenario/list]}: getScenarioList()  
DEBUG 14:58:00.886 - - _.s.w.s.HandlerMapping.Mappings - 
	l.a.i.d.s.SimulationController:
	{POST [/simulation/run]}: runSimulation(RunSimulationRequest)
	{GET [/simulation/{scenarioId}]}: getSimulationResult(String)  
DEBUG 14:58:00.887 - - _.s.w.s.HandlerMapping.Mappings - 
	l.a.i.i.HealthCheckController:
	{GET [/health-check]}: healthCheck()  
DEBUG 14:58:00.888 - - _.s.w.s.HandlerMapping.Mappings - 
	o.s.b.a.w.s.e.BasicErrorController:
	{ [/error]}: error(HttpServletRequest)
	{ [/error], produces [text/html]}: errorHtml(HttpServletRequest,HttpServletResponse)  
DEBUG 14:58:00.889 - - _.s.w.s.HandlerMapping.Mappings - 
	o.s.w.a.MultipleOpenApiWebMvcResource:
	{GET [/api-docs/{group}], produces [application/json]}: openapiJson(HttpServletRequest,String,String,Locale)
	{GET [/api-docs.yaml/{group}], produces [application/vnd.oai.openapi]}: openapiYaml(HttpServletRequest,String,String,Locale)  
DEBUG 14:58:00.892 - - _.s.w.s.HandlerMapping.Mappings - 
	o.s.w.a.OpenApiWebMvcResource:
	{GET [/api-docs], produces [application/json]}: openapiJson(HttpServletRequest,String,Locale)
	{GET [/api-docs.yaml], produces [application/vnd.oai.openapi]}: openapiYaml(HttpServletRequest,String,Locale)  
DEBUG 14:58:00.893 - - _.s.w.s.HandlerMapping.Mappings - 
	o.s.w.u.SwaggerWelcomeWebMvc:
	{GET [/swagger-ui.html]}: redirectToUi(HttpServletRequest)  
DEBUG 14:58:00.893 - - _.s.w.s.HandlerMapping.Mappings - 
	o.s.w.u.SwaggerConfigResource:
	{GET [/api-docs/swagger-config], produces [application/json]}: openapiJson(HttpServletRequest)  
DEBUG 14:58:00.897 - - _.s.w.s.HandlerMapping.Mappings - 'beanNameHandlerMapping' {}  
DEBUG 14:58:01.104 - - _.s.w.s.HandlerMapping.Mappings - 'resourceHandlerMapping' {/webjars/**=ResourceHttpRequestHandler [classpath [META-INF/resources/webjars/]], /**=ResourceHttpRequestHandler [classpath [META-INF/resources/], classpath [resources/], classpath [static/], classpath [public/], ServletContext [/]], /swagger-ui*/*swagger-initializer.js=ResourceHttpRequestHandler [classpath [META-INF/resources/webjars/]], /swagger-ui*/**=ResourceHttpRequestHandler [classpath [META-INF/resources/webjars/]]}  
WARN  14:58:01.114 - - o.s.b.a.m.MustacheAutoConfiguration - Cannot find template location: classpath:/templates/ (please add some templates, check your Mustache configuration, or set spring.mustache.check-template-location=false)  
INFO  14:58:01.160 - - o.s.b.w.e.tomcat.TomcatWebServer - Tomcat started on port(s): 8800 (http) with context path ''  
INFO  14:58:01.167 - - loadrover.api.io.ApiApplicationKt - Started ApiApplicationKt in 1.531 seconds (process running for 1.792)  
INFO  14:58:11.227 - - o.a.tomcat.util.http.parser.Cookie - A cookie header was received [g_state={"i_l":0};] that contained an invalid cookie. That cookie will be ignored.
 Note: further occurrences of this error will be logged at DEBUG level.  
INFO  14:58:11.232 - - o.a.c.c.C.[Tomcat].[localhost].[/] - Initializing Spring DispatcherServlet 'dispatcherServlet'  
INFO  14:58:11.233 - - o.s.web.servlet.DispatcherServlet - Initializing Servlet 'dispatcherServlet'  
INFO  14:58:11.233 - - o.s.web.servlet.DispatcherServlet - Completed initialization in 0 ms  
DEBUG 14:58:52.967 - - l.a.i.d.simulation.SimulationService - API call received. scenarioId: test202402011458113289  
ERROR 14:58:52.985 - - l.a.i.d.scenario.ScenarioService - Failed to move file: gatling/src/gatling/resources/static/source/test202402011458113289.json  
DEBUG 14:59:00.004 - - l.a.i.d.s.SimulationScheduler - Check simulation result: 2024-02-01T14:59:00.004386  
DEBUG 15:00:00.015 - - l.a.i.d.s.SimulationScheduler - Check simulation result: 2024-02-01T15:00:00.014897  
DEBUG 15:01:00.017 - - l.a.i.d.s.SimulationScheduler - Check simulation result: 2024-02-01T15:01:00.017032  
DEBUG 15:02:00.082 - - l.a.i.d.s.SimulationScheduler - Check simulation result: 2024-02-01T15:02:00.082219  
DEBUG 15:03:00.017 - - l.a.i.d.s.SimulationScheduler - Check simulation result: 2024-02-01T15:03:00.014311  
DEBUG 15:04:00.019 - - l.a.i.d.s.SimulationScheduler - Check simulation result: 2024-02-01T15:04:00.018457  
DEBUG 15:05:00.012 - - l.a.i.d.s.SimulationScheduler - Check simulation result: 2024-02-01T15:05:00.012185  
DEBUG 15:06:00.017 - - l.a.i.d.s.SimulationScheduler - Check simulation result: 2024-02-01T15:06:00.017743  
DEBUG 15:07:00.016 - - l.a.i.d.s.SimulationScheduler - Check simulation result: 2024-02-01T15:07:00.015499  
INFO  15:07:22.191 - - loadrover.api.io.ApiApplicationKt - Starting ApiApplicationKt using Java 17.0.5 with PID 58689 (/Users/sasha/IdeaProjects/2bytes.loadrover-server/api/build/classes/kotlin/main started by sasha in /Users/sasha/IdeaProjects/2bytes.loadrover-server)  
DEBUG 15:07:22.193 - - loadrover.api.io.ApiApplicationKt - Running with Spring Boot v3.1.7, Spring v6.0.15  
INFO  15:07:22.193 - - loadrover.api.io.ApiApplicationKt - The following 1 profile is active: "local"  
INFO  15:07:22.828 - - o.s.b.w.e.tomcat.TomcatWebServer - Tomcat initialized with port(s): 8800 (http)  
INFO  15:07:22.833 - - o.a.catalina.core.StandardService - Starting service [Tomcat]  
INFO  15:07:22.833 - - o.a.catalina.core.StandardEngine - Starting Servlet engine: [Apache Tomcat/10.1.17]  
INFO  15:07:22.883 - - o.a.c.c.C.[Tomcat].[localhost].[/] - Initializing Spring embedded WebApplicationContext  
INFO  15:07:22.884 - - o.s.b.w.s.c.ServletWebServerApplicationContext - Root WebApplicationContext: initialization completed in 657 ms  
DEBUG 15:07:23.062 - - _.s.w.s.HandlerMapping.Mappings - 
	l.a.i.d.s.ScenarioController:
	{POST [/scenario]}: createScenario(RequestScenarioDto)
	{GET [/scenario/list]}: getScenarioList()  
DEBUG 15:07:23.063 - - _.s.w.s.HandlerMapping.Mappings - 
	l.a.i.d.s.SimulationController:
	{POST [/simulation/run]}: runSimulation(RunSimulationRequest)
	{GET [/simulation/{scenarioId}]}: getSimulationResult(String)  
DEBUG 15:07:23.064 - - _.s.w.s.HandlerMapping.Mappings - 
	l.a.i.i.HealthCheckController:
	{GET [/health-check]}: healthCheck()  
DEBUG 15:07:23.065 - - _.s.w.s.HandlerMapping.Mappings - 
	o.s.b.a.w.s.e.BasicErrorController:
	{ [/error]}: error(HttpServletRequest)
	{ [/error], produces [text/html]}: errorHtml(HttpServletRequest,HttpServletResponse)  
DEBUG 15:07:23.066 - - _.s.w.s.HandlerMapping.Mappings - 
	o.s.w.a.MultipleOpenApiWebMvcResource:
	{GET [/api-docs/{group}], produces [application/json]}: openapiJson(HttpServletRequest,String,String,Locale)
	{GET [/api-docs.yaml/{group}], produces [application/vnd.oai.openapi]}: openapiYaml(HttpServletRequest,String,String,Locale)  
DEBUG 15:07:23.068 - - _.s.w.s.HandlerMapping.Mappings - 
	o.s.w.a.OpenApiWebMvcResource:
	{GET [/api-docs], produces [application/json]}: openapiJson(HttpServletRequest,String,Locale)
	{GET [/api-docs.yaml], produces [application/vnd.oai.openapi]}: openapiYaml(HttpServletRequest,String,Locale)  
DEBUG 15:07:23.069 - - _.s.w.s.HandlerMapping.Mappings - 
	o.s.w.u.SwaggerWelcomeWebMvc:
	{GET [/swagger-ui.html]}: redirectToUi(HttpServletRequest)  
DEBUG 15:07:23.069 - - _.s.w.s.HandlerMapping.Mappings - 
	o.s.w.u.SwaggerConfigResource:
	{GET [/api-docs/swagger-config], produces [application/json]}: openapiJson(HttpServletRequest)  
DEBUG 15:07:23.072 - - _.s.w.s.HandlerMapping.Mappings - 'beanNameHandlerMapping' {}  
DEBUG 15:07:23.280 - - _.s.w.s.HandlerMapping.Mappings - 'resourceHandlerMapping' {/webjars/**=ResourceHttpRequestHandler [classpath [META-INF/resources/webjars/]], /**=ResourceHttpRequestHandler [classpath [META-INF/resources/], classpath [resources/], classpath [static/], classpath [public/], ServletContext [/]], /swagger-ui*/*swagger-initializer.js=ResourceHttpRequestHandler [classpath [META-INF/resources/webjars/]], /swagger-ui*/**=ResourceHttpRequestHandler [classpath [META-INF/resources/webjars/]]}  
WARN  15:07:23.293 - - o.s.b.a.m.MustacheAutoConfiguration - Cannot find template location: classpath:/templates/ (please add some templates, check your Mustache configuration, or set spring.mustache.check-template-location=false)  
INFO  15:07:23.340 - - o.s.b.w.e.tomcat.TomcatWebServer - Tomcat started on port(s): 8800 (http) with context path ''  
INFO  15:07:23.347 - - loadrover.api.io.ApiApplicationKt - Started ApiApplicationKt in 1.435 seconds (process running for 1.701)  
INFO  15:07:41.337 - - o.a.tomcat.util.http.parser.Cookie - A cookie header was received [g_state={"i_l":0};] that contained an invalid cookie. That cookie will be ignored.
 Note: further occurrences of this error will be logged at DEBUG level.  
INFO  15:07:41.343 - - o.a.c.c.C.[Tomcat].[localhost].[/] - Initializing Spring DispatcherServlet 'dispatcherServlet'  
INFO  15:07:41.344 - - o.s.web.servlet.DispatcherServlet - Initializing Servlet 'dispatcherServlet'  
INFO  15:07:41.344 - - o.s.web.servlet.DispatcherServlet - Completed initialization in 0 ms  
DEBUG 15:08:00.018 - - l.a.i.d.s.SimulationScheduler - Check simulation result: 2024-02-01T15:08:00.018676  
DEBUG 15:08:25.982 - - l.a.i.d.simulation.SimulationService - API call received. scenarioId: testtestest20240201150741437  
DEBUG 15:09:00.009 - - l.a.i.d.s.SimulationScheduler - Check simulation result: 2024-02-01T15:09:00.009202  
DEBUG 15:10:00.017 - - l.a.i.d.s.SimulationScheduler - Check simulation result: 2024-02-01T15:10:00.017231  
INFO  15:10:51.110 - - loadrover.api.io.ApiApplicationKt - Starting ApiApplicationKt using Java 17.0.5 with PID 59028 (/Users/sasha/IdeaProjects/2bytes.loadrover-server/api/build/classes/kotlin/main started by sasha in /Users/sasha/IdeaProjects/2bytes.loadrover-server)  
DEBUG 15:10:51.112 - - loadrover.api.io.ApiApplicationKt - Running with Spring Boot v3.1.7, Spring v6.0.15  
INFO  15:10:51.112 - - loadrover.api.io.ApiApplicationKt - The following 1 profile is active: "local"  
INFO  15:10:51.723 - - o.s.b.w.e.tomcat.TomcatWebServer - Tomcat initialized with port(s): 8800 (http)  
INFO  15:10:51.727 - - o.a.catalina.core.StandardService - Starting service [Tomcat]  
INFO  15:10:51.727 - - o.a.catalina.core.StandardEngine - Starting Servlet engine: [Apache Tomcat/10.1.17]  
INFO  15:10:51.777 - - o.a.c.c.C.[Tomcat].[localhost].[/] - Initializing Spring embedded WebApplicationContext  
INFO  15:10:51.778 - - o.s.b.w.s.c.ServletWebServerApplicationContext - Root WebApplicationContext: initialization completed in 635 ms  
DEBUG 15:10:51.956 - - _.s.w.s.HandlerMapping.Mappings - 
	l.a.i.d.s.ScenarioController:
	{POST [/scenario]}: createScenario(RequestScenarioDto)
	{GET [/scenario/list]}: getScenarioList()  
DEBUG 15:10:51.957 - - _.s.w.s.HandlerMapping.Mappings - 
	l.a.i.d.s.SimulationController:
	{POST [/simulation/run]}: runSimulation(RunSimulationRequest)
	{GET [/simulation/{scenarioId}]}: getSimulationResult(String)  
DEBUG 15:10:51.958 - - _.s.w.s.HandlerMapping.Mappings - 
	l.a.i.i.HealthCheckController:
	{GET [/health-check]}: healthCheck()  
DEBUG 15:10:51.959 - - _.s.w.s.HandlerMapping.Mappings - 
	o.s.b.a.w.s.e.BasicErrorController:
	{ [/error]}: error(HttpServletRequest)
	{ [/error], produces [text/html]}: errorHtml(HttpServletRequest,HttpServletResponse)  
DEBUG 15:10:51.960 - - _.s.w.s.HandlerMapping.Mappings - 
	o.s.w.a.MultipleOpenApiWebMvcResource:
	{GET [/api-docs/{group}], produces [application/json]}: openapiJson(HttpServletRequest,String,String,Locale)
	{GET [/api-docs.yaml/{group}], produces [application/vnd.oai.openapi]}: openapiYaml(HttpServletRequest,String,String,Locale)  
DEBUG 15:10:51.963 - - _.s.w.s.HandlerMapping.Mappings - 
	o.s.w.a.OpenApiWebMvcResource:
	{GET [/api-docs], produces [application/json]}: openapiJson(HttpServletRequest,String,Locale)
	{GET [/api-docs.yaml], produces [application/vnd.oai.openapi]}: openapiYaml(HttpServletRequest,String,Locale)  
DEBUG 15:10:51.963 - - _.s.w.s.HandlerMapping.Mappings - 
	o.s.w.u.SwaggerWelcomeWebMvc:
	{GET [/swagger-ui.html]}: redirectToUi(HttpServletRequest)  
DEBUG 15:10:51.964 - - _.s.w.s.HandlerMapping.Mappings - 
	o.s.w.u.SwaggerConfigResource:
	{GET [/api-docs/swagger-config], produces [application/json]}: openapiJson(HttpServletRequest)  
DEBUG 15:10:51.967 - - _.s.w.s.HandlerMapping.Mappings - 'beanNameHandlerMapping' {}  
DEBUG 15:10:52.168 - - _.s.w.s.HandlerMapping.Mappings - 'resourceHandlerMapping' {/webjars/**=ResourceHttpRequestHandler [classpath [META-INF/resources/webjars/]], /**=ResourceHttpRequestHandler [classpath [META-INF/resources/], classpath [resources/], classpath [static/], classpath [public/], ServletContext [/]], /swagger-ui*/*swagger-initializer.js=ResourceHttpRequestHandler [classpath [META-INF/resources/webjars/]], /swagger-ui*/**=ResourceHttpRequestHandler [classpath [META-INF/resources/webjars/]]}  
WARN  15:10:52.180 - - o.s.b.a.m.MustacheAutoConfiguration - Cannot find template location: classpath:/templates/ (please add some templates, check your Mustache configuration, or set spring.mustache.check-template-location=false)  
INFO  15:10:52.232 - - o.s.b.w.e.tomcat.TomcatWebServer - Tomcat started on port(s): 8800 (http) with context path ''  
INFO  15:10:52.243 - - loadrover.api.io.ApiApplicationKt - Started ApiApplicationKt in 1.478 seconds (process running for 1.729)  
DEBUG 15:11:00.015 - - l.a.i.d.s.SimulationScheduler - Check simulation result: 2024-02-01T15:11:00.015668  
DEBUG 15:12:00.023 - - l.a.i.d.s.SimulationScheduler - Check simulation result: 2024-02-01T15:12:00.022693  
DEBUG 15:13:00.033 - - l.a.i.d.s.SimulationScheduler - Check simulation result: 2024-02-01T15:13:00.032757  
DEBUG 15:14:00.032 - - l.a.i.d.s.SimulationScheduler - Check simulation result: 2024-02-01T15:14:00.028558  
DEBUG 15:15:00.011 - - l.a.i.d.s.SimulationScheduler - Check simulation result: 2024-02-01T15:15:00.008067  
DEBUG 15:16:00.022 - - l.a.i.d.s.SimulationScheduler - Check simulation result: 2024-02-01T15:16:00.022239  
DEBUG 15:17:00.050 - - l.a.i.d.s.SimulationScheduler - Check simulation result: 2024-02-01T15:17:00.028588  
DEBUG 15:18:00.015 - - l.a.i.d.s.SimulationScheduler - Check simulation result: 2024-02-01T15:18:00.015487  
DEBUG 15:19:00.027 - - l.a.i.d.s.SimulationScheduler - Check simulation result: 2024-02-01T15:19:00.027381  
DEBUG 15:20:00.020 - - l.a.i.d.s.SimulationScheduler - Check simulation result: 2024-02-01T15:20:00.020307  
DEBUG 15:21:00.023 - - l.a.i.d.s.SimulationScheduler - Check simulation result: 2024-02-01T15:21:00.023234  
DEBUG 15:22:09.162 - - l.a.i.d.s.SimulationScheduler - Check simulation result: 2024-02-01T15:22:09.162527  
DEBUG 15:23:00.008 - - l.a.i.d.s.SimulationScheduler - Check simulation result: 2024-02-01T15:23:00.008175  
DEBUG 15:24:00.007 - - l.a.i.d.s.SimulationScheduler - Check simulation result: 2024-02-01T15:24:00.007143  
INFO  15:24:35.916 - - loadrover.api.io.ApiApplicationKt - Starting ApiApplicationKt using Java 17.0.5 with PID 60388 (/Users/sasha/IdeaProjects/2bytes.loadrover-server/api/build/classes/kotlin/main started by sasha in /Users/sasha/IdeaProjects/2bytes.loadrover-server)  
DEBUG 15:24:35.918 - - loadrover.api.io.ApiApplicationKt - Running with Spring Boot v3.1.7, Spring v6.0.15  
INFO  15:24:35.918 - - loadrover.api.io.ApiApplicationKt - The following 1 profile is active: "local"  
INFO  15:24:36.599 - - o.s.b.w.e.tomcat.TomcatWebServer - Tomcat initialized with port(s): 8800 (http)  
INFO  15:24:36.606 - - o.a.catalina.core.StandardService - Starting service [Tomcat]  
INFO  15:24:36.606 - - o.a.catalina.core.StandardEngine - Starting Servlet engine: [Apache Tomcat/10.1.17]  
INFO  15:24:36.658 - - o.a.c.c.C.[Tomcat].[localhost].[/] - Initializing Spring embedded WebApplicationContext  
INFO  15:24:36.659 - - o.s.b.w.s.c.ServletWebServerApplicationContext - Root WebApplicationContext: initialization completed in 710 ms  
DEBUG 15:24:36.839 - - _.s.w.s.HandlerMapping.Mappings - 
	l.a.i.d.s.ScenarioController:
	{POST [/scenario]}: createScenario(RequestScenarioDto)
	{GET [/scenario/list]}: getScenarioList()  
DEBUG 15:24:36.840 - - _.s.w.s.HandlerMapping.Mappings - 
	l.a.i.d.s.SimulationController:
	{POST [/simulation/run]}: runSimulation(RunSimulationRequest)
	{GET [/simulation/{scenarioId}]}: getSimulationResult(String)  
DEBUG 15:24:36.841 - - _.s.w.s.HandlerMapping.Mappings - 
	l.a.i.i.HealthCheckController:
	{GET [/health-check]}: healthCheck()  
DEBUG 15:24:36.842 - - _.s.w.s.HandlerMapping.Mappings - 
	o.s.b.a.w.s.e.BasicErrorController:
	{ [/error]}: error(HttpServletRequest)
	{ [/error], produces [text/html]}: errorHtml(HttpServletRequest,HttpServletResponse)  
DEBUG 15:24:36.843 - - _.s.w.s.HandlerMapping.Mappings - 
	o.s.w.a.MultipleOpenApiWebMvcResource:
	{GET [/api-docs/{group}], produces [application/json]}: openapiJson(HttpServletRequest,String,String,Locale)
	{GET [/api-docs.yaml/{group}], produces [application/vnd.oai.openapi]}: openapiYaml(HttpServletRequest,String,String,Locale)  
DEBUG 15:24:36.846 - - _.s.w.s.HandlerMapping.Mappings - 
	o.s.w.a.OpenApiWebMvcResource:
	{GET [/api-docs], produces [application/json]}: openapiJson(HttpServletRequest,String,Locale)
	{GET [/api-docs.yaml], produces [application/vnd.oai.openapi]}: openapiYaml(HttpServletRequest,String,Locale)  
DEBUG 15:24:36.847 - - _.s.w.s.HandlerMapping.Mappings - 
	o.s.w.u.SwaggerWelcomeWebMvc:
	{GET [/swagger-ui.html]}: redirectToUi(HttpServletRequest)  
DEBUG 15:24:36.847 - - _.s.w.s.HandlerMapping.Mappings - 
	o.s.w.u.SwaggerConfigResource:
	{GET [/api-docs/swagger-config], produces [application/json]}: openapiJson(HttpServletRequest)  
DEBUG 15:24:36.850 - - _.s.w.s.HandlerMapping.Mappings - 'beanNameHandlerMapping' {}  
DEBUG 15:24:37.057 - - _.s.w.s.HandlerMapping.Mappings - 'resourceHandlerMapping' {/webjars/**=ResourceHttpRequestHandler [classpath [META-INF/resources/webjars/]], /**=ResourceHttpRequestHandler [classpath [META-INF/resources/], classpath [resources/], classpath [static/], classpath [public/], ServletContext [/]], /swagger-ui*/*swagger-initializer.js=ResourceHttpRequestHandler [classpath [META-INF/resources/webjars/]], /swagger-ui*/**=ResourceHttpRequestHandler [classpath [META-INF/resources/webjars/]]}  
WARN  15:24:37.070 - - o.s.b.a.m.MustacheAutoConfiguration - Cannot find template location: classpath:/templates/ (please add some templates, check your Mustache configuration, or set spring.mustache.check-template-location=false)  
INFO  15:24:37.118 - - o.s.b.w.e.tomcat.TomcatWebServer - Tomcat started on port(s): 8800 (http) with context path ''  
INFO  15:24:37.126 - - loadrover.api.io.ApiApplicationKt - Started ApiApplicationKt in 1.491 seconds (process running for 1.741)  
DEBUG 15:25:00.012 - - l.a.i.d.s.SimulationScheduler - Check simulation result: 2024-02-01T15:25:00.011969  
INFO  15:25:09.888 - - loadrover.api.io.ApiApplicationKt - Starting ApiApplicationKt using Java 17.0.5 with PID 60446 (/Users/sasha/IdeaProjects/2bytes.loadrover-server/api/build/classes/kotlin/main started by sasha in /Users/sasha/IdeaProjects/2bytes.loadrover-server)  
DEBUG 15:25:09.890 - - loadrover.api.io.ApiApplicationKt - Running with Spring Boot v3.1.7, Spring v6.0.15  
INFO  15:25:09.891 - - loadrover.api.io.ApiApplicationKt - The following 1 profile is active: "local"  
INFO  15:25:10.487 - - o.s.b.w.e.tomcat.TomcatWebServer - Tomcat initialized with port(s): 8800 (http)  
INFO  15:25:10.493 - - o.a.catalina.core.StandardService - Starting service [Tomcat]  
INFO  15:25:10.493 - - o.a.catalina.core.StandardEngine - Starting Servlet engine: [Apache Tomcat/10.1.17]  
INFO  15:25:10.546 - - o.a.c.c.C.[Tomcat].[localhost].[/] - Initializing Spring embedded WebApplicationContext  
INFO  15:25:10.546 - - o.s.b.w.s.c.ServletWebServerApplicationContext - Root WebApplicationContext: initialization completed in 625 ms  
DEBUG 15:25:10.722 - - _.s.w.s.HandlerMapping.Mappings - 
	l.a.i.d.s.ScenarioController:
	{POST [/scenario]}: createScenario(RequestScenarioDto)
	{GET [/scenario/list]}: getScenarioList()  
DEBUG 15:25:10.723 - - _.s.w.s.HandlerMapping.Mappings - 
	l.a.i.d.s.SimulationController:
	{POST [/simulation/run]}: runSimulation(RunSimulationRequest)
	{GET [/simulation/{scenarioId}]}: getSimulationResult(String)  
DEBUG 15:25:10.723 - - _.s.w.s.HandlerMapping.Mappings - 
	l.a.i.i.HealthCheckController:
	{GET [/health-check]}: healthCheck()  
DEBUG 15:25:10.724 - - _.s.w.s.HandlerMapping.Mappings - 
	o.s.b.a.w.s.e.BasicErrorController:
	{ [/error]}: error(HttpServletRequest)
	{ [/error], produces [text/html]}: errorHtml(HttpServletRequest,HttpServletResponse)  
DEBUG 15:25:10.725 - - _.s.w.s.HandlerMapping.Mappings - 
	o.s.w.a.MultipleOpenApiWebMvcResource:
	{GET [/api-docs/{group}], produces [application/json]}: openapiJson(HttpServletRequest,String,String,Locale)
	{GET [/api-docs.yaml/{group}], produces [application/vnd.oai.openapi]}: openapiYaml(HttpServletRequest,String,String,Locale)  
DEBUG 15:25:10.728 - - _.s.w.s.HandlerMapping.Mappings - 
	o.s.w.a.OpenApiWebMvcResource:
	{GET [/api-docs], produces [application/json]}: openapiJson(HttpServletRequest,String,Locale)
	{GET [/api-docs.yaml], produces [application/vnd.oai.openapi]}: openapiYaml(HttpServletRequest,String,Locale)  
DEBUG 15:25:10.729 - - _.s.w.s.HandlerMapping.Mappings - 
	o.s.w.u.SwaggerWelcomeWebMvc:
	{GET [/swagger-ui.html]}: redirectToUi(HttpServletRequest)  
DEBUG 15:25:10.729 - - _.s.w.s.HandlerMapping.Mappings - 
	o.s.w.u.SwaggerConfigResource:
	{GET [/api-docs/swagger-config], produces [application/json]}: openapiJson(HttpServletRequest)  
DEBUG 15:25:10.733 - - _.s.w.s.HandlerMapping.Mappings - 'beanNameHandlerMapping' {}  
DEBUG 15:25:10.949 - - _.s.w.s.HandlerMapping.Mappings - 'resourceHandlerMapping' {/webjars/**=ResourceHttpRequestHandler [classpath [META-INF/resources/webjars/]], /**=ResourceHttpRequestHandler [classpath [META-INF/resources/], classpath [resources/], classpath [static/], classpath [public/], ServletContext [/]], /swagger-ui*/*swagger-initializer.js=ResourceHttpRequestHandler [classpath [META-INF/resources/webjars/]], /swagger-ui*/**=ResourceHttpRequestHandler [classpath [META-INF/resources/webjars/]]}  
WARN  15:25:10.961 - - o.s.b.a.m.MustacheAutoConfiguration - Cannot find template location: classpath:/templates/ (please add some templates, check your Mustache configuration, or set spring.mustache.check-template-location=false)  
INFO  15:25:11.009 - - o.s.b.w.e.tomcat.TomcatWebServer - Tomcat started on port(s): 8800 (http) with context path ''  
INFO  15:25:11.016 - - loadrover.api.io.ApiApplicationKt - Started ApiApplicationKt in 1.429 seconds (process running for 1.644)  
INFO  15:25:21.176 - - o.a.tomcat.util.http.parser.Cookie - A cookie header was received [g_state={"i_l":0};] that contained an invalid cookie. That cookie will be ignored.
 Note: further occurrences of this error will be logged at DEBUG level.  
INFO  15:25:21.180 - - o.a.c.c.C.[Tomcat].[localhost].[/] - Initializing Spring DispatcherServlet 'dispatcherServlet'  
INFO  15:25:21.180 - - o.s.web.servlet.DispatcherServlet - Initializing Servlet 'dispatcherServlet'  
INFO  15:25:21.181 - - o.s.web.servlet.DispatcherServlet - Completed initialization in 1 ms  
DEBUG 15:26:00.035 - - l.a.i.d.s.SimulationScheduler - Check simulation result: 2024-02-01T15:26:00.035053  
DEBUG 15:26:23.687 - - l.a.i.d.simulation.SimulationService - API call received. scenarioId: testtestesttest20240201152521280  
DEBUG 15:27:00.009 - - l.a.i.d.s.SimulationScheduler - Check simulation result: 2024-02-01T15:27:00.008800  
DEBUG 15:28:00.009 - - l.a.i.d.s.SimulationScheduler - Check simulation result: 2024-02-01T15:28:00.009254  
DEBUG 15:29:00.002 - - l.a.i.d.s.SimulationScheduler - Check simulation result: 2024-02-01T15:29:00.002422  
DEBUG 15:29:13.171 - - l.a.i.d.simulation.SimulationService - API call received. scenarioId: testtestesttest20240201152855987  
DEBUG 15:30:00.027 - - l.a.i.d.s.SimulationScheduler - Check simulation result: 2024-02-01T15:30:00.026850  
DEBUG 15:31:00.020 - - l.a.i.d.s.SimulationScheduler - Check simulation result: 2024-02-01T15:31:00.020369  
DEBUG 15:32:00.008 - - l.a.i.d.s.SimulationScheduler - Check simulation result: 2024-02-01T15:32:00.008786  
DEBUG 15:33:00.005 - - l.a.i.d.s.SimulationScheduler - Check simulation result: 2024-02-01T15:33:00.005026  
DEBUG 15:34:00.004 - - l.a.i.d.s.SimulationScheduler - Check simulation result: 2024-02-01T15:34:00.004501  
DEBUG 15:35:00.003 - - l.a.i.d.s.SimulationScheduler - Check simulation result: 2024-02-01T15:35:00.003536  
DEBUG 15:36:00.014 - - l.a.i.d.s.SimulationScheduler - Check simulation result: 2024-02-01T15:36:00.014264  
DEBUG 15:37:00.003 - - l.a.i.d.s.SimulationScheduler - Check simulation result: 2024-02-01T15:37:00.003187  
DEBUG 15:38:00.004 - - l.a.i.d.s.SimulationScheduler - Check simulation result: 2024-02-01T15:38:00.004619  
DEBUG 15:39:00.004 - - l.a.i.d.s.SimulationScheduler - Check simulation result: 2024-02-01T15:39:00.004708  
DEBUG 15:40:00.004 - - l.a.i.d.s.SimulationScheduler - Check simulation result: 2024-02-01T15:40:00.003822  
DEBUG 15:41:00.009 - - l.a.i.d.s.SimulationScheduler - Check simulation result: 2024-02-01T15:41:00.009883  
INFO  15:41:46.879 - - loadrover.api.io.ApiApplicationKt - Starting ApiApplicationKt using Java 17.0.5 with PID 61680 (/Users/sasha/IdeaProjects/2bytes.loadrover-server/api/build/classes/kotlin/main started by sasha in /Users/sasha/IdeaProjects/2bytes.loadrover-server)  
DEBUG 15:41:46.881 - - loadrover.api.io.ApiApplicationKt - Running with Spring Boot v3.1.7, Spring v6.0.15  
INFO  15:41:46.881 - - loadrover.api.io.ApiApplicationKt - The following 1 profile is active: "local"  
INFO  15:41:47.517 - - o.s.b.w.e.tomcat.TomcatWebServer - Tomcat initialized with port(s): 8800 (http)  
INFO  15:41:47.523 - - o.a.catalina.core.StandardService - Starting service [Tomcat]  
INFO  15:41:47.523 - - o.a.catalina.core.StandardEngine - Starting Servlet engine: [Apache Tomcat/10.1.17]  
INFO  15:41:47.577 - - o.a.c.c.C.[Tomcat].[localhost].[/] - Initializing Spring embedded WebApplicationContext  
INFO  15:41:47.578 - - o.s.b.w.s.c.ServletWebServerApplicationContext - Root WebApplicationContext: initialization completed in 667 ms  
DEBUG 15:41:47.758 - - _.s.w.s.HandlerMapping.Mappings - 
	l.a.i.d.s.ScenarioController:
	{POST [/scenario]}: createScenario(RequestScenarioDto)
	{GET [/scenario/list]}: getScenarioList()  
DEBUG 15:41:47.759 - - _.s.w.s.HandlerMapping.Mappings - 
	l.a.i.d.s.SimulationController:
	{POST [/simulation/run]}: runSimulation(RunSimulationRequest)
	{GET [/simulation/{scenarioId}]}: getSimulationResult(String)  
DEBUG 15:41:47.759 - - _.s.w.s.HandlerMapping.Mappings - 
	l.a.i.i.HealthCheckController:
	{GET [/health-check]}: healthCheck()  
DEBUG 15:41:47.760 - - _.s.w.s.HandlerMapping.Mappings - 
	o.s.b.a.w.s.e.BasicErrorController:
	{ [/error]}: error(HttpServletRequest)
	{ [/error], produces [text/html]}: errorHtml(HttpServletRequest,HttpServletResponse)  
DEBUG 15:41:47.762 - - _.s.w.s.HandlerMapping.Mappings - 
	o.s.w.a.MultipleOpenApiWebMvcResource:
	{GET [/api-docs/{group}], produces [application/json]}: openapiJson(HttpServletRequest,String,String,Locale)
	{GET [/api-docs.yaml/{group}], produces [application/vnd.oai.openapi]}: openapiYaml(HttpServletRequest,String,String,Locale)  
DEBUG 15:41:47.765 - - _.s.w.s.HandlerMapping.Mappings - 
	o.s.w.a.OpenApiWebMvcResource:
	{GET [/api-docs], produces [application/json]}: openapiJson(HttpServletRequest,String,Locale)
	{GET [/api-docs.yaml], produces [application/vnd.oai.openapi]}: openapiYaml(HttpServletRequest,String,Locale)  
DEBUG 15:41:47.765 - - _.s.w.s.HandlerMapping.Mappings - 
	o.s.w.u.SwaggerWelcomeWebMvc:
	{GET [/swagger-ui.html]}: redirectToUi(HttpServletRequest)  
DEBUG 15:41:47.765 - - _.s.w.s.HandlerMapping.Mappings - 
	o.s.w.u.SwaggerConfigResource:
	{GET [/api-docs/swagger-config], produces [application/json]}: openapiJson(HttpServletRequest)  
DEBUG 15:41:47.769 - - _.s.w.s.HandlerMapping.Mappings - 'beanNameHandlerMapping' {}  
DEBUG 15:41:47.969 - - _.s.w.s.HandlerMapping.Mappings - 'resourceHandlerMapping' {/webjars/**=ResourceHttpRequestHandler [classpath [META-INF/resources/webjars/]], /**=ResourceHttpRequestHandler [classpath [META-INF/resources/], classpath [resources/], classpath [static/], classpath [public/], ServletContext [/]], /swagger-ui*/*swagger-initializer.js=ResourceHttpRequestHandler [classpath [META-INF/resources/webjars/]], /swagger-ui*/**=ResourceHttpRequestHandler [classpath [META-INF/resources/webjars/]]}  
WARN  15:41:47.988 - - o.s.b.a.m.MustacheAutoConfiguration - Cannot find template location: classpath:/templates/ (please add some templates, check your Mustache configuration, or set spring.mustache.check-template-location=false)  
INFO  15:41:48.037 - - o.s.b.w.e.tomcat.TomcatWebServer - Tomcat started on port(s): 8800 (http) with context path ''  
INFO  15:41:48.044 - - loadrover.api.io.ApiApplicationKt - Started ApiApplicationKt in 1.52 seconds (process running for 1.808)  
DEBUG 15:42:00.031 - - l.a.i.d.s.SimulationScheduler - Check simulation result: 2024-02-01T15:42:00.031293  
INFO  15:42:11.740 - - o.a.tomcat.util.http.parser.Cookie - A cookie header was received [g_state={"i_l":0};] that contained an invalid cookie. That cookie will be ignored.
 Note: further occurrences of this error will be logged at DEBUG level.  
INFO  15:42:11.746 - - o.a.c.c.C.[Tomcat].[localhost].[/] - Initializing Spring DispatcherServlet 'dispatcherServlet'  
INFO  15:42:11.746 - - o.s.web.servlet.DispatcherServlet - Initializing Servlet 'dispatcherServlet'  
INFO  15:42:11.747 - - o.s.web.servlet.DispatcherServlet - Completed initialization in 1 ms  
DEBUG 15:43:00.003 - - l.a.i.d.s.SimulationScheduler - Check simulation result: 2024-02-01T15:43:00.002837  
DEBUG 15:44:00.019 - - l.a.i.d.s.SimulationScheduler - Check simulation result: 2024-02-01T15:44:00.019368  
DEBUG 15:44:43.703 - - l.a.i.d.simulation.SimulationService - API call received. scenarioId: testtestest20240201154416753  
DEBUG 15:45:00.010 - - l.a.i.d.s.SimulationScheduler - Check simulation result: 2024-02-01T15:45:00.009886  
DEBUG 15:46:00.014 - - l.a.i.d.s.SimulationScheduler - Check simulation result: 2024-02-01T15:46:00.014532  
DEBUG 15:47:00.011 - - l.a.i.d.s.SimulationScheduler - Check simulation result: 2024-02-01T15:47:00.010794  
DEBUG 15:48:00.010 - - l.a.i.d.s.SimulationScheduler - Check simulation result: 2024-02-01T15:48:00.010488  
DEBUG 15:49:00.010 - - l.a.i.d.s.SimulationScheduler - Check simulation result: 2024-02-01T15:49:00.010651  
INFO  15:49:23.918 - - loadrover.api.io.ApiApplicationKt - Starting ApiApplicationKt using Java 17.0.5 with PID 62282 (/Users/sasha/IdeaProjects/2bytes.loadrover-server/api/build/classes/kotlin/main started by sasha in /Users/sasha/IdeaProjects/2bytes.loadrover-server)  
DEBUG 15:49:23.921 - - loadrover.api.io.ApiApplicationKt - Running with Spring Boot v3.1.7, Spring v6.0.15  
INFO  15:49:23.921 - - loadrover.api.io.ApiApplicationKt - The following 1 profile is active: "local"  
INFO  15:49:24.550 - - o.s.b.w.e.tomcat.TomcatWebServer - Tomcat initialized with port(s): 8800 (http)  
INFO  15:49:24.555 - - o.a.catalina.core.StandardService - Starting service [Tomcat]  
INFO  15:49:24.555 - - o.a.catalina.core.StandardEngine - Starting Servlet engine: [Apache Tomcat/10.1.17]  
INFO  15:49:24.609 - - o.a.c.c.C.[Tomcat].[localhost].[/] - Initializing Spring embedded WebApplicationContext  
INFO  15:49:24.609 - - o.s.b.w.s.c.ServletWebServerApplicationContext - Root WebApplicationContext: initialization completed in 656 ms  
DEBUG 15:49:24.784 - - _.s.w.s.HandlerMapping.Mappings - 
	l.a.i.d.s.ScenarioController:
	{POST [/scenario]}: createScenario(RequestScenarioDto)
	{GET [/scenario/list]}: getScenarioList()  
DEBUG 15:49:24.785 - - _.s.w.s.HandlerMapping.Mappings - 
	l.a.i.d.s.SimulationController:
	{POST [/simulation/run]}: runSimulation(RunSimulationRequest)
	{GET [/simulation/{scenarioId}]}: getSimulationResult(String)  
DEBUG 15:49:24.786 - - _.s.w.s.HandlerMapping.Mappings - 
	l.a.i.i.HealthCheckController:
	{GET [/health-check]}: healthCheck()  
DEBUG 15:49:24.787 - - _.s.w.s.HandlerMapping.Mappings - 
	o.s.b.a.w.s.e.BasicErrorController:
	{ [/error]}: error(HttpServletRequest)
	{ [/error], produces [text/html]}: errorHtml(HttpServletRequest,HttpServletResponse)  
DEBUG 15:49:24.788 - - _.s.w.s.HandlerMapping.Mappings - 
	o.s.w.a.MultipleOpenApiWebMvcResource:
	{GET [/api-docs/{group}], produces [application/json]}: openapiJson(HttpServletRequest,String,String,Locale)
	{GET [/api-docs.yaml/{group}], produces [application/vnd.oai.openapi]}: openapiYaml(HttpServletRequest,String,String,Locale)  
DEBUG 15:49:24.790 - - _.s.w.s.HandlerMapping.Mappings - 
	o.s.w.a.OpenApiWebMvcResource:
	{GET [/api-docs], produces [application/json]}: openapiJson(HttpServletRequest,String,Locale)
	{GET [/api-docs.yaml], produces [application/vnd.oai.openapi]}: openapiYaml(HttpServletRequest,String,Locale)  
DEBUG 15:49:24.791 - - _.s.w.s.HandlerMapping.Mappings - 
	o.s.w.u.SwaggerWelcomeWebMvc:
	{GET [/swagger-ui.html]}: redirectToUi(HttpServletRequest)  
DEBUG 15:49:24.791 - - _.s.w.s.HandlerMapping.Mappings - 
	o.s.w.u.SwaggerConfigResource:
	{GET [/api-docs/swagger-config], produces [application/json]}: openapiJson(HttpServletRequest)  
DEBUG 15:49:24.795 - - _.s.w.s.HandlerMapping.Mappings - 'beanNameHandlerMapping' {}  
DEBUG 15:49:24.991 - - _.s.w.s.HandlerMapping.Mappings - 'resourceHandlerMapping' {/webjars/**=ResourceHttpRequestHandler [classpath [META-INF/resources/webjars/]], /**=ResourceHttpRequestHandler [classpath [META-INF/resources/], classpath [resources/], classpath [static/], classpath [public/], ServletContext [/]], /swagger-ui*/*swagger-initializer.js=ResourceHttpRequestHandler [classpath [META-INF/resources/webjars/]], /swagger-ui*/**=ResourceHttpRequestHandler [classpath [META-INF/resources/webjars/]]}  
WARN  15:49:25.003 - - o.s.b.a.m.MustacheAutoConfiguration - Cannot find template location: classpath:/templates/ (please add some templates, check your Mustache configuration, or set spring.mustache.check-template-location=false)  
INFO  15:49:25.048 - - o.s.b.w.e.tomcat.TomcatWebServer - Tomcat started on port(s): 8800 (http) with context path ''  
INFO  15:49:25.056 - - loadrover.api.io.ApiApplicationKt - Started ApiApplicationKt in 1.421 seconds (process running for 1.675)  
INFO  15:49:34.580 - - o.a.tomcat.util.http.parser.Cookie - A cookie header was received [g_state={"i_l":0};] that contained an invalid cookie. That cookie will be ignored.
 Note: further occurrences of this error will be logged at DEBUG level.  
INFO  15:49:34.596 - - o.a.c.c.C.[Tomcat].[localhost].[/] - Initializing Spring DispatcherServlet 'dispatcherServlet'  
INFO  15:49:34.597 - - o.s.web.servlet.DispatcherServlet - Initializing Servlet 'dispatcherServlet'  
INFO  15:49:34.598 - - o.s.web.servlet.DispatcherServlet - Completed initialization in 1 ms  
INFO  15:49:35.192 - - o.s.api.AbstractOpenApiResource - Init duration for springdoc-openapi is: 289 ms  
DEBUG 15:49:35.331 - - o.s.api.AbstractOpenApiResource - Fetching openApi document from cache  
ERROR 15:49:40.509 - - o.a.c.c.C.[.[.[.[dispatcherServlet] - Servlet.service() for servlet [dispatcherServlet] in context with path [] threw exception [Request processing failed: java.lang.IndexOutOfBoundsException: Index 2 out of bounds for length 2] with root cause java.lang.IndexOutOfBoundsException: Index 2 out of bounds for length 2
	at java.base/jdk.internal.util.Preconditions.outOfBounds(Preconditions.java:64)
	at java.base/jdk.internal.util.Preconditions.outOfBoundsCheckIndex(Preconditions.java:70)
	at java.base/jdk.internal.util.Preconditions.checkIndex(Preconditions.java:266)
	at java.base/java.util.Objects.checkIndex(Objects.java:359)
	at java.base/java.util.ArrayList.get(ArrayList.java:427)
	at loadrover.api.io.domain.scenario.ScenarioService.createScenario(ScenarioService.kt:104)
	at loadrover.api.io.domain.scenario.ScenarioController.createScenario(ScenarioController.kt:16)
	at java.base/jdk.internal.reflect.NativeMethodAccessorImpl.invoke0(Native Method)
	at java.base/jdk.internal.reflect.NativeMethodAccessorImpl.invoke(NativeMethodAccessorImpl.java:77)
	at java.base/jdk.internal.reflect.DelegatingMethodAccessorImpl.invoke(DelegatingMethodAccessorImpl.java:43)
	at java.base/java.lang.reflect.Method.invoke(Method.java:568)
	at org.springframework.web.method.support.InvocableHandlerMethod.doInvoke(InvocableHandlerMethod.java:205)
	at org.springframework.web.method.support.InvocableHandlerMethod.invokeForRequest(InvocableHandlerMethod.java:150)
	at org.springframework.web.servlet.mvc.method.annotation.ServletInvocableHandlerMethod.invokeAndHandle(ServletInvocableHandlerMethod.java:118)
	at org.springframework.web.servlet.mvc.method.annotation.RequestMappingHandlerAdapter.invokeHandlerMethod(RequestMappingHandlerAdapter.java:884)
	at org.springframework.web.servlet.mvc.method.annotation.RequestMappingHandlerAdapter.handleInternal(RequestMappingHandlerAdapter.java:797)
	at org.springframework.web.servlet.mvc.method.AbstractHandlerMethodAdapter.handle(AbstractHandlerMethodAdapter.java:87)
	at org.springframework.web.servlet.DispatcherServlet.doDispatch(DispatcherServlet.java:1081)
	at org.springframework.web.servlet.DispatcherServlet.doService(DispatcherServlet.java:974)
	at org.springframework.web.servlet.FrameworkServlet.processRequest(FrameworkServlet.java:1014)
	at org.springframework.web.servlet.FrameworkServlet.doPost(FrameworkServlet.java:914)
	at jakarta.servlet.http.HttpServlet.service(HttpServlet.java:590)
	at org.springframework.web.servlet.FrameworkServlet.service(FrameworkServlet.java:885)
	at jakarta.servlet.http.HttpServlet.service(HttpServlet.java:658)
	at org.apache.catalina.core.ApplicationFilterChain.internalDoFilter(ApplicationFilterChain.java:205)
	at org.apache.catalina.core.ApplicationFilterChain.doFilter(ApplicationFilterChain.java:149)
	at org.apache.tomcat.websocket.server.WsFilter.doFilter(WsFilter.java:51)
	at org.apache.catalina.core.ApplicationFilterChain.internalDoFilter(ApplicationFilterChain.java:174)
	at org.apache.catalina.core.ApplicationFilterChain.doFilter(ApplicationFilterChain.java:149)
	at org.springframework.web.filter.RequestContextFilter.doFilterInternal(RequestContextFilter.java:100)
	at org.springframework.web.filter.OncePerRequestFilter.doFilter(OncePerRequestFilter.java:116)
	at org.apache.catalina.core.ApplicationFilterChain.internalDoFilter(ApplicationFilterChain.java:174)
	at org.apache.catalina.core.ApplicationFilterChain.doFilter(ApplicationFilterChain.java:149)
	at org.springframework.web.filter.FormContentFilter.doFilterInternal(FormContentFilter.java:93)
	at org.springframework.web.filter.OncePerRequestFilter.doFilter(OncePerRequestFilter.java:116)
	at org.apache.catalina.core.ApplicationFilterChain.internalDoFilter(ApplicationFilterChain.java:174)
	at org.apache.catalina.core.ApplicationFilterChain.doFilter(ApplicationFilterChain.java:149)
	at org.springframework.web.filter.CharacterEncodingFilter.doFilterInternal(CharacterEncodingFilter.java:201)
	at org.springframework.web.filter.OncePerRequestFilter.doFilter(OncePerRequestFilter.java:116)
	at org.apache.catalina.core.ApplicationFilterChain.internalDoFilter(ApplicationFilterChain.java:174)
	at org.apache.catalina.core.ApplicationFilterChain.doFilter(ApplicationFilterChain.java:149)
	at org.apache.catalina.core.StandardWrapperValve.invoke(StandardWrapperValve.java:167)
	at org.apache.catalina.core.StandardContextValve.invoke(StandardContextValve.java:90)
	at org.apache.catalina.authenticator.AuthenticatorBase.invoke(AuthenticatorBase.java:482)
	at org.apache.catalina.core.StandardHostValve.invoke(StandardHostValve.java:115)
	at org.apache.catalina.valves.ErrorReportValve.invoke(ErrorReportValve.java:93)
	at org.apache.catalina.core.StandardEngineValve.invoke(StandardEngineValve.java:74)
	at org.apache.catalina.connector.CoyoteAdapter.service(CoyoteAdapter.java:340)
	at org.apache.coyote.http11.Http11Processor.service(Http11Processor.java:391)
	at org.apache.coyote.AbstractProcessorLight.process(AbstractProcessorLight.java:63)
	at org.apache.coyote.AbstractProtocol$ConnectionHandler.process(AbstractProtocol.java:896)
	at org.apache.tomcat.util.net.NioEndpoint$SocketProcessor.doRun(NioEndpoint.java:1744)
	at org.apache.tomcat.util.net.SocketProcessorBase.run(SocketProcessorBase.java:52)
	at org.apache.tomcat.util.threads.ThreadPoolExecutor.runWorker(ThreadPoolExecutor.java:1191)
	at org.apache.tomcat.util.threads.ThreadPoolExecutor$Worker.run(ThreadPoolExecutor.java:659)
	at org.apache.tomcat.util.threads.TaskThread$WrappingRunnable.run(TaskThread.java:61)
	at java.base/java.lang.Thread.run(Thread.java:833)
 
INFO  15:50:00.396 - - loadrover.api.io.ApiApplicationKt - Starting ApiApplicationKt using Java 17.0.5 with PID 62342 (/Users/sasha/IdeaProjects/2bytes.loadrover-server/api/build/classes/kotlin/main started by sasha in /Users/sasha/IdeaProjects/2bytes.loadrover-server)  
DEBUG 15:50:00.398 - - loadrover.api.io.ApiApplicationKt - Running with Spring Boot v3.1.7, Spring v6.0.15  
INFO  15:50:00.398 - - loadrover.api.io.ApiApplicationKt - The following 1 profile is active: "local"  
INFO  15:50:01.000 - - o.s.b.w.e.tomcat.TomcatWebServer - Tomcat initialized with port(s): 8800 (http)  
INFO  15:50:01.006 - - o.a.catalina.core.StandardService - Starting service [Tomcat]  
INFO  15:50:01.006 - - o.a.catalina.core.StandardEngine - Starting Servlet engine: [Apache Tomcat/10.1.17]  
INFO  15:50:01.055 - - o.a.c.c.C.[Tomcat].[localhost].[/] - Initializing Spring embedded WebApplicationContext  
INFO  15:50:01.056 - - o.s.b.w.s.c.ServletWebServerApplicationContext - Root WebApplicationContext: initialization completed in 626 ms  
DEBUG 15:50:01.230 - - _.s.w.s.HandlerMapping.Mappings - 
	l.a.i.d.s.ScenarioController:
	{POST [/scenario]}: createScenario(RequestScenarioDto)
	{GET [/scenario/list]}: getScenarioList()  
DEBUG 15:50:01.231 - - _.s.w.s.HandlerMapping.Mappings - 
	l.a.i.d.s.SimulationController:
	{POST [/simulation/run]}: runSimulation(RunSimulationRequest)
	{GET [/simulation/{scenarioId}]}: getSimulationResult(String)  
DEBUG 15:50:01.232 - - _.s.w.s.HandlerMapping.Mappings - 
	l.a.i.i.HealthCheckController:
	{GET [/health-check]}: healthCheck()  
DEBUG 15:50:01.233 - - _.s.w.s.HandlerMapping.Mappings - 
	o.s.b.a.w.s.e.BasicErrorController:
	{ [/error]}: error(HttpServletRequest)
	{ [/error], produces [text/html]}: errorHtml(HttpServletRequest,HttpServletResponse)  
DEBUG 15:50:01.234 - - _.s.w.s.HandlerMapping.Mappings - 
	o.s.w.a.MultipleOpenApiWebMvcResource:
	{GET [/api-docs/{group}], produces [application/json]}: openapiJson(HttpServletRequest,String,String,Locale)
	{GET [/api-docs.yaml/{group}], produces [application/vnd.oai.openapi]}: openapiYaml(HttpServletRequest,String,String,Locale)  
DEBUG 15:50:01.237 - - _.s.w.s.HandlerMapping.Mappings - 
	o.s.w.a.OpenApiWebMvcResource:
	{GET [/api-docs], produces [application/json]}: openapiJson(HttpServletRequest,String,Locale)
	{GET [/api-docs.yaml], produces [application/vnd.oai.openapi]}: openapiYaml(HttpServletRequest,String,Locale)  
DEBUG 15:50:01.237 - - _.s.w.s.HandlerMapping.Mappings - 
	o.s.w.u.SwaggerWelcomeWebMvc:
	{GET [/swagger-ui.html]}: redirectToUi(HttpServletRequest)  
DEBUG 15:50:01.238 - - _.s.w.s.HandlerMapping.Mappings - 
	o.s.w.u.SwaggerConfigResource:
	{GET [/api-docs/swagger-config], produces [application/json]}: openapiJson(HttpServletRequest)  
DEBUG 15:50:01.241 - - _.s.w.s.HandlerMapping.Mappings - 'beanNameHandlerMapping' {}  
DEBUG 15:50:01.432 - - _.s.w.s.HandlerMapping.Mappings - 'resourceHandlerMapping' {/webjars/**=ResourceHttpRequestHandler [classpath [META-INF/resources/webjars/]], /**=ResourceHttpRequestHandler [classpath [META-INF/resources/], classpath [resources/], classpath [static/], classpath [public/], ServletContext [/]], /swagger-ui*/*swagger-initializer.js=ResourceHttpRequestHandler [classpath [META-INF/resources/webjars/]], /swagger-ui*/**=ResourceHttpRequestHandler [classpath [META-INF/resources/webjars/]]}  
WARN  15:50:01.452 - - o.s.b.a.m.MustacheAutoConfiguration - Cannot find template location: classpath:/templates/ (please add some templates, check your Mustache configuration, or set spring.mustache.check-template-location=false)  
INFO  15:50:01.504 - - o.s.b.w.e.tomcat.TomcatWebServer - Tomcat started on port(s): 8800 (http) with context path ''  
INFO  15:50:01.513 - - loadrover.api.io.ApiApplicationKt - Started ApiApplicationKt in 1.417 seconds (process running for 1.649)  
INFO  15:50:07.211 - - o.a.tomcat.util.http.parser.Cookie - A cookie header was received [g_state={"i_l":0};] that contained an invalid cookie. That cookie will be ignored.
 Note: further occurrences of this error will be logged at DEBUG level.  
INFO  15:50:07.217 - - o.a.c.c.C.[Tomcat].[localhost].[/] - Initializing Spring DispatcherServlet 'dispatcherServlet'  
INFO  15:50:07.217 - - o.s.web.servlet.DispatcherServlet - Initializing Servlet 'dispatcherServlet'  
INFO  15:50:07.218 - - o.s.web.servlet.DispatcherServlet - Completed initialization in 1 ms  
DEBUG 15:50:29.151 - - l.a.i.d.simulation.SimulationService - API call received. scenarioId: testtest20240201155007318  
DEBUG 15:51:00.027 - - l.a.i.d.s.SimulationScheduler - Check simulation result: 2024-02-01T15:51:00.027471  
DEBUG 15:52:00.015 - - l.a.i.d.s.SimulationScheduler - Check simulation result: 2024-02-01T15:52:00.014889  
DEBUG 15:53:00.012 - - l.a.i.d.s.SimulationScheduler - Check simulation result: 2024-02-01T15:53:00.012342  
DEBUG 15:54:00.015 - - l.a.i.d.s.SimulationScheduler - Check simulation result: 2024-02-01T15:54:00.014512  
DEBUG 15:55:00.013 - - l.a.i.d.s.SimulationScheduler - Check simulation result: 2024-02-01T15:55:00.012915  
DEBUG 15:56:00.018 - - l.a.i.d.s.SimulationScheduler - Check simulation result: 2024-02-01T15:56:00.016318  
INFO  15:56:23.881 - - loadrover.api.io.ApiApplicationKt - Starting ApiApplicationKt using Java 17.0.5 with PID 62901 (/Users/sasha/IdeaProjects/2bytes.loadrover-server/api/build/classes/kotlin/main started by sasha in /Users/sasha/IdeaProjects/2bytes.loadrover-server)  
DEBUG 15:56:23.882 - - loadrover.api.io.ApiApplicationKt - Running with Spring Boot v3.1.7, Spring v6.0.15  
INFO  15:56:23.883 - - loadrover.api.io.ApiApplicationKt - The following 1 profile is active: "local"  
INFO  15:56:24.492 - - o.s.b.w.e.tomcat.TomcatWebServer - Tomcat initialized with port(s): 8800 (http)  
INFO  15:56:24.497 - - o.a.catalina.core.StandardService - Starting service [Tomcat]  
INFO  15:56:24.497 - - o.a.catalina.core.StandardEngine - Starting Servlet engine: [Apache Tomcat/10.1.17]  
INFO  15:56:24.549 - - o.a.c.c.C.[Tomcat].[localhost].[/] - Initializing Spring embedded WebApplicationContext  
INFO  15:56:24.549 - - o.s.b.w.s.c.ServletWebServerApplicationContext - Root WebApplicationContext: initialization completed in 636 ms  
DEBUG 15:56:24.784 - - _.s.w.s.HandlerMapping.Mappings - 
	l.a.i.d.s.ScenarioController:
	{POST [/scenario]}: createScenario(RequestScenarioDto)
	{GET [/scenario/list]}: getScenarioList()  
DEBUG 15:56:24.785 - - _.s.w.s.HandlerMapping.Mappings - 
	l.a.i.d.s.SimulationController:
	{POST [/simulation/run]}: runSimulation(RunSimulationRequest)
	{GET [/simulation/{scenarioId}]}: getSimulationResult(String)  
DEBUG 15:56:24.786 - - _.s.w.s.HandlerMapping.Mappings - 
	l.a.i.i.HealthCheckController:
	{GET [/health-check]}: healthCheck()  
DEBUG 15:56:24.787 - - _.s.w.s.HandlerMapping.Mappings - 
	o.s.b.a.w.s.e.BasicErrorController:
	{ [/error]}: error(HttpServletRequest)
	{ [/error], produces [text/html]}: errorHtml(HttpServletRequest,HttpServletResponse)  
DEBUG 15:56:24.788 - - _.s.w.s.HandlerMapping.Mappings - 
	o.s.w.a.MultipleOpenApiWebMvcResource:
	{GET [/api-docs/{group}], produces [application/json]}: openapiJson(HttpServletRequest,String,String,Locale)
	{GET [/api-docs.yaml/{group}], produces [application/vnd.oai.openapi]}: openapiYaml(HttpServletRequest,String,String,Locale)  
DEBUG 15:56:24.791 - - _.s.w.s.HandlerMapping.Mappings - 
	o.s.w.a.OpenApiWebMvcResource:
	{GET [/api-docs], produces [application/json]}: openapiJson(HttpServletRequest,String,Locale)
	{GET [/api-docs.yaml], produces [application/vnd.oai.openapi]}: openapiYaml(HttpServletRequest,String,Locale)  
DEBUG 15:56:24.792 - - _.s.w.s.HandlerMapping.Mappings - 
	o.s.w.u.SwaggerWelcomeWebMvc:
	{GET [/swagger-ui.html]}: redirectToUi(HttpServletRequest)  
DEBUG 15:56:24.792 - - _.s.w.s.HandlerMapping.Mappings - 
	o.s.w.u.SwaggerConfigResource:
	{GET [/api-docs/swagger-config], produces [application/json]}: openapiJson(HttpServletRequest)  
DEBUG 15:56:24.797 - - _.s.w.s.HandlerMapping.Mappings - 'beanNameHandlerMapping' {}  
DEBUG 15:56:25.080 - - _.s.w.s.HandlerMapping.Mappings - 'resourceHandlerMapping' {/webjars/**=ResourceHttpRequestHandler [classpath [META-INF/resources/webjars/]], /**=ResourceHttpRequestHandler [classpath [META-INF/resources/], classpath [resources/], classpath [static/], classpath [public/], ServletContext [/]], /swagger-ui*/*swagger-initializer.js=ResourceHttpRequestHandler [classpath [META-INF/resources/webjars/]], /swagger-ui*/**=ResourceHttpRequestHandler [classpath [META-INF/resources/webjars/]]}  
WARN  15:56:25.092 - - o.s.b.a.m.MustacheAutoConfiguration - Cannot find template location: classpath:/templates/ (please add some templates, check your Mustache configuration, or set spring.mustache.check-template-location=false)  
INFO  15:56:25.146 - - o.s.b.w.e.tomcat.TomcatWebServer - Tomcat started on port(s): 8800 (http) with context path ''  
INFO  15:56:25.153 - - loadrover.api.io.ApiApplicationKt - Started ApiApplicationKt in 1.569 seconds (process running for 1.801)  
INFO  15:56:27.098 - - o.a.tomcat.util.http.parser.Cookie - A cookie header was received [g_state={"i_l":0};] that contained an invalid cookie. That cookie will be ignored.
 Note: further occurrences of this error will be logged at DEBUG level.  
INFO  15:56:27.103 - - o.a.c.c.C.[Tomcat].[localhost].[/] - Initializing Spring DispatcherServlet 'dispatcherServlet'  
INFO  15:56:27.104 - - o.s.web.servlet.DispatcherServlet - Initializing Servlet 'dispatcherServlet'  
INFO  15:56:27.104 - - o.s.web.servlet.DispatcherServlet - Completed initialization in 0 ms  
INFO  15:56:56.471 - - loadrover.api.io.ApiApplicationKt - Starting ApiApplicationKt using Java 17.0.5 with PID 62952 (/Users/sasha/IdeaProjects/2bytes.loadrover-server/api/build/classes/kotlin/main started by sasha in /Users/sasha/IdeaProjects/2bytes.loadrover-server)  
DEBUG 15:56:56.472 - - loadrover.api.io.ApiApplicationKt - Running with Spring Boot v3.1.7, Spring v6.0.15  
INFO  15:56:56.472 - - loadrover.api.io.ApiApplicationKt - The following 1 profile is active: "local"  
INFO  15:56:57.134 - - o.s.b.w.e.tomcat.TomcatWebServer - Tomcat initialized with port(s): 8800 (http)  
INFO  15:56:57.139 - - o.a.catalina.core.StandardService - Starting service [Tomcat]  
INFO  15:56:57.139 - - o.a.catalina.core.StandardEngine - Starting Servlet engine: [Apache Tomcat/10.1.17]  
INFO  15:56:57.194 - - o.a.c.c.C.[Tomcat].[localhost].[/] - Initializing Spring embedded WebApplicationContext  
INFO  15:56:57.194 - - o.s.b.w.s.c.ServletWebServerApplicationContext - Root WebApplicationContext: initialization completed in 692 ms  
DEBUG 15:56:57.377 - - _.s.w.s.HandlerMapping.Mappings - 
	l.a.i.d.s.ScenarioController:
	{POST [/scenario]}: createScenario(RequestScenarioDto)
	{GET [/scenario/list]}: getScenarioList()  
DEBUG 15:56:57.378 - - _.s.w.s.HandlerMapping.Mappings - 
	l.a.i.d.s.SimulationController:
	{POST [/simulation/run]}: runSimulation(RunSimulationRequest)
	{GET [/simulation/{scenarioId}]}: getSimulationResult(String)  
DEBUG 15:56:57.379 - - _.s.w.s.HandlerMapping.Mappings - 
	l.a.i.i.HealthCheckController:
	{GET [/health-check]}: healthCheck()  
DEBUG 15:56:57.380 - - _.s.w.s.HandlerMapping.Mappings - 
	o.s.b.a.w.s.e.BasicErrorController:
	{ [/error]}: error(HttpServletRequest)
	{ [/error], produces [text/html]}: errorHtml(HttpServletRequest,HttpServletResponse)  
DEBUG 15:56:57.381 - - _.s.w.s.HandlerMapping.Mappings - 
	o.s.w.a.MultipleOpenApiWebMvcResource:
	{GET [/api-docs/{group}], produces [application/json]}: openapiJson(HttpServletRequest,String,String,Locale)
	{GET [/api-docs.yaml/{group}], produces [application/vnd.oai.openapi]}: openapiYaml(HttpServletRequest,String,String,Locale)  
DEBUG 15:56:57.384 - - _.s.w.s.HandlerMapping.Mappings - 
	o.s.w.a.OpenApiWebMvcResource:
	{GET [/api-docs], produces [application/json]}: openapiJson(HttpServletRequest,String,Locale)
	{GET [/api-docs.yaml], produces [application/vnd.oai.openapi]}: openapiYaml(HttpServletRequest,String,Locale)  
DEBUG 15:56:57.384 - - _.s.w.s.HandlerMapping.Mappings - 
	o.s.w.u.SwaggerWelcomeWebMvc:
	{GET [/swagger-ui.html]}: redirectToUi(HttpServletRequest)  
DEBUG 15:56:57.384 - - _.s.w.s.HandlerMapping.Mappings - 
	o.s.w.u.SwaggerConfigResource:
	{GET [/api-docs/swagger-config], produces [application/json]}: openapiJson(HttpServletRequest)  
DEBUG 15:56:57.388 - - _.s.w.s.HandlerMapping.Mappings - 'beanNameHandlerMapping' {}  
DEBUG 15:56:57.638 - - _.s.w.s.HandlerMapping.Mappings - 'resourceHandlerMapping' {/webjars/**=ResourceHttpRequestHandler [classpath [META-INF/resources/webjars/]], /**=ResourceHttpRequestHandler [classpath [META-INF/resources/], classpath [resources/], classpath [static/], classpath [public/], ServletContext [/]], /swagger-ui*/*swagger-initializer.js=ResourceHttpRequestHandler [classpath [META-INF/resources/webjars/]], /swagger-ui*/**=ResourceHttpRequestHandler [classpath [META-INF/resources/webjars/]]}  
WARN  15:56:57.656 - - o.s.b.a.m.MustacheAutoConfiguration - Cannot find template location: classpath:/templates/ (please add some templates, check your Mustache configuration, or set spring.mustache.check-template-location=false)  
INFO  15:56:57.708 - - o.s.b.w.e.tomcat.TomcatWebServer - Tomcat started on port(s): 8800 (http) with context path ''  
INFO  15:56:57.717 - - loadrover.api.io.ApiApplicationKt - Started ApiApplicationKt in 1.539 seconds (process running for 1.776)  
DEBUG 15:57:00.019 - - l.a.i.d.s.SimulationScheduler - Check simulation result: 2024-02-01T15:57:00.019107  
INFO  15:57:04.082 - - o.a.tomcat.util.http.parser.Cookie - A cookie header was received [g_state={"i_l":0};] that contained an invalid cookie. That cookie will be ignored.
 Note: further occurrences of this error will be logged at DEBUG level.  
INFO  15:57:04.088 - - o.a.c.c.C.[Tomcat].[localhost].[/] - Initializing Spring DispatcherServlet 'dispatcherServlet'  
INFO  15:57:04.088 - - o.s.web.servlet.DispatcherServlet - Initializing Servlet 'dispatcherServlet'  
INFO  15:57:04.089 - - o.s.web.servlet.DispatcherServlet - Completed initialization in 1 ms  
DEBUG 15:57:37.546 - - l.a.i.d.simulation.SimulationService - API call received. scenarioId: testtest20240201155704186  
DEBUG 15:58:00.023 - - l.a.i.d.s.SimulationScheduler - Check simulation result: 2024-02-01T15:58:00.023028  
DEBUG 15:58:44.124 - - l.a.i.d.simulation.SimulationService - API call received. scenarioId: testtest20240201155829574  
DEBUG 15:59:00.008 - - l.a.i.d.s.SimulationScheduler - Check simulation result: 2024-02-01T15:59:00.008676  
DEBUG 16:00:00.008 - - l.a.i.d.s.SimulationScheduler - Check simulation result: 2024-02-01T16:00:00.007805  
DEBUG 16:01:00.011 - - l.a.i.d.s.SimulationScheduler - Check simulation result: 2024-02-01T16:01:00.011541  
DEBUG 16:02:00.024 - - l.a.i.d.s.SimulationScheduler - Check simulation result: 2024-02-01T16:02:00.024488  
DEBUG 16:03:00.013 - - l.a.i.d.s.SimulationScheduler - Check simulation result: 2024-02-01T16:03:00.012805  
INFO  16:03:42.787 - - o.s.api.AbstractOpenApiResource - Init duration for springdoc-openapi is: 216 ms  
DEBUG 16:03:42.938 - - o.s.api.AbstractOpenApiResource - Fetching openApi document from cache  
DEBUG 16:04:03.410 - - l.a.i.d.s.SimulationScheduler - Check simulation result: 2024-02-01T16:04:03.410010  
DEBUG 16:05:00.010 - - l.a.i.d.s.SimulationScheduler - Check simulation result: 2024-02-01T16:05:00.010607  
INFO  16:07:34.696 - - loadrover.api.io.ApiApplicationKt - Starting ApiApplicationKt using Java 17.0.5 with PID 63783 (/Users/sasha/IdeaProjects/2bytes.loadrover-server/api/build/classes/kotlin/main started by sasha in /Users/sasha/IdeaProjects/2bytes.loadrover-server)  
DEBUG 16:07:34.698 - - loadrover.api.io.ApiApplicationKt - Running with Spring Boot v3.1.7, Spring v6.0.15  
INFO  16:07:34.699 - - loadrover.api.io.ApiApplicationKt - The following 1 profile is active: "local"  
INFO  16:07:35.311 - - o.s.b.w.e.tomcat.TomcatWebServer - Tomcat initialized with port(s): 8800 (http)  
INFO  16:07:35.317 - - o.a.catalina.core.StandardService - Starting service [Tomcat]  
INFO  16:07:35.317 - - o.a.catalina.core.StandardEngine - Starting Servlet engine: [Apache Tomcat/10.1.17]  
INFO  16:07:35.366 - - o.a.c.c.C.[Tomcat].[localhost].[/] - Initializing Spring embedded WebApplicationContext  
INFO  16:07:35.367 - - o.s.b.w.s.c.ServletWebServerApplicationContext - Root WebApplicationContext: initialization completed in 638 ms  
DEBUG 16:07:35.550 - - _.s.w.s.HandlerMapping.Mappings - 
	l.a.i.d.s.ScenarioController:
	{POST [/scenario]}: createScenario(RequestScenarioDto)
	{GET [/scenario/list]}: getScenarioList()  
DEBUG 16:07:35.552 - - _.s.w.s.HandlerMapping.Mappings - 
	l.a.i.d.s.SimulationController:
	{POST [/simulation/run]}: runSimulation(RunSimulationRequest)
	{GET [/simulation/{scenarioId}]}: getSimulationResult(String)  
DEBUG 16:07:35.553 - - _.s.w.s.HandlerMapping.Mappings - 
	l.a.i.i.HealthCheckController:
	{GET [/health-check]}: healthCheck()  
DEBUG 16:07:35.554 - - _.s.w.s.HandlerMapping.Mappings - 
	o.s.b.a.w.s.e.BasicErrorController:
	{ [/error]}: error(HttpServletRequest)
	{ [/error], produces [text/html]}: errorHtml(HttpServletRequest,HttpServletResponse)  
DEBUG 16:07:35.555 - - _.s.w.s.HandlerMapping.Mappings - 
	o.s.w.a.MultipleOpenApiWebMvcResource:
	{GET [/api-docs/{group}], produces [application/json]}: openapiJson(HttpServletRequest,String,String,Locale)
	{GET [/api-docs.yaml/{group}], produces [application/vnd.oai.openapi]}: openapiYaml(HttpServletRequest,String,String,Locale)  
DEBUG 16:07:35.558 - - _.s.w.s.HandlerMapping.Mappings - 
	o.s.w.a.OpenApiWebMvcResource:
	{GET [/api-docs], produces [application/json]}: openapiJson(HttpServletRequest,String,Locale)
	{GET [/api-docs.yaml], produces [application/vnd.oai.openapi]}: openapiYaml(HttpServletRequest,String,Locale)  
DEBUG 16:07:35.558 - - _.s.w.s.HandlerMapping.Mappings - 
	o.s.w.u.SwaggerWelcomeWebMvc:
	{GET [/swagger-ui.html]}: redirectToUi(HttpServletRequest)  
DEBUG 16:07:35.559 - - _.s.w.s.HandlerMapping.Mappings - 
	o.s.w.u.SwaggerConfigResource:
	{GET [/api-docs/swagger-config], produces [application/json]}: openapiJson(HttpServletRequest)  
DEBUG 16:07:35.562 - - _.s.w.s.HandlerMapping.Mappings - 'beanNameHandlerMapping' {}  
DEBUG 16:07:35.764 - - _.s.w.s.HandlerMapping.Mappings - 'resourceHandlerMapping' {/webjars/**=ResourceHttpRequestHandler [classpath [META-INF/resources/webjars/]], /**=ResourceHttpRequestHandler [classpath [META-INF/resources/], classpath [resources/], classpath [static/], classpath [public/], ServletContext [/]], /swagger-ui*/*swagger-initializer.js=ResourceHttpRequestHandler [classpath [META-INF/resources/webjars/]], /swagger-ui*/**=ResourceHttpRequestHandler [classpath [META-INF/resources/webjars/]]}  
WARN  16:07:35.776 - - o.s.b.a.m.MustacheAutoConfiguration - Cannot find template location: classpath:/templates/ (please add some templates, check your Mustache configuration, or set spring.mustache.check-template-location=false)  
INFO  16:07:35.826 - - o.s.b.w.e.tomcat.TomcatWebServer - Tomcat started on port(s): 8800 (http) with context path ''  
INFO  16:07:35.833 - - loadrover.api.io.ApiApplicationKt - Started ApiApplicationKt in 1.422 seconds (process running for 1.661)  
INFO  16:07:40.741 - - o.a.tomcat.util.http.parser.Cookie - A cookie header was received [g_state={"i_l":0};] that contained an invalid cookie. That cookie will be ignored.
 Note: further occurrences of this error will be logged at DEBUG level.  
INFO  16:07:40.746 - - o.a.c.c.C.[Tomcat].[localhost].[/] - Initializing Spring DispatcherServlet 'dispatcherServlet'  
INFO  16:07:40.746 - - o.s.web.servlet.DispatcherServlet - Initializing Servlet 'dispatcherServlet'  
INFO  16:07:40.749 - - o.s.web.servlet.DispatcherServlet - Completed initialization in 2 ms  
ERROR 16:07:45.477 - - o.a.c.c.C.[.[.[.[dispatcherServlet] - Servlet.service() for servlet [dispatcherServlet] in context with path [] threw exception [Request processing failed: java.lang.ArithmeticException: / by zero] with root cause java.lang.ArithmeticException: / by zero
	at loadrover.api.io.domain.scenario.ScenarioService.createScenario(ScenarioService.kt:164)
	at loadrover.api.io.domain.scenario.ScenarioController.createScenario(ScenarioController.kt:16)
	at java.base/jdk.internal.reflect.NativeMethodAccessorImpl.invoke0(Native Method)
	at java.base/jdk.internal.reflect.NativeMethodAccessorImpl.invoke(NativeMethodAccessorImpl.java:77)
	at java.base/jdk.internal.reflect.DelegatingMethodAccessorImpl.invoke(DelegatingMethodAccessorImpl.java:43)
	at java.base/java.lang.reflect.Method.invoke(Method.java:568)
	at org.springframework.web.method.support.InvocableHandlerMethod.doInvoke(InvocableHandlerMethod.java:205)
	at org.springframework.web.method.support.InvocableHandlerMethod.invokeForRequest(InvocableHandlerMethod.java:150)
	at org.springframework.web.servlet.mvc.method.annotation.ServletInvocableHandlerMethod.invokeAndHandle(ServletInvocableHandlerMethod.java:118)
	at org.springframework.web.servlet.mvc.method.annotation.RequestMappingHandlerAdapter.invokeHandlerMethod(RequestMappingHandlerAdapter.java:884)
	at org.springframework.web.servlet.mvc.method.annotation.RequestMappingHandlerAdapter.handleInternal(RequestMappingHandlerAdapter.java:797)
	at org.springframework.web.servlet.mvc.method.AbstractHandlerMethodAdapter.handle(AbstractHandlerMethodAdapter.java:87)
	at org.springframework.web.servlet.DispatcherServlet.doDispatch(DispatcherServlet.java:1081)
	at org.springframework.web.servlet.DispatcherServlet.doService(DispatcherServlet.java:974)
	at org.springframework.web.servlet.FrameworkServlet.processRequest(FrameworkServlet.java:1014)
	at org.springframework.web.servlet.FrameworkServlet.doPost(FrameworkServlet.java:914)
	at jakarta.servlet.http.HttpServlet.service(HttpServlet.java:590)
	at org.springframework.web.servlet.FrameworkServlet.service(FrameworkServlet.java:885)
	at jakarta.servlet.http.HttpServlet.service(HttpServlet.java:658)
	at org.apache.catalina.core.ApplicationFilterChain.internalDoFilter(ApplicationFilterChain.java:205)
	at org.apache.catalina.core.ApplicationFilterChain.doFilter(ApplicationFilterChain.java:149)
	at org.apache.tomcat.websocket.server.WsFilter.doFilter(WsFilter.java:51)
	at org.apache.catalina.core.ApplicationFilterChain.internalDoFilter(ApplicationFilterChain.java:174)
	at org.apache.catalina.core.ApplicationFilterChain.doFilter(ApplicationFilterChain.java:149)
	at org.springframework.web.filter.RequestContextFilter.doFilterInternal(RequestContextFilter.java:100)
	at org.springframework.web.filter.OncePerRequestFilter.doFilter(OncePerRequestFilter.java:116)
	at org.apache.catalina.core.ApplicationFilterChain.internalDoFilter(ApplicationFilterChain.java:174)
	at org.apache.catalina.core.ApplicationFilterChain.doFilter(ApplicationFilterChain.java:149)
	at org.springframework.web.filter.FormContentFilter.doFilterInternal(FormContentFilter.java:93)
	at org.springframework.web.filter.OncePerRequestFilter.doFilter(OncePerRequestFilter.java:116)
	at org.apache.catalina.core.ApplicationFilterChain.internalDoFilter(ApplicationFilterChain.java:174)
	at org.apache.catalina.core.ApplicationFilterChain.doFilter(ApplicationFilterChain.java:149)
	at org.springframework.web.filter.CharacterEncodingFilter.doFilterInternal(CharacterEncodingFilter.java:201)
	at org.springframework.web.filter.OncePerRequestFilter.doFilter(OncePerRequestFilter.java:116)
	at org.apache.catalina.core.ApplicationFilterChain.internalDoFilter(ApplicationFilterChain.java:174)
	at org.apache.catalina.core.ApplicationFilterChain.doFilter(ApplicationFilterChain.java:149)
	at org.apache.catalina.core.StandardWrapperValve.invoke(StandardWrapperValve.java:167)
	at org.apache.catalina.core.StandardContextValve.invoke(StandardContextValve.java:90)
	at org.apache.catalina.authenticator.AuthenticatorBase.invoke(AuthenticatorBase.java:482)
	at org.apache.catalina.core.StandardHostValve.invoke(StandardHostValve.java:115)
	at org.apache.catalina.valves.ErrorReportValve.invoke(ErrorReportValve.java:93)
	at org.apache.catalina.core.StandardEngineValve.invoke(StandardEngineValve.java:74)
	at org.apache.catalina.connector.CoyoteAdapter.service(CoyoteAdapter.java:340)
	at org.apache.coyote.http11.Http11Processor.service(Http11Processor.java:391)
	at org.apache.coyote.AbstractProcessorLight.process(AbstractProcessorLight.java:63)
	at org.apache.coyote.AbstractProtocol$ConnectionHandler.process(AbstractProtocol.java:896)
	at org.apache.tomcat.util.net.NioEndpoint$SocketProcessor.doRun(NioEndpoint.java:1744)
	at org.apache.tomcat.util.net.SocketProcessorBase.run(SocketProcessorBase.java:52)
	at org.apache.tomcat.util.threads.ThreadPoolExecutor.runWorker(ThreadPoolExecutor.java:1191)
	at org.apache.tomcat.util.threads.ThreadPoolExecutor$Worker.run(ThreadPoolExecutor.java:659)
	at org.apache.tomcat.util.threads.TaskThread$WrappingRunnable.run(TaskThread.java:61)
	at java.base/java.lang.Thread.run(Thread.java:833)
 
ERROR 16:07:57.895 - - o.a.c.c.C.[.[.[.[dispatcherServlet] - Servlet.service() for servlet [dispatcherServlet] in context with path [] threw exception [Request processing failed: java.lang.ArithmeticException: / by zero] with root cause java.lang.ArithmeticException: / by zero
	at loadrover.api.io.domain.scenario.ScenarioService.createScenario(ScenarioService.kt:164)
	at loadrover.api.io.domain.scenario.ScenarioController.createScenario(ScenarioController.kt:16)
	at java.base/jdk.internal.reflect.NativeMethodAccessorImpl.invoke0(Native Method)
	at java.base/jdk.internal.reflect.NativeMethodAccessorImpl.invoke(NativeMethodAccessorImpl.java:77)
	at java.base/jdk.internal.reflect.DelegatingMethodAccessorImpl.invoke(DelegatingMethodAccessorImpl.java:43)
	at java.base/java.lang.reflect.Method.invoke(Method.java:568)
	at org.springframework.web.method.support.InvocableHandlerMethod.doInvoke(InvocableHandlerMethod.java:205)
	at org.springframework.web.method.support.InvocableHandlerMethod.invokeForRequest(InvocableHandlerMethod.java:150)
	at org.springframework.web.servlet.mvc.method.annotation.ServletInvocableHandlerMethod.invokeAndHandle(ServletInvocableHandlerMethod.java:118)
	at org.springframework.web.servlet.mvc.method.annotation.RequestMappingHandlerAdapter.invokeHandlerMethod(RequestMappingHandlerAdapter.java:884)
	at org.springframework.web.servlet.mvc.method.annotation.RequestMappingHandlerAdapter.handleInternal(RequestMappingHandlerAdapter.java:797)
	at org.springframework.web.servlet.mvc.method.AbstractHandlerMethodAdapter.handle(AbstractHandlerMethodAdapter.java:87)
	at org.springframework.web.servlet.DispatcherServlet.doDispatch(DispatcherServlet.java:1081)
	at org.springframework.web.servlet.DispatcherServlet.doService(DispatcherServlet.java:974)
	at org.springframework.web.servlet.FrameworkServlet.processRequest(FrameworkServlet.java:1014)
	at org.springframework.web.servlet.FrameworkServlet.doPost(FrameworkServlet.java:914)
	at jakarta.servlet.http.HttpServlet.service(HttpServlet.java:590)
	at org.springframework.web.servlet.FrameworkServlet.service(FrameworkServlet.java:885)
	at jakarta.servlet.http.HttpServlet.service(HttpServlet.java:658)
	at org.apache.catalina.core.ApplicationFilterChain.internalDoFilter(ApplicationFilterChain.java:205)
	at org.apache.catalina.core.ApplicationFilterChain.doFilter(ApplicationFilterChain.java:149)
	at org.apache.tomcat.websocket.server.WsFilter.doFilter(WsFilter.java:51)
	at org.apache.catalina.core.ApplicationFilterChain.internalDoFilter(ApplicationFilterChain.java:174)
	at org.apache.catalina.core.ApplicationFilterChain.doFilter(ApplicationFilterChain.java:149)
	at org.springframework.web.filter.RequestContextFilter.doFilterInternal(RequestContextFilter.java:100)
	at org.springframework.web.filter.OncePerRequestFilter.doFilter(OncePerRequestFilter.java:116)
	at org.apache.catalina.core.ApplicationFilterChain.internalDoFilter(ApplicationFilterChain.java:174)
	at org.apache.catalina.core.ApplicationFilterChain.doFilter(ApplicationFilterChain.java:149)
	at org.springframework.web.filter.FormContentFilter.doFilterInternal(FormContentFilter.java:93)
	at org.springframework.web.filter.OncePerRequestFilter.doFilter(OncePerRequestFilter.java:116)
	at org.apache.catalina.core.ApplicationFilterChain.internalDoFilter(ApplicationFilterChain.java:174)
	at org.apache.catalina.core.ApplicationFilterChain.doFilter(ApplicationFilterChain.java:149)
	at org.springframework.web.filter.CharacterEncodingFilter.doFilterInternal(CharacterEncodingFilter.java:201)
	at org.springframework.web.filter.OncePerRequestFilter.doFilter(OncePerRequestFilter.java:116)
	at org.apache.catalina.core.ApplicationFilterChain.internalDoFilter(ApplicationFilterChain.java:174)
	at org.apache.catalina.core.ApplicationFilterChain.doFilter(ApplicationFilterChain.java:149)
	at org.apache.catalina.core.StandardWrapperValve.invoke(StandardWrapperValve.java:167)
	at org.apache.catalina.core.StandardContextValve.invoke(StandardContextValve.java:90)
	at org.apache.catalina.authenticator.AuthenticatorBase.invoke(AuthenticatorBase.java:482)
	at org.apache.catalina.core.StandardHostValve.invoke(StandardHostValve.java:115)
	at org.apache.catalina.valves.ErrorReportValve.invoke(ErrorReportValve.java:93)
	at org.apache.catalina.core.StandardEngineValve.invoke(StandardEngineValve.java:74)
	at org.apache.catalina.connector.CoyoteAdapter.service(CoyoteAdapter.java:340)
	at org.apache.coyote.http11.Http11Processor.service(Http11Processor.java:391)
	at org.apache.coyote.AbstractProcessorLight.process(AbstractProcessorLight.java:63)
	at org.apache.coyote.AbstractProtocol$ConnectionHandler.process(AbstractProtocol.java:896)
	at org.apache.tomcat.util.net.NioEndpoint$SocketProcessor.doRun(NioEndpoint.java:1744)
	at org.apache.tomcat.util.net.SocketProcessorBase.run(SocketProcessorBase.java:52)
	at org.apache.tomcat.util.threads.ThreadPoolExecutor.runWorker(ThreadPoolExecutor.java:1191)
	at org.apache.tomcat.util.threads.ThreadPoolExecutor$Worker.run(ThreadPoolExecutor.java:659)
	at org.apache.tomcat.util.threads.TaskThread$WrappingRunnable.run(TaskThread.java:61)
	at java.base/java.lang.Thread.run(Thread.java:833)
 
DEBUG 16:08:00.008 - - l.a.i.d.s.SimulationScheduler - Check simulation result: 2024-02-01T16:08:00.008669  
DEBUG 16:09:05.714 - - l.a.i.d.s.SimulationScheduler - Check simulation result: 2024-02-01T16:09:05.714522  
ERROR 16:09:08.959 - - o.a.c.c.C.[.[.[.[dispatcherServlet] - Servlet.service() for servlet [dispatcherServlet] in context with path [] threw exception [Request processing failed: java.lang.ArithmeticException: / by zero] with root cause java.lang.ArithmeticException: / by zero
	at loadrover.api.io.domain.scenario.ScenarioService.createScenario(ScenarioService.kt:164)
	at loadrover.api.io.domain.scenario.ScenarioController.createScenario(ScenarioController.kt:16)
	at java.base/jdk.internal.reflect.NativeMethodAccessorImpl.invoke0(Native Method)
	at java.base/jdk.internal.reflect.NativeMethodAccessorImpl.invoke(NativeMethodAccessorImpl.java:77)
	at java.base/jdk.internal.reflect.DelegatingMethodAccessorImpl.invoke(DelegatingMethodAccessorImpl.java:43)
	at java.base/java.lang.reflect.Method.invoke(Method.java:568)
	at org.springframework.web.method.support.InvocableHandlerMethod.doInvoke(InvocableHandlerMethod.java:205)
	at org.springframework.web.method.support.InvocableHandlerMethod.invokeForRequest(InvocableHandlerMethod.java:150)
	at org.springframework.web.servlet.mvc.method.annotation.ServletInvocableHandlerMethod.invokeAndHandle(ServletInvocableHandlerMethod.java:118)
	at org.springframework.web.servlet.mvc.method.annotation.RequestMappingHandlerAdapter.invokeHandlerMethod(RequestMappingHandlerAdapter.java:884)
	at org.springframework.web.servlet.mvc.method.annotation.RequestMappingHandlerAdapter.handleInternal(RequestMappingHandlerAdapter.java:797)
	at org.springframework.web.servlet.mvc.method.AbstractHandlerMethodAdapter.handle(AbstractHandlerMethodAdapter.java:87)
	at org.springframework.web.servlet.DispatcherServlet.doDispatch(DispatcherServlet.java:1081)
	at org.springframework.web.servlet.DispatcherServlet.doService(DispatcherServlet.java:974)
	at org.springframework.web.servlet.FrameworkServlet.processRequest(FrameworkServlet.java:1014)
	at org.springframework.web.servlet.FrameworkServlet.doPost(FrameworkServlet.java:914)
	at jakarta.servlet.http.HttpServlet.service(HttpServlet.java:590)
	at org.springframework.web.servlet.FrameworkServlet.service(FrameworkServlet.java:885)
	at jakarta.servlet.http.HttpServlet.service(HttpServlet.java:658)
	at org.apache.catalina.core.ApplicationFilterChain.internalDoFilter(ApplicationFilterChain.java:205)
	at org.apache.catalina.core.ApplicationFilterChain.doFilter(ApplicationFilterChain.java:149)
	at org.apache.tomcat.websocket.server.WsFilter.doFilter(WsFilter.java:51)
	at org.apache.catalina.core.ApplicationFilterChain.internalDoFilter(ApplicationFilterChain.java:174)
	at org.apache.catalina.core.ApplicationFilterChain.doFilter(ApplicationFilterChain.java:149)
	at org.springframework.web.filter.RequestContextFilter.doFilterInternal(RequestContextFilter.java:100)
	at org.springframework.web.filter.OncePerRequestFilter.doFilter(OncePerRequestFilter.java:116)
	at org.apache.catalina.core.ApplicationFilterChain.internalDoFilter(ApplicationFilterChain.java:174)
	at org.apache.catalina.core.ApplicationFilterChain.doFilter(ApplicationFilterChain.java:149)
	at org.springframework.web.filter.FormContentFilter.doFilterInternal(FormContentFilter.java:93)
	at org.springframework.web.filter.OncePerRequestFilter.doFilter(OncePerRequestFilter.java:116)
	at org.apache.catalina.core.ApplicationFilterChain.internalDoFilter(ApplicationFilterChain.java:174)
	at org.apache.catalina.core.ApplicationFilterChain.doFilter(ApplicationFilterChain.java:149)
	at org.springframework.web.filter.CharacterEncodingFilter.doFilterInternal(CharacterEncodingFilter.java:201)
	at org.springframework.web.filter.OncePerRequestFilter.doFilter(OncePerRequestFilter.java:116)
	at org.apache.catalina.core.ApplicationFilterChain.internalDoFilter(ApplicationFilterChain.java:174)
	at org.apache.catalina.core.ApplicationFilterChain.doFilter(ApplicationFilterChain.java:149)
	at org.apache.catalina.core.StandardWrapperValve.invoke(StandardWrapperValve.java:167)
	at org.apache.catalina.core.StandardContextValve.invoke(StandardContextValve.java:90)
	at org.apache.catalina.authenticator.AuthenticatorBase.invoke(AuthenticatorBase.java:482)
	at org.apache.catalina.core.StandardHostValve.invoke(StandardHostValve.java:115)
	at org.apache.catalina.valves.ErrorReportValve.invoke(ErrorReportValve.java:93)
	at org.apache.catalina.core.StandardEngineValve.invoke(StandardEngineValve.java:74)
	at org.apache.catalina.connector.CoyoteAdapter.service(CoyoteAdapter.java:340)
	at org.apache.coyote.http11.Http11Processor.service(Http11Processor.java:391)
	at org.apache.coyote.AbstractProcessorLight.process(AbstractProcessorLight.java:63)
	at org.apache.coyote.AbstractProtocol$ConnectionHandler.process(AbstractProtocol.java:896)
	at org.apache.tomcat.util.net.NioEndpoint$SocketProcessor.doRun(NioEndpoint.java:1744)
	at org.apache.tomcat.util.net.SocketProcessorBase.run(SocketProcessorBase.java:52)
	at org.apache.tomcat.util.threads.ThreadPoolExecutor.runWorker(ThreadPoolExecutor.java:1191)
	at org.apache.tomcat.util.threads.ThreadPoolExecutor$Worker.run(ThreadPoolExecutor.java:659)
	at org.apache.tomcat.util.threads.TaskThread$WrappingRunnable.run(TaskThread.java:61)
	at java.base/java.lang.Thread.run(Thread.java:833)
 
INFO  16:09:28.425 - - loadrover.api.io.ApiApplicationKt - Starting ApiApplicationKt using Java 17.0.5 with PID 63919 (/Users/sasha/IdeaProjects/2bytes.loadrover-server/api/build/classes/kotlin/main started by sasha in /Users/sasha/IdeaProjects/2bytes.loadrover-server)  
DEBUG 16:09:28.427 - - loadrover.api.io.ApiApplicationKt - Running with Spring Boot v3.1.7, Spring v6.0.15  
INFO  16:09:28.427 - - loadrover.api.io.ApiApplicationKt - The following 1 profile is active: "local"  
INFO  16:09:29.123 - - o.s.b.w.e.tomcat.TomcatWebServer - Tomcat initialized with port(s): 8800 (http)  
INFO  16:09:29.130 - - o.a.catalina.core.StandardService - Starting service [Tomcat]  
INFO  16:09:29.130 - - o.a.catalina.core.StandardEngine - Starting Servlet engine: [Apache Tomcat/10.1.17]  
INFO  16:09:29.189 - - o.a.c.c.C.[Tomcat].[localhost].[/] - Initializing Spring embedded WebApplicationContext  
INFO  16:09:29.190 - - o.s.b.w.s.c.ServletWebServerApplicationContext - Root WebApplicationContext: initialization completed in 732 ms  
DEBUG 16:09:29.380 - - _.s.w.s.HandlerMapping.Mappings - 
	l.a.i.d.s.ScenarioController:
	{POST [/scenario]}: createScenario(RequestScenarioDto)
	{GET [/scenario/list]}: getScenarioList()  
DEBUG 16:09:29.382 - - _.s.w.s.HandlerMapping.Mappings - 
	l.a.i.d.s.SimulationController:
	{POST [/simulation/run]}: runSimulation(RunSimulationRequest)
	{GET [/simulation/{scenarioId}]}: getSimulationResult(String)  
DEBUG 16:09:29.383 - - _.s.w.s.HandlerMapping.Mappings - 
	l.a.i.i.HealthCheckController:
	{GET [/health-check]}: healthCheck()  
DEBUG 16:09:29.384 - - _.s.w.s.HandlerMapping.Mappings - 
	o.s.b.a.w.s.e.BasicErrorController:
	{ [/error]}: error(HttpServletRequest)
	{ [/error], produces [text/html]}: errorHtml(HttpServletRequest,HttpServletResponse)  
DEBUG 16:09:29.385 - - _.s.w.s.HandlerMapping.Mappings - 
	o.s.w.a.MultipleOpenApiWebMvcResource:
	{GET [/api-docs/{group}], produces [application/json]}: openapiJson(HttpServletRequest,String,String,Locale)
	{GET [/api-docs.yaml/{group}], produces [application/vnd.oai.openapi]}: openapiYaml(HttpServletRequest,String,String,Locale)  
DEBUG 16:09:29.388 - - _.s.w.s.HandlerMapping.Mappings - 
	o.s.w.a.OpenApiWebMvcResource:
	{GET [/api-docs], produces [application/json]}: openapiJson(HttpServletRequest,String,Locale)
	{GET [/api-docs.yaml], produces [application/vnd.oai.openapi]}: openapiYaml(HttpServletRequest,String,Locale)  
DEBUG 16:09:29.388 - - _.s.w.s.HandlerMapping.Mappings - 
	o.s.w.u.SwaggerWelcomeWebMvc:
	{GET [/swagger-ui.html]}: redirectToUi(HttpServletRequest)  
DEBUG 16:09:29.389 - - _.s.w.s.HandlerMapping.Mappings - 
	o.s.w.u.SwaggerConfigResource:
	{GET [/api-docs/swagger-config], produces [application/json]}: openapiJson(HttpServletRequest)  
DEBUG 16:09:29.392 - - _.s.w.s.HandlerMapping.Mappings - 'beanNameHandlerMapping' {}  
DEBUG 16:09:29.651 - - _.s.w.s.HandlerMapping.Mappings - 'resourceHandlerMapping' {/webjars/**=ResourceHttpRequestHandler [classpath [META-INF/resources/webjars/]], /**=ResourceHttpRequestHandler [classpath [META-INF/resources/], classpath [resources/], classpath [static/], classpath [public/], ServletContext [/]], /swagger-ui*/*swagger-initializer.js=ResourceHttpRequestHandler [classpath [META-INF/resources/webjars/]], /swagger-ui*/**=ResourceHttpRequestHandler [classpath [META-INF/resources/webjars/]]}  
WARN  16:09:29.662 - - o.s.b.a.m.MustacheAutoConfiguration - Cannot find template location: classpath:/templates/ (please add some templates, check your Mustache configuration, or set spring.mustache.check-template-location=false)  
INFO  16:09:29.709 - - o.s.b.w.e.tomcat.TomcatWebServer - Tomcat started on port(s): 8800 (http) with context path ''  
INFO  16:09:29.717 - - loadrover.api.io.ApiApplicationKt - Started ApiApplicationKt in 1.565 seconds (process running for 1.803)  
INFO  16:09:30.882 - - o.a.tomcat.util.http.parser.Cookie - A cookie header was received [g_state={"i_l":0};] that contained an invalid cookie. That cookie will be ignored.
 Note: further occurrences of this error will be logged at DEBUG level.  
INFO  16:09:30.887 - - o.a.c.c.C.[Tomcat].[localhost].[/] - Initializing Spring DispatcherServlet 'dispatcherServlet'  
INFO  16:09:30.887 - - o.s.web.servlet.DispatcherServlet - Initializing Servlet 'dispatcherServlet'  
INFO  16:09:30.888 - - o.s.web.servlet.DispatcherServlet - Completed initialization in 1 ms  
ERROR 16:09:33.131 - - o.a.c.c.C.[.[.[.[dispatcherServlet] - Servlet.service() for servlet [dispatcherServlet] in context with path [] threw exception [Request processing failed: java.lang.ArithmeticException: / by zero] with root cause java.lang.ArithmeticException: / by zero
	at loadrover.api.io.domain.scenario.ScenarioService.createScenario(ScenarioService.kt:164)
	at loadrover.api.io.domain.scenario.ScenarioController.createScenario(ScenarioController.kt:16)
	at java.base/jdk.internal.reflect.NativeMethodAccessorImpl.invoke0(Native Method)
	at java.base/jdk.internal.reflect.NativeMethodAccessorImpl.invoke(NativeMethodAccessorImpl.java:77)
	at java.base/jdk.internal.reflect.DelegatingMethodAccessorImpl.invoke(DelegatingMethodAccessorImpl.java:43)
	at java.base/java.lang.reflect.Method.invoke(Method.java:568)
	at org.springframework.web.method.support.InvocableHandlerMethod.doInvoke(InvocableHandlerMethod.java:205)
	at org.springframework.web.method.support.InvocableHandlerMethod.invokeForRequest(InvocableHandlerMethod.java:150)
	at org.springframework.web.servlet.mvc.method.annotation.ServletInvocableHandlerMethod.invokeAndHandle(ServletInvocableHandlerMethod.java:118)
	at org.springframework.web.servlet.mvc.method.annotation.RequestMappingHandlerAdapter.invokeHandlerMethod(RequestMappingHandlerAdapter.java:884)
	at org.springframework.web.servlet.mvc.method.annotation.RequestMappingHandlerAdapter.handleInternal(RequestMappingHandlerAdapter.java:797)
	at org.springframework.web.servlet.mvc.method.AbstractHandlerMethodAdapter.handle(AbstractHandlerMethodAdapter.java:87)
	at org.springframework.web.servlet.DispatcherServlet.doDispatch(DispatcherServlet.java:1081)
	at org.springframework.web.servlet.DispatcherServlet.doService(DispatcherServlet.java:974)
	at org.springframework.web.servlet.FrameworkServlet.processRequest(FrameworkServlet.java:1014)
	at org.springframework.web.servlet.FrameworkServlet.doPost(FrameworkServlet.java:914)
	at jakarta.servlet.http.HttpServlet.service(HttpServlet.java:590)
	at org.springframework.web.servlet.FrameworkServlet.service(FrameworkServlet.java:885)
	at jakarta.servlet.http.HttpServlet.service(HttpServlet.java:658)
	at org.apache.catalina.core.ApplicationFilterChain.internalDoFilter(ApplicationFilterChain.java:205)
	at org.apache.catalina.core.ApplicationFilterChain.doFilter(ApplicationFilterChain.java:149)
	at org.apache.tomcat.websocket.server.WsFilter.doFilter(WsFilter.java:51)
	at org.apache.catalina.core.ApplicationFilterChain.internalDoFilter(ApplicationFilterChain.java:174)
	at org.apache.catalina.core.ApplicationFilterChain.doFilter(ApplicationFilterChain.java:149)
	at org.springframework.web.filter.RequestContextFilter.doFilterInternal(RequestContextFilter.java:100)
	at org.springframework.web.filter.OncePerRequestFilter.doFilter(OncePerRequestFilter.java:116)
	at org.apache.catalina.core.ApplicationFilterChain.internalDoFilter(ApplicationFilterChain.java:174)
	at org.apache.catalina.core.ApplicationFilterChain.doFilter(ApplicationFilterChain.java:149)
	at org.springframework.web.filter.FormContentFilter.doFilterInternal(FormContentFilter.java:93)
	at org.springframework.web.filter.OncePerRequestFilter.doFilter(OncePerRequestFilter.java:116)
	at org.apache.catalina.core.ApplicationFilterChain.internalDoFilter(ApplicationFilterChain.java:174)
	at org.apache.catalina.core.ApplicationFilterChain.doFilter(ApplicationFilterChain.java:149)
	at org.springframework.web.filter.CharacterEncodingFilter.doFilterInternal(CharacterEncodingFilter.java:201)
	at org.springframework.web.filter.OncePerRequestFilter.doFilter(OncePerRequestFilter.java:116)
	at org.apache.catalina.core.ApplicationFilterChain.internalDoFilter(ApplicationFilterChain.java:174)
	at org.apache.catalina.core.ApplicationFilterChain.doFilter(ApplicationFilterChain.java:149)
	at org.apache.catalina.core.StandardWrapperValve.invoke(StandardWrapperValve.java:167)
	at org.apache.catalina.core.StandardContextValve.invoke(StandardContextValve.java:90)
	at org.apache.catalina.authenticator.AuthenticatorBase.invoke(AuthenticatorBase.java:482)
	at org.apache.catalina.core.StandardHostValve.invoke(StandardHostValve.java:115)
	at org.apache.catalina.valves.ErrorReportValve.invoke(ErrorReportValve.java:93)
	at org.apache.catalina.core.StandardEngineValve.invoke(StandardEngineValve.java:74)
	at org.apache.catalina.connector.CoyoteAdapter.service(CoyoteAdapter.java:340)
	at org.apache.coyote.http11.Http11Processor.service(Http11Processor.java:391)
	at org.apache.coyote.AbstractProcessorLight.process(AbstractProcessorLight.java:63)
	at org.apache.coyote.AbstractProtocol$ConnectionHandler.process(AbstractProtocol.java:896)
	at org.apache.tomcat.util.net.NioEndpoint$SocketProcessor.doRun(NioEndpoint.java:1744)
	at org.apache.tomcat.util.net.SocketProcessorBase.run(SocketProcessorBase.java:52)
	at org.apache.tomcat.util.threads.ThreadPoolExecutor.runWorker(ThreadPoolExecutor.java:1191)
	at org.apache.tomcat.util.threads.ThreadPoolExecutor$Worker.run(ThreadPoolExecutor.java:659)
	at org.apache.tomcat.util.threads.TaskThread$WrappingRunnable.run(TaskThread.java:61)
	at java.base/java.lang.Thread.run(Thread.java:833)
 
ERROR 16:09:49.783 - - o.a.c.c.C.[.[.[.[dispatcherServlet] - Servlet.service() for servlet [dispatcherServlet] in context with path [] threw exception [Request processing failed: java.lang.ArithmeticException: / by zero] with root cause java.lang.ArithmeticException: / by zero
	at loadrover.api.io.domain.scenario.ScenarioService.createScenario(ScenarioService.kt:164)
	at loadrover.api.io.domain.scenario.ScenarioController.createScenario(ScenarioController.kt:16)
	at java.base/jdk.internal.reflect.NativeMethodAccessorImpl.invoke0(Native Method)
	at java.base/jdk.internal.reflect.NativeMethodAccessorImpl.invoke(NativeMethodAccessorImpl.java:77)
	at java.base/jdk.internal.reflect.DelegatingMethodAccessorImpl.invoke(DelegatingMethodAccessorImpl.java:43)
	at java.base/java.lang.reflect.Method.invoke(Method.java:568)
	at org.springframework.web.method.support.InvocableHandlerMethod.doInvoke(InvocableHandlerMethod.java:205)
	at org.springframework.web.method.support.InvocableHandlerMethod.invokeForRequest(InvocableHandlerMethod.java:150)
	at org.springframework.web.servlet.mvc.method.annotation.ServletInvocableHandlerMethod.invokeAndHandle(ServletInvocableHandlerMethod.java:118)
	at org.springframework.web.servlet.mvc.method.annotation.RequestMappingHandlerAdapter.invokeHandlerMethod(RequestMappingHandlerAdapter.java:884)
	at org.springframework.web.servlet.mvc.method.annotation.RequestMappingHandlerAdapter.handleInternal(RequestMappingHandlerAdapter.java:797)
	at org.springframework.web.servlet.mvc.method.AbstractHandlerMethodAdapter.handle(AbstractHandlerMethodAdapter.java:87)
	at org.springframework.web.servlet.DispatcherServlet.doDispatch(DispatcherServlet.java:1081)
	at org.springframework.web.servlet.DispatcherServlet.doService(DispatcherServlet.java:974)
	at org.springframework.web.servlet.FrameworkServlet.processRequest(FrameworkServlet.java:1014)
	at org.springframework.web.servlet.FrameworkServlet.doPost(FrameworkServlet.java:914)
	at jakarta.servlet.http.HttpServlet.service(HttpServlet.java:590)
	at org.springframework.web.servlet.FrameworkServlet.service(FrameworkServlet.java:885)
	at jakarta.servlet.http.HttpServlet.service(HttpServlet.java:658)
	at org.apache.catalina.core.ApplicationFilterChain.internalDoFilter(ApplicationFilterChain.java:205)
	at org.apache.catalina.core.ApplicationFilterChain.doFilter(ApplicationFilterChain.java:149)
	at org.apache.tomcat.websocket.server.WsFilter.doFilter(WsFilter.java:51)
	at org.apache.catalina.core.ApplicationFilterChain.internalDoFilter(ApplicationFilterChain.java:174)
	at org.apache.catalina.core.ApplicationFilterChain.doFilter(ApplicationFilterChain.java:149)
	at org.springframework.web.filter.RequestContextFilter.doFilterInternal(RequestContextFilter.java:100)
	at org.springframework.web.filter.OncePerRequestFilter.doFilter(OncePerRequestFilter.java:116)
	at org.apache.catalina.core.ApplicationFilterChain.internalDoFilter(ApplicationFilterChain.java:174)
	at org.apache.catalina.core.ApplicationFilterChain.doFilter(ApplicationFilterChain.java:149)
	at org.springframework.web.filter.FormContentFilter.doFilterInternal(FormContentFilter.java:93)
	at org.springframework.web.filter.OncePerRequestFilter.doFilter(OncePerRequestFilter.java:116)
	at org.apache.catalina.core.ApplicationFilterChain.internalDoFilter(ApplicationFilterChain.java:174)
	at org.apache.catalina.core.ApplicationFilterChain.doFilter(ApplicationFilterChain.java:149)
	at org.springframework.web.filter.CharacterEncodingFilter.doFilterInternal(CharacterEncodingFilter.java:201)
	at org.springframework.web.filter.OncePerRequestFilter.doFilter(OncePerRequestFilter.java:116)
	at org.apache.catalina.core.ApplicationFilterChain.internalDoFilter(ApplicationFilterChain.java:174)
	at org.apache.catalina.core.ApplicationFilterChain.doFilter(ApplicationFilterChain.java:149)
	at org.apache.catalina.core.StandardWrapperValve.invoke(StandardWrapperValve.java:167)
	at org.apache.catalina.core.StandardContextValve.invoke(StandardContextValve.java:90)
	at org.apache.catalina.authenticator.AuthenticatorBase.invoke(AuthenticatorBase.java:482)
	at org.apache.catalina.core.StandardHostValve.invoke(StandardHostValve.java:115)
	at org.apache.catalina.valves.ErrorReportValve.invoke(ErrorReportValve.java:93)
	at org.apache.catalina.core.StandardEngineValve.invoke(StandardEngineValve.java:74)
	at org.apache.catalina.connector.CoyoteAdapter.service(CoyoteAdapter.java:340)
	at org.apache.coyote.http11.Http11Processor.service(Http11Processor.java:391)
	at org.apache.coyote.AbstractProcessorLight.process(AbstractProcessorLight.java:63)
	at org.apache.coyote.AbstractProtocol$ConnectionHandler.process(AbstractProtocol.java:896)
	at org.apache.tomcat.util.net.NioEndpoint$SocketProcessor.doRun(NioEndpoint.java:1744)
	at org.apache.tomcat.util.net.SocketProcessorBase.run(SocketProcessorBase.java:52)
	at org.apache.tomcat.util.threads.ThreadPoolExecutor.runWorker(ThreadPoolExecutor.java:1191)
	at org.apache.tomcat.util.threads.ThreadPoolExecutor$Worker.run(ThreadPoolExecutor.java:659)
	at org.apache.tomcat.util.threads.TaskThread$WrappingRunnable.run(TaskThread.java:61)
	at java.base/java.lang.Thread.run(Thread.java:833)
 
DEBUG 16:10:00.026 - - l.a.i.d.s.SimulationScheduler - Check simulation result: 2024-02-01T16:10:00.026558  
ERROR 16:10:23.317 - - o.a.c.c.C.[.[.[.[dispatcherServlet] - Servlet.service() for servlet [dispatcherServlet] in context with path [] threw exception [Request processing failed: java.lang.IndexOutOfBoundsException: Index 2 out of bounds for length 2] with root cause java.lang.IndexOutOfBoundsException: Index 2 out of bounds for length 2
	at java.base/jdk.internal.util.Preconditions.outOfBounds(Preconditions.java:64)
	at java.base/jdk.internal.util.Preconditions.outOfBoundsCheckIndex(Preconditions.java:70)
	at java.base/jdk.internal.util.Preconditions.checkIndex(Preconditions.java:266)
	at java.base/java.util.Objects.checkIndex(Objects.java:359)
	at java.base/java.util.ArrayList.get(ArrayList.java:427)
	at loadrover.api.io.domain.scenario.ScenarioService.createScenario(ScenarioService.kt:104)
	at loadrover.api.io.domain.scenario.ScenarioController.createScenario(ScenarioController.kt:16)
	at java.base/jdk.internal.reflect.NativeMethodAccessorImpl.invoke0(Native Method)
	at java.base/jdk.internal.reflect.NativeMethodAccessorImpl.invoke(NativeMethodAccessorImpl.java:77)
	at java.base/jdk.internal.reflect.DelegatingMethodAccessorImpl.invoke(DelegatingMethodAccessorImpl.java:43)
	at java.base/java.lang.reflect.Method.invoke(Method.java:568)
	at org.springframework.web.method.support.InvocableHandlerMethod.doInvoke(InvocableHandlerMethod.java:205)
	at org.springframework.web.method.support.InvocableHandlerMethod.invokeForRequest(InvocableHandlerMethod.java:150)
	at org.springframework.web.servlet.mvc.method.annotation.ServletInvocableHandlerMethod.invokeAndHandle(ServletInvocableHandlerMethod.java:118)
	at org.springframework.web.servlet.mvc.method.annotation.RequestMappingHandlerAdapter.invokeHandlerMethod(RequestMappingHandlerAdapter.java:884)
	at org.springframework.web.servlet.mvc.method.annotation.RequestMappingHandlerAdapter.handleInternal(RequestMappingHandlerAdapter.java:797)
	at org.springframework.web.servlet.mvc.method.AbstractHandlerMethodAdapter.handle(AbstractHandlerMethodAdapter.java:87)
	at org.springframework.web.servlet.DispatcherServlet.doDispatch(DispatcherServlet.java:1081)
	at org.springframework.web.servlet.DispatcherServlet.doService(DispatcherServlet.java:974)
	at org.springframework.web.servlet.FrameworkServlet.processRequest(FrameworkServlet.java:1014)
	at org.springframework.web.servlet.FrameworkServlet.doPost(FrameworkServlet.java:914)
	at jakarta.servlet.http.HttpServlet.service(HttpServlet.java:590)
	at org.springframework.web.servlet.FrameworkServlet.service(FrameworkServlet.java:885)
	at jakarta.servlet.http.HttpServlet.service(HttpServlet.java:658)
	at org.apache.catalina.core.ApplicationFilterChain.internalDoFilter(ApplicationFilterChain.java:205)
	at org.apache.catalina.core.ApplicationFilterChain.doFilter(ApplicationFilterChain.java:149)
	at org.apache.tomcat.websocket.server.WsFilter.doFilter(WsFilter.java:51)
	at org.apache.catalina.core.ApplicationFilterChain.internalDoFilter(ApplicationFilterChain.java:174)
	at org.apache.catalina.core.ApplicationFilterChain.doFilter(ApplicationFilterChain.java:149)
	at org.springframework.web.filter.RequestContextFilter.doFilterInternal(RequestContextFilter.java:100)
	at org.springframework.web.filter.OncePerRequestFilter.doFilter(OncePerRequestFilter.java:116)
	at org.apache.catalina.core.ApplicationFilterChain.internalDoFilter(ApplicationFilterChain.java:174)
	at org.apache.catalina.core.ApplicationFilterChain.doFilter(ApplicationFilterChain.java:149)
	at org.springframework.web.filter.FormContentFilter.doFilterInternal(FormContentFilter.java:93)
	at org.springframework.web.filter.OncePerRequestFilter.doFilter(OncePerRequestFilter.java:116)
	at org.apache.catalina.core.ApplicationFilterChain.internalDoFilter(ApplicationFilterChain.java:174)
	at org.apache.catalina.core.ApplicationFilterChain.doFilter(ApplicationFilterChain.java:149)
	at org.springframework.web.filter.CharacterEncodingFilter.doFilterInternal(CharacterEncodingFilter.java:201)
	at org.springframework.web.filter.OncePerRequestFilter.doFilter(OncePerRequestFilter.java:116)
	at org.apache.catalina.core.ApplicationFilterChain.internalDoFilter(ApplicationFilterChain.java:174)
	at org.apache.catalina.core.ApplicationFilterChain.doFilter(ApplicationFilterChain.java:149)
	at org.apache.catalina.core.StandardWrapperValve.invoke(StandardWrapperValve.java:167)
	at org.apache.catalina.core.StandardContextValve.invoke(StandardContextValve.java:90)
	at org.apache.catalina.authenticator.AuthenticatorBase.invoke(AuthenticatorBase.java:482)
	at org.apache.catalina.core.StandardHostValve.invoke(StandardHostValve.java:115)
	at org.apache.catalina.valves.ErrorReportValve.invoke(ErrorReportValve.java:93)
	at org.apache.catalina.core.StandardEngineValve.invoke(StandardEngineValve.java:74)
	at org.apache.catalina.connector.CoyoteAdapter.service(CoyoteAdapter.java:340)
	at org.apache.coyote.http11.Http11Processor.service(Http11Processor.java:391)
	at org.apache.coyote.AbstractProcessorLight.process(AbstractProcessorLight.java:63)
	at org.apache.coyote.AbstractProtocol$ConnectionHandler.process(AbstractProtocol.java:896)
	at org.apache.tomcat.util.net.NioEndpoint$SocketProcessor.doRun(NioEndpoint.java:1744)
	at org.apache.tomcat.util.net.SocketProcessorBase.run(SocketProcessorBase.java:52)
	at org.apache.tomcat.util.threads.ThreadPoolExecutor.runWorker(ThreadPoolExecutor.java:1191)
	at org.apache.tomcat.util.threads.ThreadPoolExecutor$Worker.run(ThreadPoolExecutor.java:659)
	at org.apache.tomcat.util.threads.TaskThread$WrappingRunnable.run(TaskThread.java:61)
	at java.base/java.lang.Thread.run(Thread.java:833)
 
DEBUG 16:11:00.637 - - l.a.i.d.s.SimulationScheduler - Check simulation result: 2024-02-01T16:11:00.637371  
ERROR 16:11:52.228 - - o.a.c.c.C.[.[.[.[dispatcherServlet] - Servlet.service() for servlet [dispatcherServlet] in context with path [] threw exception [Request processing failed: java.lang.IndexOutOfBoundsException: Index 2 out of bounds for length 2] with root cause java.lang.IndexOutOfBoundsException: Index 2 out of bounds for length 2
	at java.base/jdk.internal.util.Preconditions.outOfBounds(Preconditions.java:64)
	at java.base/jdk.internal.util.Preconditions.outOfBoundsCheckIndex(Preconditions.java:70)
	at java.base/jdk.internal.util.Preconditions.checkIndex(Preconditions.java:266)
	at java.base/java.util.Objects.checkIndex(Objects.java:359)
	at java.base/java.util.ArrayList.get(ArrayList.java:427)
	at loadrover.api.io.domain.scenario.ScenarioService.createScenario(ScenarioService.kt:104)
	at loadrover.api.io.domain.scenario.ScenarioController.createScenario(ScenarioController.kt:16)
	at java.base/jdk.internal.reflect.NativeMethodAccessorImpl.invoke0(Native Method)
	at java.base/jdk.internal.reflect.NativeMethodAccessorImpl.invoke(NativeMethodAccessorImpl.java:77)
	at java.base/jdk.internal.reflect.DelegatingMethodAccessorImpl.invoke(DelegatingMethodAccessorImpl.java:43)
	at java.base/java.lang.reflect.Method.invoke(Method.java:568)
	at org.springframework.web.method.support.InvocableHandlerMethod.doInvoke(InvocableHandlerMethod.java:205)
	at org.springframework.web.method.support.InvocableHandlerMethod.invokeForRequest(InvocableHandlerMethod.java:150)
	at org.springframework.web.servlet.mvc.method.annotation.ServletInvocableHandlerMethod.invokeAndHandle(ServletInvocableHandlerMethod.java:118)
	at org.springframework.web.servlet.mvc.method.annotation.RequestMappingHandlerAdapter.invokeHandlerMethod(RequestMappingHandlerAdapter.java:884)
	at org.springframework.web.servlet.mvc.method.annotation.RequestMappingHandlerAdapter.handleInternal(RequestMappingHandlerAdapter.java:797)
	at org.springframework.web.servlet.mvc.method.AbstractHandlerMethodAdapter.handle(AbstractHandlerMethodAdapter.java:87)
	at org.springframework.web.servlet.DispatcherServlet.doDispatch(DispatcherServlet.java:1081)
	at org.springframework.web.servlet.DispatcherServlet.doService(DispatcherServlet.java:974)
	at org.springframework.web.servlet.FrameworkServlet.processRequest(FrameworkServlet.java:1014)
	at org.springframework.web.servlet.FrameworkServlet.doPost(FrameworkServlet.java:914)
	at jakarta.servlet.http.HttpServlet.service(HttpServlet.java:590)
	at org.springframework.web.servlet.FrameworkServlet.service(FrameworkServlet.java:885)
	at jakarta.servlet.http.HttpServlet.service(HttpServlet.java:658)
	at org.apache.catalina.core.ApplicationFilterChain.internalDoFilter(ApplicationFilterChain.java:205)
	at org.apache.catalina.core.ApplicationFilterChain.doFilter(ApplicationFilterChain.java:149)
	at org.apache.tomcat.websocket.server.WsFilter.doFilter(WsFilter.java:51)
	at org.apache.catalina.core.ApplicationFilterChain.internalDoFilter(ApplicationFilterChain.java:174)
	at org.apache.catalina.core.ApplicationFilterChain.doFilter(ApplicationFilterChain.java:149)
	at org.springframework.web.filter.RequestContextFilter.doFilterInternal(RequestContextFilter.java:100)
	at org.springframework.web.filter.OncePerRequestFilter.doFilter(OncePerRequestFilter.java:116)
	at org.apache.catalina.core.ApplicationFilterChain.internalDoFilter(ApplicationFilterChain.java:174)
	at org.apache.catalina.core.ApplicationFilterChain.doFilter(ApplicationFilterChain.java:149)
	at org.springframework.web.filter.FormContentFilter.doFilterInternal(FormContentFilter.java:93)
	at org.springframework.web.filter.OncePerRequestFilter.doFilter(OncePerRequestFilter.java:116)
	at org.apache.catalina.core.ApplicationFilterChain.internalDoFilter(ApplicationFilterChain.java:174)
	at org.apache.catalina.core.ApplicationFilterChain.doFilter(ApplicationFilterChain.java:149)
	at org.springframework.web.filter.CharacterEncodingFilter.doFilterInternal(CharacterEncodingFilter.java:201)
	at org.springframework.web.filter.OncePerRequestFilter.doFilter(OncePerRequestFilter.java:116)
	at org.apache.catalina.core.ApplicationFilterChain.internalDoFilter(ApplicationFilterChain.java:174)
	at org.apache.catalina.core.ApplicationFilterChain.doFilter(ApplicationFilterChain.java:149)
	at org.apache.catalina.core.StandardWrapperValve.invoke(StandardWrapperValve.java:167)
	at org.apache.catalina.core.StandardContextValve.invoke(StandardContextValve.java:90)
	at org.apache.catalina.authenticator.AuthenticatorBase.invoke(AuthenticatorBase.java:482)
	at org.apache.catalina.core.StandardHostValve.invoke(StandardHostValve.java:115)
	at org.apache.catalina.valves.ErrorReportValve.invoke(ErrorReportValve.java:93)
	at org.apache.catalina.core.StandardEngineValve.invoke(StandardEngineValve.java:74)
	at org.apache.catalina.connector.CoyoteAdapter.service(CoyoteAdapter.java:340)
	at org.apache.coyote.http11.Http11Processor.service(Http11Processor.java:391)
	at org.apache.coyote.AbstractProcessorLight.process(AbstractProcessorLight.java:63)
	at org.apache.coyote.AbstractProtocol$ConnectionHandler.process(AbstractProtocol.java:896)
	at org.apache.tomcat.util.net.NioEndpoint$SocketProcessor.doRun(NioEndpoint.java:1744)
	at org.apache.tomcat.util.net.SocketProcessorBase.run(SocketProcessorBase.java:52)
	at org.apache.tomcat.util.threads.ThreadPoolExecutor.runWorker(ThreadPoolExecutor.java:1191)
	at org.apache.tomcat.util.threads.ThreadPoolExecutor$Worker.run(ThreadPoolExecutor.java:659)
	at org.apache.tomcat.util.threads.TaskThread$WrappingRunnable.run(TaskThread.java:61)
	at java.base/java.lang.Thread.run(Thread.java:833)
 
INFO  16:11:53.820 - - loadrover.api.io.ApiApplicationKt - Starting ApiApplicationKt using Java 17.0.5 with PID 64091 (/Users/sasha/IdeaProjects/2bytes.loadrover-server/api/build/classes/kotlin/main started by sasha in /Users/sasha/IdeaProjects/2bytes.loadrover-server)  
DEBUG 16:11:53.822 - - loadrover.api.io.ApiApplicationKt - Running with Spring Boot v3.1.7, Spring v6.0.15  
INFO  16:11:53.822 - - loadrover.api.io.ApiApplicationKt - The following 1 profile is active: "local"  
INFO  16:11:54.437 - - o.s.b.w.e.tomcat.TomcatWebServer - Tomcat initialized with port(s): 8800 (http)  
INFO  16:11:54.442 - - o.a.catalina.core.StandardService - Starting service [Tomcat]  
INFO  16:11:54.442 - - o.a.catalina.core.StandardEngine - Starting Servlet engine: [Apache Tomcat/10.1.17]  
INFO  16:11:54.494 - - o.a.c.c.C.[Tomcat].[localhost].[/] - Initializing Spring embedded WebApplicationContext  
INFO  16:11:54.494 - - o.s.b.w.s.c.ServletWebServerApplicationContext - Root WebApplicationContext: initialization completed in 641 ms  
DEBUG 16:11:54.676 - - _.s.w.s.HandlerMapping.Mappings - 
	l.a.i.d.s.ScenarioController:
	{POST [/scenario]}: createScenario(RequestScenarioDto)
	{GET [/scenario/list]}: getScenarioList()  
DEBUG 16:11:54.677 - - _.s.w.s.HandlerMapping.Mappings - 
	l.a.i.d.s.SimulationController:
	{POST [/simulation/run]}: runSimulation(RunSimulationRequest)
	{GET [/simulation/{scenarioId}]}: getSimulationResult(String)  
DEBUG 16:11:54.678 - - _.s.w.s.HandlerMapping.Mappings - 
	l.a.i.i.HealthCheckController:
	{GET [/health-check]}: healthCheck()  
DEBUG 16:11:54.679 - - _.s.w.s.HandlerMapping.Mappings - 
	o.s.b.a.w.s.e.BasicErrorController:
	{ [/error]}: error(HttpServletRequest)
	{ [/error], produces [text/html]}: errorHtml(HttpServletRequest,HttpServletResponse)  
DEBUG 16:11:54.680 - - _.s.w.s.HandlerMapping.Mappings - 
	o.s.w.a.MultipleOpenApiWebMvcResource:
	{GET [/api-docs/{group}], produces [application/json]}: openapiJson(HttpServletRequest,String,String,Locale)
	{GET [/api-docs.yaml/{group}], produces [application/vnd.oai.openapi]}: openapiYaml(HttpServletRequest,String,String,Locale)  
DEBUG 16:11:54.683 - - _.s.w.s.HandlerMapping.Mappings - 
	o.s.w.a.OpenApiWebMvcResource:
	{GET [/api-docs], produces [application/json]}: openapiJson(HttpServletRequest,String,Locale)
	{GET [/api-docs.yaml], produces [application/vnd.oai.openapi]}: openapiYaml(HttpServletRequest,String,Locale)  
DEBUG 16:11:54.683 - - _.s.w.s.HandlerMapping.Mappings - 
	o.s.w.u.SwaggerWelcomeWebMvc:
	{GET [/swagger-ui.html]}: redirectToUi(HttpServletRequest)  
DEBUG 16:11:54.683 - - _.s.w.s.HandlerMapping.Mappings - 
	o.s.w.u.SwaggerConfigResource:
	{GET [/api-docs/swagger-config], produces [application/json]}: openapiJson(HttpServletRequest)  
DEBUG 16:11:54.687 - - _.s.w.s.HandlerMapping.Mappings - 'beanNameHandlerMapping' {}  
DEBUG 16:11:54.931 - - _.s.w.s.HandlerMapping.Mappings - 'resourceHandlerMapping' {/webjars/**=ResourceHttpRequestHandler [classpath [META-INF/resources/webjars/]], /**=ResourceHttpRequestHandler [classpath [META-INF/resources/], classpath [resources/], classpath [static/], classpath [public/], ServletContext [/]], /swagger-ui*/*swagger-initializer.js=ResourceHttpRequestHandler [classpath [META-INF/resources/webjars/]], /swagger-ui*/**=ResourceHttpRequestHandler [classpath [META-INF/resources/webjars/]]}  
WARN  16:11:54.944 - - o.s.b.a.m.MustacheAutoConfiguration - Cannot find template location: classpath:/templates/ (please add some templates, check your Mustache configuration, or set spring.mustache.check-template-location=false)  
INFO  16:11:54.994 - - o.s.b.w.e.tomcat.TomcatWebServer - Tomcat started on port(s): 8800 (http) with context path ''  
INFO  16:11:55.001 - - loadrover.api.io.ApiApplicationKt - Started ApiApplicationKt in 1.479 seconds (process running for 1.704)  
INFO  16:11:58.602 - - o.a.tomcat.util.http.parser.Cookie - A cookie header was received [g_state={"i_l":0};] that contained an invalid cookie. That cookie will be ignored.
 Note: further occurrences of this error will be logged at DEBUG level.  
INFO  16:11:58.607 - - o.a.c.c.C.[Tomcat].[localhost].[/] - Initializing Spring DispatcherServlet 'dispatcherServlet'  
INFO  16:11:58.607 - - o.s.web.servlet.DispatcherServlet - Initializing Servlet 'dispatcherServlet'  
INFO  16:11:58.608 - - o.s.web.servlet.DispatcherServlet - Completed initialization in 1 ms  
DEBUG 16:12:01.345 - - l.a.i.d.s.SimulationScheduler - Check simulation result: 2024-02-01T16:12:01.344861  
DEBUG 16:13:00.014 - - l.a.i.d.s.SimulationScheduler - Check simulation result: 2024-02-01T16:13:00.011650  
DEBUG 16:14:00.003 - - l.a.i.d.s.SimulationScheduler - Check simulation result: 2024-02-01T16:14:00.003300  
DEBUG 16:15:00.008 - - l.a.i.d.s.SimulationScheduler - Check simulation result: 2024-02-01T16:15:00.008007  
DEBUG 16:16:00.010 - - l.a.i.d.s.SimulationScheduler - Check simulation result: 2024-02-01T16:16:00.009926  
DEBUG 16:17:00.011 - - l.a.i.d.s.SimulationScheduler - Check simulation result: 2024-02-01T16:17:00.011562  
INFO  16:20:15.067 - - loadrover.api.io.ApiApplicationKt - Starting ApiApplicationKt using Java 17.0.5 with PID 64814 (/Users/sasha/IdeaProjects/2bytes.loadrover-server/api/build/classes/kotlin/main started by sasha in /Users/sasha/IdeaProjects/2bytes.loadrover-server)  
DEBUG 16:20:15.069 - - loadrover.api.io.ApiApplicationKt - Running with Spring Boot v3.1.7, Spring v6.0.15  
INFO  16:20:15.070 - - loadrover.api.io.ApiApplicationKt - The following 1 profile is active: "local"  
INFO  16:20:15.699 - - o.s.b.w.e.tomcat.TomcatWebServer - Tomcat initialized with port(s): 8800 (http)  
INFO  16:20:15.704 - - o.a.catalina.core.StandardService - Starting service [Tomcat]  
INFO  16:20:15.704 - - o.a.catalina.core.StandardEngine - Starting Servlet engine: [Apache Tomcat/10.1.17]  
INFO  16:20:15.754 - - o.a.c.c.C.[Tomcat].[localhost].[/] - Initializing Spring embedded WebApplicationContext  
INFO  16:20:15.755 - - o.s.b.w.s.c.ServletWebServerApplicationContext - Root WebApplicationContext: initialization completed in 652 ms  
DEBUG 16:20:15.943 - - _.s.w.s.HandlerMapping.Mappings - 
	l.a.i.d.s.ScenarioController:
	{GET [/scenario/list]}: getScenarioList()
	{POST [/scenario]}: createScenario(RequestScenarioDto)  
DEBUG 16:20:15.944 - - _.s.w.s.HandlerMapping.Mappings - 
	l.a.i.d.s.SimulationController:
	{POST [/simulation/run]}: runSimulation(RunSimulationRequest)
	{GET [/simulation/{scenarioId}]}: getSimulationResult(String)  
DEBUG 16:20:15.945 - - _.s.w.s.HandlerMapping.Mappings - 
	l.a.i.i.HealthCheckController:
	{GET [/health-check]}: healthCheck()  
DEBUG 16:20:15.946 - - _.s.w.s.HandlerMapping.Mappings - 
	o.s.b.a.w.s.e.BasicErrorController:
	{ [/error]}: error(HttpServletRequest)
	{ [/error], produces [text/html]}: errorHtml(HttpServletRequest,HttpServletResponse)  
DEBUG 16:20:15.947 - - _.s.w.s.HandlerMapping.Mappings - 
	o.s.w.a.MultipleOpenApiWebMvcResource:
	{GET [/api-docs/{group}], produces [application/json]}: openapiJson(HttpServletRequest,String,String,Locale)
	{GET [/api-docs.yaml/{group}], produces [application/vnd.oai.openapi]}: openapiYaml(HttpServletRequest,String,String,Locale)  
DEBUG 16:20:15.950 - - _.s.w.s.HandlerMapping.Mappings - 
	o.s.w.a.OpenApiWebMvcResource:
	{GET [/api-docs], produces [application/json]}: openapiJson(HttpServletRequest,String,Locale)
	{GET [/api-docs.yaml], produces [application/vnd.oai.openapi]}: openapiYaml(HttpServletRequest,String,Locale)  
DEBUG 16:20:15.950 - - _.s.w.s.HandlerMapping.Mappings - 
	o.s.w.u.SwaggerWelcomeWebMvc:
	{GET [/swagger-ui.html]}: redirectToUi(HttpServletRequest)  
DEBUG 16:20:15.951 - - _.s.w.s.HandlerMapping.Mappings - 
	o.s.w.u.SwaggerConfigResource:
	{GET [/api-docs/swagger-config], produces [application/json]}: openapiJson(HttpServletRequest)  
DEBUG 16:20:15.954 - - _.s.w.s.HandlerMapping.Mappings - 'beanNameHandlerMapping' {}  
DEBUG 16:20:16.172 - - _.s.w.s.HandlerMapping.Mappings - 'resourceHandlerMapping' {/webjars/**=ResourceHttpRequestHandler [classpath [META-INF/resources/webjars/]], /**=ResourceHttpRequestHandler [classpath [META-INF/resources/], classpath [resources/], classpath [static/], classpath [public/], ServletContext [/]], /swagger-ui*/*swagger-initializer.js=ResourceHttpRequestHandler [classpath [META-INF/resources/webjars/]], /swagger-ui*/**=ResourceHttpRequestHandler [classpath [META-INF/resources/webjars/]]}  
WARN  16:20:16.184 - - o.s.b.a.m.MustacheAutoConfiguration - Cannot find template location: classpath:/templates/ (please add some templates, check your Mustache configuration, or set spring.mustache.check-template-location=false)  
INFO  16:20:16.237 - - o.s.b.w.e.tomcat.TomcatWebServer - Tomcat started on port(s): 8800 (http) with context path ''  
INFO  16:20:16.246 - - loadrover.api.io.ApiApplicationKt - Started ApiApplicationKt in 1.471 seconds (process running for 1.719)  
INFO  16:20:33.730 - - o.a.tomcat.util.http.parser.Cookie - A cookie header was received [g_state={"i_l":0};] that contained an invalid cookie. That cookie will be ignored.
 Note: further occurrences of this error will be logged at DEBUG level.  
INFO  16:20:33.737 - - o.a.c.c.C.[Tomcat].[localhost].[/] - Initializing Spring DispatcherServlet 'dispatcherServlet'  
INFO  16:20:33.737 - - o.s.web.servlet.DispatcherServlet - Initializing Servlet 'dispatcherServlet'  
INFO  16:20:33.738 - - o.s.web.servlet.DispatcherServlet - Completed initialization in 1 ms  
DEBUG 16:21:00.015 - - l.a.i.d.s.SimulationScheduler - Check simulation result: 2024-02-01T16:21:00.015480  
DEBUG 16:22:00.010 - - l.a.i.d.s.SimulationScheduler - Check simulation result: 2024-02-01T16:22:00.009748  
DEBUG 16:23:00.018 - - l.a.i.d.s.SimulationScheduler - Check simulation result: 2024-02-01T16:23:00.018541  
DEBUG 16:24:00.022 - - l.a.i.d.s.SimulationScheduler - Check simulation result: 2024-02-01T16:24:00.022107  
DEBUG 16:25:00.010 - - l.a.i.d.s.SimulationScheduler - Check simulation result: 2024-02-01T16:25:00.008804  
INFO  16:25:19.964 - - loadrover.api.io.ApiApplicationKt - Starting ApiApplicationKt using Java 17.0.5 with PID 65227 (/Users/sasha/IdeaProjects/2bytes.loadrover-server/api/build/classes/kotlin/main started by sasha in /Users/sasha/IdeaProjects/2bytes.loadrover-server)  
DEBUG 16:25:19.965 - - loadrover.api.io.ApiApplicationKt - Running with Spring Boot v3.1.7, Spring v6.0.15  
INFO  16:25:19.965 - - loadrover.api.io.ApiApplicationKt - The following 1 profile is active: "local"  
INFO  16:25:20.603 - - o.s.b.w.e.tomcat.TomcatWebServer - Tomcat initialized with port(s): 8800 (http)  
INFO  16:25:20.608 - - o.a.catalina.core.StandardService - Starting service [Tomcat]  
INFO  16:25:20.608 - - o.a.catalina.core.StandardEngine - Starting Servlet engine: [Apache Tomcat/10.1.17]  
INFO  16:25:20.674 - - o.a.c.c.C.[Tomcat].[localhost].[/] - Initializing Spring embedded WebApplicationContext  
INFO  16:25:20.675 - - o.s.b.w.s.c.ServletWebServerApplicationContext - Root WebApplicationContext: initialization completed in 677 ms  
DEBUG 16:25:20.852 - - _.s.w.s.HandlerMapping.Mappings - 
	l.a.i.d.s.ScenarioController:
	{POST [/scenario]}: createScenario(RequestScenarioDto)
	{GET [/scenario/list]}: getScenarioList()  
DEBUG 16:25:20.853 - - _.s.w.s.HandlerMapping.Mappings - 
	l.a.i.d.s.SimulationController:
	{POST [/simulation/run]}: runSimulation(RunSimulationRequest)
	{GET [/simulation/{scenarioId}]}: getSimulationResult(String)  
DEBUG 16:25:20.853 - - _.s.w.s.HandlerMapping.Mappings - 
	l.a.i.i.HealthCheckController:
	{GET [/health-check]}: healthCheck()  
DEBUG 16:25:20.855 - - _.s.w.s.HandlerMapping.Mappings - 
	o.s.b.a.w.s.e.BasicErrorController:
	{ [/error]}: error(HttpServletRequest)
	{ [/error], produces [text/html]}: errorHtml(HttpServletRequest,HttpServletResponse)  
DEBUG 16:25:20.856 - - _.s.w.s.HandlerMapping.Mappings - 
	o.s.w.a.MultipleOpenApiWebMvcResource:
	{GET [/api-docs/{group}], produces [application/json]}: openapiJson(HttpServletRequest,String,String,Locale)
	{GET [/api-docs.yaml/{group}], produces [application/vnd.oai.openapi]}: openapiYaml(HttpServletRequest,String,String,Locale)  
DEBUG 16:25:20.858 - - _.s.w.s.HandlerMapping.Mappings - 
	o.s.w.a.OpenApiWebMvcResource:
	{GET [/api-docs], produces [application/json]}: openapiJson(HttpServletRequest,String,Locale)
	{GET [/api-docs.yaml], produces [application/vnd.oai.openapi]}: openapiYaml(HttpServletRequest,String,Locale)  
DEBUG 16:25:20.859 - - _.s.w.s.HandlerMapping.Mappings - 
	o.s.w.u.SwaggerWelcomeWebMvc:
	{GET [/swagger-ui.html]}: redirectToUi(HttpServletRequest)  
DEBUG 16:25:20.859 - - _.s.w.s.HandlerMapping.Mappings - 
	o.s.w.u.SwaggerConfigResource:
	{GET [/api-docs/swagger-config], produces [application/json]}: openapiJson(HttpServletRequest)  
DEBUG 16:25:20.863 - - _.s.w.s.HandlerMapping.Mappings - 'beanNameHandlerMapping' {}  
DEBUG 16:25:21.085 - - _.s.w.s.HandlerMapping.Mappings - 'resourceHandlerMapping' {/webjars/**=ResourceHttpRequestHandler [classpath [META-INF/resources/webjars/]], /**=ResourceHttpRequestHandler [classpath [META-INF/resources/], classpath [resources/], classpath [static/], classpath [public/], ServletContext [/]], /swagger-ui*/*swagger-initializer.js=ResourceHttpRequestHandler [classpath [META-INF/resources/webjars/]], /swagger-ui*/**=ResourceHttpRequestHandler [classpath [META-INF/resources/webjars/]]}  
WARN  16:25:21.096 - - o.s.b.a.m.MustacheAutoConfiguration - Cannot find template location: classpath:/templates/ (please add some templates, check your Mustache configuration, or set spring.mustache.check-template-location=false)  
INFO  16:25:21.147 - - o.s.b.w.e.tomcat.TomcatWebServer - Tomcat started on port(s): 8800 (http) with context path ''  
INFO  16:25:21.155 - - loadrover.api.io.ApiApplicationKt - Started ApiApplicationKt in 1.562 seconds (process running for 1.85)  
INFO  16:25:50.781 - - o.a.tomcat.util.http.parser.Cookie - A cookie header was received [g_state={"i_l":0};] that contained an invalid cookie. That cookie will be ignored.
 Note: further occurrences of this error will be logged at DEBUG level.  
INFO  16:25:50.786 - - o.a.c.c.C.[Tomcat].[localhost].[/] - Initializing Spring DispatcherServlet 'dispatcherServlet'  
INFO  16:25:50.787 - - o.s.web.servlet.DispatcherServlet - Initializing Servlet 'dispatcherServlet'  
INFO  16:25:50.788 - - o.s.web.servlet.DispatcherServlet - Completed initialization in 1 ms  
DEBUG 16:26:00.018 - - l.a.i.d.s.SimulationScheduler - Check simulation result: 2024-02-01T16:26:00.018570  
DEBUG 16:27:00.008 - - l.a.i.d.s.SimulationScheduler - Check simulation result: 2024-02-01T16:27:00.008215  
INFO  16:27:08.684 - - loadrover.api.io.ApiApplicationKt - Starting ApiApplicationKt using Java 17.0.5 with PID 65388 (/Users/sasha/IdeaProjects/2bytes.loadrover-server/api/build/classes/kotlin/main started by sasha in /Users/sasha/IdeaProjects/2bytes.loadrover-server)  
DEBUG 16:27:08.685 - - loadrover.api.io.ApiApplicationKt - Running with Spring Boot v3.1.7, Spring v6.0.15  
INFO  16:27:08.686 - - loadrover.api.io.ApiApplicationKt - The following 1 profile is active: "local"  
INFO  16:27:09.379 - - o.s.b.w.e.tomcat.TomcatWebServer - Tomcat initialized with port(s): 8800 (http)  
INFO  16:27:09.385 - - o.a.catalina.core.StandardService - Starting service [Tomcat]  
INFO  16:27:09.385 - - o.a.catalina.core.StandardEngine - Starting Servlet engine: [Apache Tomcat/10.1.17]  
INFO  16:27:09.447 - - o.a.c.c.C.[Tomcat].[localhost].[/] - Initializing Spring embedded WebApplicationContext  
INFO  16:27:09.447 - - o.s.b.w.s.c.ServletWebServerApplicationContext - Root WebApplicationContext: initialization completed in 728 ms  
DEBUG 16:27:09.661 - - _.s.w.s.HandlerMapping.Mappings - 
	l.a.i.d.s.ScenarioController:
	{POST [/scenario]}: createScenario(RequestScenarioDto)
	{GET [/scenario/list]}: getScenarioList()  
DEBUG 16:27:09.664 - - _.s.w.s.HandlerMapping.Mappings - 
	l.a.i.d.s.SimulationController:
	{POST [/simulation/run]}: runSimulation(RunSimulationRequest)
	{GET [/simulation/{scenarioId}]}: getSimulationResult(String)  
DEBUG 16:27:09.665 - - _.s.w.s.HandlerMapping.Mappings - 
	l.a.i.i.HealthCheckController:
	{GET [/health-check]}: healthCheck()  
DEBUG 16:27:09.668 - - _.s.w.s.HandlerMapping.Mappings - 
	o.s.b.a.w.s.e.BasicErrorController:
	{ [/error]}: error(HttpServletRequest)
	{ [/error], produces [text/html]}: errorHtml(HttpServletRequest,HttpServletResponse)  
DEBUG 16:27:09.670 - - _.s.w.s.HandlerMapping.Mappings - 
	o.s.w.a.MultipleOpenApiWebMvcResource:
	{GET [/api-docs/{group}], produces [application/json]}: openapiJson(HttpServletRequest,String,String,Locale)
	{GET [/api-docs.yaml/{group}], produces [application/vnd.oai.openapi]}: openapiYaml(HttpServletRequest,String,String,Locale)  
DEBUG 16:27:09.672 - - _.s.w.s.HandlerMapping.Mappings - 
	o.s.w.a.OpenApiWebMvcResource:
	{GET [/api-docs], produces [application/json]}: openapiJson(HttpServletRequest,String,Locale)
	{GET [/api-docs.yaml], produces [application/vnd.oai.openapi]}: openapiYaml(HttpServletRequest,String,Locale)  
DEBUG 16:27:09.673 - - _.s.w.s.HandlerMapping.Mappings - 
	o.s.w.u.SwaggerWelcomeWebMvc:
	{GET [/swagger-ui.html]}: redirectToUi(HttpServletRequest)  
DEBUG 16:27:09.673 - - _.s.w.s.HandlerMapping.Mappings - 
	o.s.w.u.SwaggerConfigResource:
	{GET [/api-docs/swagger-config], produces [application/json]}: openapiJson(HttpServletRequest)  
DEBUG 16:27:09.677 - - _.s.w.s.HandlerMapping.Mappings - 'beanNameHandlerMapping' {}  
DEBUG 16:27:09.983 - - _.s.w.s.HandlerMapping.Mappings - 'resourceHandlerMapping' {/webjars/**=ResourceHttpRequestHandler [classpath [META-INF/resources/webjars/]], /**=ResourceHttpRequestHandler [classpath [META-INF/resources/], classpath [resources/], classpath [static/], classpath [public/], ServletContext [/]], /swagger-ui*/*swagger-initializer.js=ResourceHttpRequestHandler [classpath [META-INF/resources/webjars/]], /swagger-ui*/**=ResourceHttpRequestHandler [classpath [META-INF/resources/webjars/]]}  
WARN  16:27:09.993 - - o.s.b.a.m.MustacheAutoConfiguration - Cannot find template location: classpath:/templates/ (please add some templates, check your Mustache configuration, or set spring.mustache.check-template-location=false)  
INFO  16:27:10.046 - - o.s.b.w.e.tomcat.TomcatWebServer - Tomcat started on port(s): 8800 (http) with context path ''  
INFO  16:27:10.056 - - loadrover.api.io.ApiApplicationKt - Started ApiApplicationKt in 1.67 seconds (process running for 1.895)  
INFO  16:27:33.327 - - o.a.tomcat.util.http.parser.Cookie - A cookie header was received [g_state={"i_l":0};] that contained an invalid cookie. That cookie will be ignored.
 Note: further occurrences of this error will be logged at DEBUG level.  
INFO  16:27:33.334 - - o.a.c.c.C.[Tomcat].[localhost].[/] - Initializing Spring DispatcherServlet 'dispatcherServlet'  
INFO  16:27:33.334 - - o.s.web.servlet.DispatcherServlet - Initializing Servlet 'dispatcherServlet'  
INFO  16:27:33.337 - - o.s.web.servlet.DispatcherServlet - Completed initialization in 3 ms  
DEBUG 16:28:00.013 - - l.a.i.d.s.SimulationScheduler - Check simulation result: 2024-02-01T16:28:00.012939  
DEBUG 16:29:01.467 - - l.a.i.d.s.SimulationScheduler - Check simulation result: 2024-02-01T16:29:01.466960  
DEBUG 16:29:42.483 - - l.a.i.d.simulation.SimulationService - API call received. scenarioId: test20240201162859433  
DEBUG 16:30:00.010 - - l.a.i.d.s.SimulationScheduler - Check simulation result: 2024-02-01T16:30:00.009896  
DEBUG 16:31:00.020 - - l.a.i.d.s.SimulationScheduler - Check simulation result: 2024-02-01T16:31:00.019860  
DEBUG 16:32:00.012 - - l.a.i.d.s.SimulationScheduler - Check simulation result: 2024-02-01T16:32:00.012205  
DEBUG 16:33:00.017 - - l.a.i.d.s.SimulationScheduler - Check simulation result: 2024-02-01T16:33:00.016035  
DEBUG 16:34:00.023 - - l.a.i.d.s.SimulationScheduler - Check simulation result: 2024-02-01T16:34:00.023093  
DEBUG 16:35:00.011 - - l.a.i.d.s.SimulationScheduler - Check simulation result: 2024-02-01T16:35:00.011540  
DEBUG 16:36:00.007 - - l.a.i.d.s.SimulationScheduler - Check simulation result: 2024-02-01T16:36:00.007372  
DEBUG 16:37:00.008 - - l.a.i.d.s.SimulationScheduler - Check simulation result: 2024-02-01T16:37:00.008562  
DEBUG 16:38:13.511 - - l.a.i.d.s.SimulationScheduler - Check simulation result: 2024-02-01T16:38:13.510914  
DEBUG 16:39:00.015 - - l.a.i.d.s.SimulationScheduler - Check simulation result: 2024-02-01T16:39:00.015366  
DEBUG 16:40:00.029 - - l.a.i.d.s.SimulationScheduler - Check simulation result: 2024-02-01T16:40:00.029640  
INFO  16:44:40.641 - - loadrover.api.io.ApiApplicationKt - Starting ApiApplicationKt using Java 17.0.5 with PID 66977 (/Users/sasha/IdeaProjects/2bytes.loadrover-server/api/build/classes/kotlin/main started by sasha in /Users/sasha/IdeaProjects/2bytes.loadrover-server)  
DEBUG 16:44:40.643 - - loadrover.api.io.ApiApplicationKt - Running with Spring Boot v3.1.7, Spring v6.0.15  
INFO  16:44:40.643 - - loadrover.api.io.ApiApplicationKt - The following 1 profile is active: "local"  
INFO  16:44:41.289 - - o.s.b.w.e.tomcat.TomcatWebServer - Tomcat initialized with port(s): 8800 (http)  
INFO  16:44:41.295 - - o.a.catalina.core.StandardService - Starting service [Tomcat]  
INFO  16:44:41.295 - - o.a.catalina.core.StandardEngine - Starting Servlet engine: [Apache Tomcat/10.1.17]  
INFO  16:44:41.347 - - o.a.c.c.C.[Tomcat].[localhost].[/] - Initializing Spring embedded WebApplicationContext  
INFO  16:44:41.348 - - o.s.b.w.s.c.ServletWebServerApplicationContext - Root WebApplicationContext: initialization completed in 673 ms  
DEBUG 16:44:41.542 - - _.s.w.s.HandlerMapping.Mappings - 
	l.a.i.d.s.ScenarioController:
	{POST [/scenario]}: createScenario(RequestScenarioDto)
	{GET [/scenario/list]}: getScenarioList()  
DEBUG 16:44:41.543 - - _.s.w.s.HandlerMapping.Mappings - 
	l.a.i.d.s.SimulationController:
	{POST [/simulation/run]}: runSimulation(RunSimulationRequest)
	{GET [/simulation/{scenarioId}]}: getSimulationResult(String)  
DEBUG 16:44:41.544 - - _.s.w.s.HandlerMapping.Mappings - 
	l.a.i.i.HealthCheckController:
	{GET [/health-check]}: healthCheck()  
DEBUG 16:44:41.545 - - _.s.w.s.HandlerMapping.Mappings - 
	o.s.b.a.w.s.e.BasicErrorController:
	{ [/error]}: error(HttpServletRequest)
	{ [/error], produces [text/html]}: errorHtml(HttpServletRequest,HttpServletResponse)  
DEBUG 16:44:41.546 - - _.s.w.s.HandlerMapping.Mappings - 
	o.s.w.a.MultipleOpenApiWebMvcResource:
	{GET [/api-docs/{group}], produces [application/json]}: openapiJson(HttpServletRequest,String,String,Locale)
	{GET [/api-docs.yaml/{group}], produces [application/vnd.oai.openapi]}: openapiYaml(HttpServletRequest,String,String,Locale)  
DEBUG 16:44:41.548 - - _.s.w.s.HandlerMapping.Mappings - 
	o.s.w.a.OpenApiWebMvcResource:
	{GET [/api-docs], produces [application/json]}: openapiJson(HttpServletRequest,String,Locale)
	{GET [/api-docs.yaml], produces [application/vnd.oai.openapi]}: openapiYaml(HttpServletRequest,String,Locale)  
DEBUG 16:44:41.549 - - _.s.w.s.HandlerMapping.Mappings - 
	o.s.w.u.SwaggerWelcomeWebMvc:
	{GET [/swagger-ui.html]}: redirectToUi(HttpServletRequest)  
DEBUG 16:44:41.549 - - _.s.w.s.HandlerMapping.Mappings - 
	o.s.w.u.SwaggerConfigResource:
	{GET [/api-docs/swagger-config], produces [application/json]}: openapiJson(HttpServletRequest)  
DEBUG 16:44:41.553 - - _.s.w.s.HandlerMapping.Mappings - 'beanNameHandlerMapping' {}  
DEBUG 16:44:41.767 - - _.s.w.s.HandlerMapping.Mappings - 'resourceHandlerMapping' {/webjars/**=ResourceHttpRequestHandler [classpath [META-INF/resources/webjars/]], /**=ResourceHttpRequestHandler [classpath [META-INF/resources/], classpath [resources/], classpath [static/], classpath [public/], ServletContext [/]], /swagger-ui*/*swagger-initializer.js=ResourceHttpRequestHandler [classpath [META-INF/resources/webjars/]], /swagger-ui*/**=ResourceHttpRequestHandler [classpath [META-INF/resources/webjars/]]}  
WARN  16:44:41.786 - - o.s.b.a.m.MustacheAutoConfiguration - Cannot find template location: classpath:/templates/ (please add some templates, check your Mustache configuration, or set spring.mustache.check-template-location=false)  
INFO  16:44:41.837 - - o.s.b.w.e.tomcat.TomcatWebServer - Tomcat started on port(s): 8800 (http) with context path ''  
INFO  16:44:41.846 - - loadrover.api.io.ApiApplicationKt - Started ApiApplicationKt in 1.481 seconds (process running for 1.714)  
INFO  16:44:42.256 - - o.a.tomcat.util.http.parser.Cookie - A cookie header was received [g_state={"i_l":0};] that contained an invalid cookie. That cookie will be ignored.
 Note: further occurrences of this error will be logged at DEBUG level.  
INFO  16:44:42.260 - - o.a.c.c.C.[Tomcat].[localhost].[/] - Initializing Spring DispatcherServlet 'dispatcherServlet'  
INFO  16:44:42.261 - - o.s.web.servlet.DispatcherServlet - Initializing Servlet 'dispatcherServlet'  
INFO  16:44:42.261 - - o.s.web.servlet.DispatcherServlet - Completed initialization in 0 ms  
INFO  16:44:42.782 - - o.s.api.AbstractOpenApiResource - Init duration for springdoc-openapi is: 258 ms  
DEBUG 16:44:42.947 - - o.s.api.AbstractOpenApiResource - Fetching openApi document from cache  
DEBUG 16:45:00.010 - - l.a.i.d.s.SimulationScheduler - Check simulation result: 2024-02-01T16:45:00.010004  
DEBUG 16:46:00.003 - - l.a.i.d.s.SimulationScheduler - Check simulation result: 2024-02-01T16:46:00.003103  
DEBUG 16:47:00.009 - - l.a.i.d.s.SimulationScheduler - Check simulation result: 2024-02-01T16:47:00.009074  
DEBUG 16:48:00.005 - - l.a.i.d.s.SimulationScheduler - Check simulation result: 2024-02-01T16:48:00.005251  
DEBUG 16:49:00.020 - - l.a.i.d.s.SimulationScheduler - Check simulation result: 2024-02-01T16:49:00.020270  
DEBUG 16:50:00.009 - - l.a.i.d.s.SimulationScheduler - Check simulation result: 2024-02-01T16:50:00.009431  
DEBUG 16:51:00.007 - - l.a.i.d.s.SimulationScheduler - Check simulation result: 2024-02-01T16:51:00.007076  
DEBUG 16:52:00.005 - - l.a.i.d.s.SimulationScheduler - Check simulation result: 2024-02-01T16:52:00.005672  
INFO  23:17:32.047 - - loadrover.api.io.ApiApplicationKt - Starting ApiApplicationKt using Java 17.0.5 with PID 89371 (/Users/sasha/IdeaProjects/2bytes.loadrover-server/api/build/classes/kotlin/main started by sasha in /Users/sasha/IdeaProjects/2bytes.loadrover-server)  
DEBUG 23:17:32.050 - - loadrover.api.io.ApiApplicationKt - Running with Spring Boot v3.1.7, Spring v6.0.15  
INFO  23:17:32.050 - - loadrover.api.io.ApiApplicationKt - The following 1 profile is active: "local"  
INFO  23:17:32.643 - - o.s.b.w.e.tomcat.TomcatWebServer - Tomcat initialized with port(s): 8800 (http)  
INFO  23:17:32.648 - - o.a.catalina.core.StandardService - Starting service [Tomcat]  
INFO  23:17:32.649 - - o.a.catalina.core.StandardEngine - Starting Servlet engine: [Apache Tomcat/10.1.17]  
INFO  23:17:32.699 - - o.a.c.c.C.[Tomcat].[localhost].[/] - Initializing Spring embedded WebApplicationContext  
INFO  23:17:32.700 - - o.s.b.w.s.c.ServletWebServerApplicationContext - Root WebApplicationContext: initialization completed in 618 ms  
DEBUG 23:17:32.889 - - _.s.w.s.HandlerMapping.Mappings - 
	l.a.i.d.s.ScenarioController:
	{POST [/scenario]}: createScenario(RequestScenarioDto)
	{GET [/scenario/list]}: getScenarioList()  
DEBUG 23:17:32.890 - - _.s.w.s.HandlerMapping.Mappings - 
	l.a.i.d.s.SimulationController:
	{POST [/simulation/run]}: runSimulation(RunSimulationRequest)
	{GET [/simulation/{scenarioId}]}: getSimulationResult(String)  
DEBUG 23:17:32.891 - - _.s.w.s.HandlerMapping.Mappings - 
	l.a.i.i.HealthCheckController:
	{GET [/health-check]}: healthCheck()  
DEBUG 23:17:32.892 - - _.s.w.s.HandlerMapping.Mappings - 
	o.s.b.a.w.s.e.BasicErrorController:
	{ [/error]}: error(HttpServletRequest)
	{ [/error], produces [text/html]}: errorHtml(HttpServletRequest,HttpServletResponse)  
DEBUG 23:17:32.893 - - _.s.w.s.HandlerMapping.Mappings - 
	o.s.w.a.MultipleOpenApiWebMvcResource:
	{GET [/api-docs/{group}], produces [application/json]}: openapiJson(HttpServletRequest,String,String,Locale)
	{GET [/api-docs.yaml/{group}], produces [application/vnd.oai.openapi]}: openapiYaml(HttpServletRequest,String,String,Locale)  
DEBUG 23:17:32.896 - - _.s.w.s.HandlerMapping.Mappings - 
	o.s.w.a.OpenApiWebMvcResource:
	{GET [/api-docs], produces [application/json]}: openapiJson(HttpServletRequest,String,Locale)
	{GET [/api-docs.yaml], produces [application/vnd.oai.openapi]}: openapiYaml(HttpServletRequest,String,Locale)  
DEBUG 23:17:32.896 - - _.s.w.s.HandlerMapping.Mappings - 
	o.s.w.u.SwaggerWelcomeWebMvc:
	{GET [/swagger-ui.html]}: redirectToUi(HttpServletRequest)  
DEBUG 23:17:32.897 - - _.s.w.s.HandlerMapping.Mappings - 
	o.s.w.u.SwaggerConfigResource:
	{GET [/api-docs/swagger-config], produces [application/json]}: openapiJson(HttpServletRequest)  
DEBUG 23:17:32.900 - - _.s.w.s.HandlerMapping.Mappings - 'beanNameHandlerMapping' {}  
DEBUG 23:17:33.103 - - _.s.w.s.HandlerMapping.Mappings - 'resourceHandlerMapping' {/webjars/**=ResourceHttpRequestHandler [classpath [META-INF/resources/webjars/]], /**=ResourceHttpRequestHandler [classpath [META-INF/resources/], classpath [resources/], classpath [static/], classpath [public/], ServletContext [/]], /swagger-ui*/*swagger-initializer.js=ResourceHttpRequestHandler [classpath [META-INF/resources/webjars/]], /swagger-ui*/**=ResourceHttpRequestHandler [classpath [META-INF/resources/webjars/]]}  
WARN  23:17:33.114 - - o.s.b.a.m.MustacheAutoConfiguration - Cannot find template location: classpath:/templates/ (please add some templates, check your Mustache configuration, or set spring.mustache.check-template-location=false)  
WARN  23:17:33.160 - - o.s.b.w.s.c.AnnotationConfigServletWebServerApplicationContext - Exception encountered during context initialization - cancelling refresh attempt: org.springframework.context.ApplicationContextException: Failed to start bean 'webServerStartStop'  
INFO  23:17:33.162 - - o.a.catalina.core.StandardService - Stopping service [Tomcat]  
INFO  23:17:33.169 - - o.s.b.a.l.ConditionEvaluationReportLogger - 

Error starting ApplicationContext. To display the condition evaluation report re-run your application with 'debug' enabled.  
ERROR 23:17:33.177 - - o.s.b.d.LoggingFailureAnalysisReporter - 

***************************
APPLICATION FAILED TO START
***************************

Description:

Web server failed to start. Port 8800 was already in use.

Action:

Identify and stop the process that's listening on port 8800 or configure this application to listen on another port.
  
INFO  23:18:10.552 - - loadrover.api.io.ApiApplicationKt - Starting ApiApplicationKt using Java 17.0.5 with PID 89441 (/Users/sasha/IdeaProjects/2bytes.loadrover-server/api/build/classes/kotlin/main started by sasha in /Users/sasha/IdeaProjects/2bytes.loadrover-server)  
DEBUG 23:18:10.553 - - loadrover.api.io.ApiApplicationKt - Running with Spring Boot v3.1.7, Spring v6.0.15  
INFO  23:18:10.554 - - loadrover.api.io.ApiApplicationKt - The following 1 profile is active: "local"  
INFO  23:18:11.168 - - o.s.b.w.e.tomcat.TomcatWebServer - Tomcat initialized with port(s): 8800 (http)  
INFO  23:18:11.174 - - o.a.catalina.core.StandardService - Starting service [Tomcat]  
INFO  23:18:11.174 - - o.a.catalina.core.StandardEngine - Starting Servlet engine: [Apache Tomcat/10.1.17]  
INFO  23:18:11.231 - - o.a.c.c.C.[Tomcat].[localhost].[/] - Initializing Spring embedded WebApplicationContext  
INFO  23:18:11.232 - - o.s.b.w.s.c.ServletWebServerApplicationContext - Root WebApplicationContext: initialization completed in 648 ms  
DEBUG 23:18:11.425 - - _.s.w.s.HandlerMapping.Mappings - 
	l.a.i.d.s.ScenarioController:
	{POST [/scenario]}: createScenario(RequestScenarioDto)
	{GET [/scenario/list]}: getScenarioList()  
DEBUG 23:18:11.427 - - _.s.w.s.HandlerMapping.Mappings - 
	l.a.i.d.s.SimulationController:
	{POST [/simulation/run]}: runSimulation(RunSimulationRequest)
	{GET [/simulation/{scenarioId}]}: getSimulationResult(String)  
DEBUG 23:18:11.428 - - _.s.w.s.HandlerMapping.Mappings - 
	l.a.i.i.HealthCheckController:
	{GET [/health-check]}: healthCheck()  
DEBUG 23:18:11.429 - - _.s.w.s.HandlerMapping.Mappings - 
	o.s.b.a.w.s.e.BasicErrorController:
	{ [/error]}: error(HttpServletRequest)
	{ [/error], produces [text/html]}: errorHtml(HttpServletRequest,HttpServletResponse)  
DEBUG 23:18:11.430 - - _.s.w.s.HandlerMapping.Mappings - 
	o.s.w.a.MultipleOpenApiWebMvcResource:
	{GET [/api-docs/{group}], produces [application/json]}: openapiJson(HttpServletRequest,String,String,Locale)
	{GET [/api-docs.yaml/{group}], produces [application/vnd.oai.openapi]}: openapiYaml(HttpServletRequest,String,String,Locale)  
DEBUG 23:18:11.433 - - _.s.w.s.HandlerMapping.Mappings - 
	o.s.w.a.OpenApiWebMvcResource:
	{GET [/api-docs], produces [application/json]}: openapiJson(HttpServletRequest,String,Locale)
	{GET [/api-docs.yaml], produces [application/vnd.oai.openapi]}: openapiYaml(HttpServletRequest,String,Locale)  
DEBUG 23:18:11.434 - - _.s.w.s.HandlerMapping.Mappings - 
	o.s.w.u.SwaggerWelcomeWebMvc:
	{GET [/swagger-ui.html]}: redirectToUi(HttpServletRequest)  
DEBUG 23:18:11.434 - - _.s.w.s.HandlerMapping.Mappings - 
	o.s.w.u.SwaggerConfigResource:
	{GET [/api-docs/swagger-config], produces [application/json]}: openapiJson(HttpServletRequest)  
DEBUG 23:18:11.437 - - _.s.w.s.HandlerMapping.Mappings - 'beanNameHandlerMapping' {}  
DEBUG 23:18:11.665 - - _.s.w.s.HandlerMapping.Mappings - 'resourceHandlerMapping' {/webjars/**=ResourceHttpRequestHandler [classpath [META-INF/resources/webjars/]], /**=ResourceHttpRequestHandler [classpath [META-INF/resources/], classpath [resources/], classpath [static/], classpath [public/], ServletContext [/]], /swagger-ui*/*swagger-initializer.js=ResourceHttpRequestHandler [classpath [META-INF/resources/webjars/]], /swagger-ui*/**=ResourceHttpRequestHandler [classpath [META-INF/resources/webjars/]]}  
WARN  23:18:11.678 - - o.s.b.a.m.MustacheAutoConfiguration - Cannot find template location: classpath:/templates/ (please add some templates, check your Mustache configuration, or set spring.mustache.check-template-location=false)  
INFO  23:18:11.732 - - o.s.b.w.e.tomcat.TomcatWebServer - Tomcat started on port(s): 8800 (http) with context path ''  
INFO  23:18:11.740 - - loadrover.api.io.ApiApplicationKt - Started ApiApplicationKt in 1.453 seconds (process running for 1.661)  
INFO  23:18:32.698 - - o.a.tomcat.util.http.parser.Cookie - A cookie header was received [g_state={"i_l":0};] that contained an invalid cookie. That cookie will be ignored.
 Note: further occurrences of this error will be logged at DEBUG level.  
INFO  23:18:32.705 - - o.a.c.c.C.[Tomcat].[localhost].[/] - Initializing Spring DispatcherServlet 'dispatcherServlet'  
INFO  23:18:32.705 - - o.s.web.servlet.DispatcherServlet - Initializing Servlet 'dispatcherServlet'  
INFO  23:18:32.706 - - o.s.web.servlet.DispatcherServlet - Completed initialization in 1 ms  
DEBUG 23:19:00.019 - - l.a.i.d.s.SimulationScheduler - Check simulation result: 2024-02-01T23:19:00.019005  
DEBUG 23:19:04.486 - - l.a.i.d.simulation.SimulationService - API call received. scenarioId: test20240201231832800  
DEBUG 23:20:00.006 - - l.a.i.d.s.SimulationScheduler - Check simulation result: 2024-02-01T23:20:00.005996  
DEBUG 23:21:00.007 - - l.a.i.d.s.SimulationScheduler - Check simulation result: 2024-02-01T23:21:00.007803  
DEBUG 23:22:00.008 - - l.a.i.d.s.SimulationScheduler - Check simulation result: 2024-02-01T23:22:00.008203  
DEBUG 23:23:00.002 - - l.a.i.d.s.SimulationScheduler - Check simulation result: 2024-02-01T23:23:00.001937  
INFO  11:49:46.493 - - loadrover.api.io.ApiApplicationKt - Starting ApiApplicationKt using Java 17.0.5 with PID 7704 (/Users/sasha/IdeaProjects/2bytes.loadrover-server/api/build/classes/kotlin/main started by sasha in /Users/sasha/IdeaProjects/2bytes.loadrover-server)  
DEBUG 11:49:46.495 - - loadrover.api.io.ApiApplicationKt - Running with Spring Boot v3.1.7, Spring v6.0.15  
INFO  11:49:46.496 - - loadrover.api.io.ApiApplicationKt - The following 1 profile is active: "local"  
INFO  11:49:47.307 - - o.s.b.w.e.tomcat.TomcatWebServer - Tomcat initialized with port(s): 8800 (http)  
INFO  11:49:47.313 - - o.a.catalina.core.StandardService - Starting service [Tomcat]  
INFO  11:49:47.313 - - o.a.catalina.core.StandardEngine - Starting Servlet engine: [Apache Tomcat/10.1.17]  
INFO  11:49:47.367 - - o.a.c.c.C.[Tomcat].[localhost].[/] - Initializing Spring embedded WebApplicationContext  
INFO  11:49:47.367 - - o.s.b.w.s.c.ServletWebServerApplicationContext - Root WebApplicationContext: initialization completed in 834 ms  
DEBUG 11:49:47.554 - - _.s.w.s.HandlerMapping.Mappings - 
	l.a.i.d.s.ScenarioController:
	{POST [/scenario]}: createScenario(RequestScenarioDto)
	{GET [/scenario/list]}: getScenarioList()  
DEBUG 11:49:47.555 - - _.s.w.s.HandlerMapping.Mappings - 
	l.a.i.d.s.SimulationController:
	{POST [/simulation/run]}: runSimulation(RunSimulationRequest)
	{GET [/simulation/{scenarioId}]}: getSimulationResult(String)  
DEBUG 11:49:47.556 - - _.s.w.s.HandlerMapping.Mappings - 
	l.a.i.i.HealthCheckController:
	{GET [/health-check]}: healthCheck()  
DEBUG 11:49:47.557 - - _.s.w.s.HandlerMapping.Mappings - 
	o.s.b.a.w.s.e.BasicErrorController:
	{ [/error]}: error(HttpServletRequest)
	{ [/error], produces [text/html]}: errorHtml(HttpServletRequest,HttpServletResponse)  
DEBUG 11:49:47.558 - - _.s.w.s.HandlerMapping.Mappings - 
	o.s.w.a.MultipleOpenApiWebMvcResource:
	{GET [/api-docs/{group}], produces [application/json]}: openapiJson(HttpServletRequest,String,String,Locale)
	{GET [/api-docs.yaml/{group}], produces [application/vnd.oai.openapi]}: openapiYaml(HttpServletRequest,String,String,Locale)  
DEBUG 11:49:47.561 - - _.s.w.s.HandlerMapping.Mappings - 
	o.s.w.a.OpenApiWebMvcResource:
	{GET [/api-docs], produces [application/json]}: openapiJson(HttpServletRequest,String,Locale)
	{GET [/api-docs.yaml], produces [application/vnd.oai.openapi]}: openapiYaml(HttpServletRequest,String,Locale)  
DEBUG 11:49:47.561 - - _.s.w.s.HandlerMapping.Mappings - 
	o.s.w.u.SwaggerWelcomeWebMvc:
	{GET [/swagger-ui.html]}: redirectToUi(HttpServletRequest)  
DEBUG 11:49:47.561 - - _.s.w.s.HandlerMapping.Mappings - 
	o.s.w.u.SwaggerConfigResource:
	{GET [/api-docs/swagger-config], produces [application/json]}: openapiJson(HttpServletRequest)  
DEBUG 11:49:47.565 - - _.s.w.s.HandlerMapping.Mappings - 'beanNameHandlerMapping' {}  
DEBUG 11:49:47.778 - - _.s.w.s.HandlerMapping.Mappings - 'resourceHandlerMapping' {/webjars/**=ResourceHttpRequestHandler [classpath [META-INF/resources/webjars/]], /**=ResourceHttpRequestHandler [classpath [META-INF/resources/], classpath [resources/], classpath [static/], classpath [public/], ServletContext [/]], /swagger-ui*/*swagger-initializer.js=ResourceHttpRequestHandler [classpath [META-INF/resources/webjars/]], /swagger-ui*/**=ResourceHttpRequestHandler [classpath [META-INF/resources/webjars/]]}  
WARN  11:49:47.793 - - o.s.b.a.m.MustacheAutoConfiguration - Cannot find template location: classpath:/templates/ (please add some templates, check your Mustache configuration, or set spring.mustache.check-template-location=false)  
INFO  11:49:47.851 - - o.s.b.w.e.tomcat.TomcatWebServer - Tomcat started on port(s): 8800 (http) with context path ''  
INFO  11:49:47.860 - - loadrover.api.io.ApiApplicationKt - Started ApiApplicationKt in 1.759 seconds (process running for 2.338)  
DEBUG 11:50:00.018 - - l.a.i.d.s.SimulationScheduler - Check simulation result: 2024-02-02T11:50:00.018354  
INFO  11:50:12.451 - - o.a.tomcat.util.http.parser.Cookie - A cookie header was received [g_state={"i_l":0};] that contained an invalid cookie. That cookie will be ignored.
 Note: further occurrences of this error will be logged at DEBUG level.  
INFO  11:50:12.459 - - o.a.c.c.C.[Tomcat].[localhost].[/] - Initializing Spring DispatcherServlet 'dispatcherServlet'  
INFO  11:50:12.459 - - o.s.web.servlet.DispatcherServlet - Initializing Servlet 'dispatcherServlet'  
INFO  11:50:12.460 - - o.s.web.servlet.DispatcherServlet - Completed initialization in 1 ms  
INFO  11:50:13.140 - - o.s.api.AbstractOpenApiResource - Init duration for springdoc-openapi is: 430 ms  
DEBUG 11:50:13.484 - - o.s.api.AbstractOpenApiResource - Fetching openApi document from cache  
DEBUG 11:50:41.881 - - o.s.api.AbstractOpenApiResource - Fetching openApi document from cache  
DEBUG 11:50:41.949 - - o.s.api.AbstractOpenApiResource - Fetching openApi document from cache  
DEBUG 11:51:00.018 - - l.a.i.d.s.SimulationScheduler - Check simulation result: 2024-02-02T11:51:00.018303  
DEBUG 11:51:33.860 - - l.a.i.d.simulation.SimulationService - API call received. scenarioId: test20240202115107349  
DEBUG 11:52:00.008 - - l.a.i.d.s.SimulationScheduler - Check simulation result: 2024-02-02T11:52:00.008597  
DEBUG 11:52:13.271 - - l.a.i.d.simulation.SimulationService - API call received. scenarioId: test20240202115155861  
DEBUG 11:53:00.005 - - l.a.i.d.s.SimulationScheduler - Check simulation result: 2024-02-02T11:53:00.005438  
DEBUG 11:53:04.895 - - l.a.i.d.simulation.SimulationService - API call received. scenarioId: test20240202115234291  
DEBUG 11:54:00.078 - - l.a.i.d.s.SimulationScheduler - Check simulation result: 2024-02-02T11:54:00.078263  
DEBUG 11:55:00.005 - - l.a.i.d.s.SimulationScheduler - Check simulation result: 2024-02-02T11:55:00.005106  
DEBUG 11:56:00.015 - - l.a.i.d.s.SimulationScheduler - Check simulation result: 2024-02-02T11:56:00.015476  
DEBUG 11:57:00.018 - - l.a.i.d.s.SimulationScheduler - Check simulation result: 2024-02-02T11:57:00.018423  
DEBUG 11:58:00.007 - - l.a.i.d.s.SimulationScheduler - Check simulation result: 2024-02-02T11:58:00.007913  
DEBUG 11:59:00.007 - - l.a.i.d.s.SimulationScheduler - Check simulation result: 2024-02-02T11:59:00.007124  
INFO  11:59:55.848 - - loadrover.api.io.ApiApplicationKt - Starting ApiApplicationKt using Java 17.0.5 with PID 8891 (/Users/sasha/IdeaProjects/2bytes.loadrover-server/api/build/classes/kotlin/main started by sasha in /Users/sasha/IdeaProjects/2bytes.loadrover-server)  
DEBUG 11:59:55.849 - - loadrover.api.io.ApiApplicationKt - Running with Spring Boot v3.1.7, Spring v6.0.15  
INFO  11:59:55.850 - - loadrover.api.io.ApiApplicationKt - The following 1 profile is active: "local"  
INFO  11:59:56.472 - - o.s.b.w.e.tomcat.TomcatWebServer - Tomcat initialized with port(s): 8800 (http)  
INFO  11:59:56.478 - - o.a.catalina.core.StandardService - Starting service [Tomcat]  
INFO  11:59:56.478 - - o.a.catalina.core.StandardEngine - Starting Servlet engine: [Apache Tomcat/10.1.17]  
INFO  11:59:56.532 - - o.a.c.c.C.[Tomcat].[localhost].[/] - Initializing Spring embedded WebApplicationContext  
INFO  11:59:56.533 - - o.s.b.w.s.c.ServletWebServerApplicationContext - Root WebApplicationContext: initialization completed in 652 ms  
DEBUG 11:59:56.718 - - _.s.w.s.HandlerMapping.Mappings - 
	l.a.i.d.s.ScenarioController:
	{POST [/scenario]}: createScenario(RequestScenarioDto)
	{GET [/scenario/list]}: getScenarioList()  
DEBUG 11:59:56.719 - - _.s.w.s.HandlerMapping.Mappings - 
	l.a.i.d.s.SimulationController:
	{POST [/simulation/run]}: runSimulation(RunSimulationRequest)
	{GET [/simulation/{scenarioId}]}: getSimulationResult(String)  
DEBUG 11:59:56.719 - - _.s.w.s.HandlerMapping.Mappings - 
	l.a.i.i.HealthCheckController:
	{GET [/health-check]}: healthCheck()  
DEBUG 11:59:56.720 - - _.s.w.s.HandlerMapping.Mappings - 
	o.s.b.a.w.s.e.BasicErrorController:
	{ [/error]}: error(HttpServletRequest)
	{ [/error], produces [text/html]}: errorHtml(HttpServletRequest,HttpServletResponse)  
DEBUG 11:59:56.722 - - _.s.w.s.HandlerMapping.Mappings - 
	o.s.w.a.MultipleOpenApiWebMvcResource:
	{GET [/api-docs/{group}], produces [application/json]}: openapiJson(HttpServletRequest,String,String,Locale)
	{GET [/api-docs.yaml/{group}], produces [application/vnd.oai.openapi]}: openapiYaml(HttpServletRequest,String,String,Locale)  
DEBUG 11:59:56.725 - - _.s.w.s.HandlerMapping.Mappings - 
	o.s.w.a.OpenApiWebMvcResource:
	{GET [/api-docs], produces [application/json]}: openapiJson(HttpServletRequest,String,Locale)
	{GET [/api-docs.yaml], produces [application/vnd.oai.openapi]}: openapiYaml(HttpServletRequest,String,Locale)  
DEBUG 11:59:56.725 - - _.s.w.s.HandlerMapping.Mappings - 
	o.s.w.u.SwaggerWelcomeWebMvc:
	{GET [/swagger-ui.html]}: redirectToUi(HttpServletRequest)  
DEBUG 11:59:56.725 - - _.s.w.s.HandlerMapping.Mappings - 
	o.s.w.u.SwaggerConfigResource:
	{GET [/api-docs/swagger-config], produces [application/json]}: openapiJson(HttpServletRequest)  
DEBUG 11:59:56.729 - - _.s.w.s.HandlerMapping.Mappings - 'beanNameHandlerMapping' {}  
DEBUG 11:59:56.930 - - _.s.w.s.HandlerMapping.Mappings - 'resourceHandlerMapping' {/webjars/**=ResourceHttpRequestHandler [classpath [META-INF/resources/webjars/]], /**=ResourceHttpRequestHandler [classpath [META-INF/resources/], classpath [resources/], classpath [static/], classpath [public/], ServletContext [/]], /swagger-ui*/*swagger-initializer.js=ResourceHttpRequestHandler [classpath [META-INF/resources/webjars/]], /swagger-ui*/**=ResourceHttpRequestHandler [classpath [META-INF/resources/webjars/]]}  
WARN  11:59:56.942 - - o.s.b.a.m.MustacheAutoConfiguration - Cannot find template location: classpath:/templates/ (please add some templates, check your Mustache configuration, or set spring.mustache.check-template-location=false)  
INFO  11:59:56.993 - - o.s.b.w.e.tomcat.TomcatWebServer - Tomcat started on port(s): 8800 (http) with context path ''  
INFO  11:59:57.000 - - loadrover.api.io.ApiApplicationKt - Started ApiApplicationKt in 1.435 seconds (process running for 1.686)  
DEBUG 12:00:00.017 - - l.a.i.d.s.SimulationScheduler - Check simulation result: 2024-02-02T12:00:00.017627  
DEBUG 12:01:00.008 - - l.a.i.d.s.SimulationScheduler - Check simulation result: 2024-02-02T12:01:00.008642  
INFO  12:01:44.544 - - loadrover.api.io.ApiApplicationKt - Starting ApiApplicationKt using Java 17.0.5 with PID 9060 (/Users/sasha/IdeaProjects/2bytes.loadrover-server/api/build/classes/kotlin/main started by sasha in /Users/sasha/IdeaProjects/2bytes.loadrover-server)  
DEBUG 12:01:44.546 - - loadrover.api.io.ApiApplicationKt - Running with Spring Boot v3.1.7, Spring v6.0.15  
INFO  12:01:44.546 - - loadrover.api.io.ApiApplicationKt - The following 1 profile is active: "local"  
INFO  12:01:45.179 - - o.s.b.w.e.tomcat.TomcatWebServer - Tomcat initialized with port(s): 8800 (http)  
INFO  12:01:45.184 - - o.a.catalina.core.StandardService - Starting service [Tomcat]  
INFO  12:01:45.184 - - o.a.catalina.core.StandardEngine - Starting Servlet engine: [Apache Tomcat/10.1.17]  
INFO  12:01:45.237 - - o.a.c.c.C.[Tomcat].[localhost].[/] - Initializing Spring embedded WebApplicationContext  
INFO  12:01:45.238 - - o.s.b.w.s.c.ServletWebServerApplicationContext - Root WebApplicationContext: initialization completed in 662 ms  
DEBUG 12:01:45.421 - - _.s.w.s.HandlerMapping.Mappings - 
	l.a.i.d.s.ScenarioController:
	{POST [/scenario]}: createScenario(RequestScenarioDto)
	{GET [/scenario/list]}: getScenarioList()  
DEBUG 12:01:45.423 - - _.s.w.s.HandlerMapping.Mappings - 
	l.a.i.d.s.SimulationController:
	{POST [/simulation/run]}: runSimulation(RunSimulationRequest)
	{GET [/simulation/{scenarioId}]}: getSimulationResult(String)  
DEBUG 12:01:45.424 - - _.s.w.s.HandlerMapping.Mappings - 
	l.a.i.i.HealthCheckController:
	{GET [/health-check]}: healthCheck()  
DEBUG 12:01:45.425 - - _.s.w.s.HandlerMapping.Mappings - 
	o.s.b.a.w.s.e.BasicErrorController:
	{ [/error]}: error(HttpServletRequest)
	{ [/error], produces [text/html]}: errorHtml(HttpServletRequest,HttpServletResponse)  
DEBUG 12:01:45.426 - - _.s.w.s.HandlerMapping.Mappings - 
	o.s.w.a.MultipleOpenApiWebMvcResource:
	{GET [/api-docs/{group}], produces [application/json]}: openapiJson(HttpServletRequest,String,String,Locale)
	{GET [/api-docs.yaml/{group}], produces [application/vnd.oai.openapi]}: openapiYaml(HttpServletRequest,String,String,Locale)  
DEBUG 12:01:45.428 - - _.s.w.s.HandlerMapping.Mappings - 
	o.s.w.a.OpenApiWebMvcResource:
	{GET [/api-docs], produces [application/json]}: openapiJson(HttpServletRequest,String,Locale)
	{GET [/api-docs.yaml], produces [application/vnd.oai.openapi]}: openapiYaml(HttpServletRequest,String,Locale)  
DEBUG 12:01:45.429 - - _.s.w.s.HandlerMapping.Mappings - 
	o.s.w.u.SwaggerWelcomeWebMvc:
	{GET [/swagger-ui.html]}: redirectToUi(HttpServletRequest)  
DEBUG 12:01:45.429 - - _.s.w.s.HandlerMapping.Mappings - 
	o.s.w.u.SwaggerConfigResource:
	{GET [/api-docs/swagger-config], produces [application/json]}: openapiJson(HttpServletRequest)  
DEBUG 12:01:45.433 - - _.s.w.s.HandlerMapping.Mappings - 'beanNameHandlerMapping' {}  
DEBUG 12:01:45.623 - - _.s.w.s.HandlerMapping.Mappings - 'resourceHandlerMapping' {/webjars/**=ResourceHttpRequestHandler [classpath [META-INF/resources/webjars/]], /**=ResourceHttpRequestHandler [classpath [META-INF/resources/], classpath [resources/], classpath [static/], classpath [public/], ServletContext [/]], /swagger-ui*/*swagger-initializer.js=ResourceHttpRequestHandler [classpath [META-INF/resources/webjars/]], /swagger-ui*/**=ResourceHttpRequestHandler [classpath [META-INF/resources/webjars/]]}  
WARN  12:01:45.637 - - o.s.b.a.m.MustacheAutoConfiguration - Cannot find template location: classpath:/templates/ (please add some templates, check your Mustache configuration, or set spring.mustache.check-template-location=false)  
INFO  12:01:45.692 - - o.s.b.w.e.tomcat.TomcatWebServer - Tomcat started on port(s): 8800 (http) with context path ''  
INFO  12:01:45.702 - - loadrover.api.io.ApiApplicationKt - Started ApiApplicationKt in 1.439 seconds (process running for 1.667)  
ERROR 12:02:00.006 - - o.s.s.s.TaskUtils$LoggingErrorHandler - Unexpected error occurred in scheduled task java.lang.NoClassDefFoundError: loadrover/api/io/utils/FileUtils$searchFiles$1
	at loadrover.api.io.utils.FileUtils.searchFiles(FileUtils.kt:25)
	at loadrover.api.io.domain.simulation.SimulationScheduler.moveProgressToComplete(SimulationScheduler.kt:24)
	at java.base/jdk.internal.reflect.NativeMethodAccessorImpl.invoke0(Native Method)
	at java.base/jdk.internal.reflect.NativeMethodAccessorImpl.invoke(NativeMethodAccessorImpl.java:77)
	at java.base/jdk.internal.reflect.DelegatingMethodAccessorImpl.invoke(DelegatingMethodAccessorImpl.java:43)
	at java.base/java.lang.reflect.Method.invoke(Method.java:568)
	at org.springframework.scheduling.support.ScheduledMethodRunnable.run(ScheduledMethodRunnable.java:84)
	at org.springframework.scheduling.support.DelegatingErrorHandlingRunnable.run(DelegatingErrorHandlingRunnable.java:54)
	at org.springframework.scheduling.concurrent.ReschedulingRunnable.run(ReschedulingRunnable.java:96)
	at java.base/java.util.concurrent.Executors$RunnableAdapter.call(Executors.java:539)
	at java.base/java.util.concurrent.FutureTask.run$$$capture(FutureTask.java:264)
	at java.base/java.util.concurrent.FutureTask.run(FutureTask.java)
	at java.base/java.util.concurrent.ScheduledThreadPoolExecutor$ScheduledFutureTask.run(ScheduledThreadPoolExecutor.java:304)
	at java.base/java.util.concurrent.ThreadPoolExecutor.runWorker(ThreadPoolExecutor.java:1136)
	at java.base/java.util.concurrent.ThreadPoolExecutor$Worker.run(ThreadPoolExecutor.java:635)
	at java.base/java.lang.Thread.run(Thread.java:833)
Caused by: java.lang.ClassNotFoundException: loadrover.api.io.utils.FileUtils$searchFiles$1
	at java.base/jdk.internal.loader.BuiltinClassLoader.loadClass(BuiltinClassLoader.java:641)
	at java.base/jdk.internal.loader.ClassLoaders$AppClassLoader.loadClass(ClassLoaders.java:188)
	at java.base/java.lang.ClassLoader.loadClass(ClassLoader.java:520)
	... 16 common frames omitted
 
INFO  12:02:31.203 - - loadrover.api.io.ApiApplicationKt - Starting ApiApplicationKt using Java 17.0.5 with PID 9158 (/Users/sasha/IdeaProjects/2bytes.loadrover-server/api/build/classes/kotlin/main started by sasha in /Users/sasha/IdeaProjects/2bytes.loadrover-server)  
DEBUG 12:02:31.205 - - loadrover.api.io.ApiApplicationKt - Running with Spring Boot v3.1.7, Spring v6.0.15  
INFO  12:02:31.205 - - loadrover.api.io.ApiApplicationKt - The following 1 profile is active: "local"  
INFO  12:02:31.834 - - o.s.b.w.e.tomcat.TomcatWebServer - Tomcat initialized with port(s): 8800 (http)  
INFO  12:02:31.839 - - o.a.catalina.core.StandardService - Starting service [Tomcat]  
INFO  12:02:31.839 - - o.a.catalina.core.StandardEngine - Starting Servlet engine: [Apache Tomcat/10.1.17]  
INFO  12:02:31.892 - - o.a.c.c.C.[Tomcat].[localhost].[/] - Initializing Spring embedded WebApplicationContext  
INFO  12:02:31.893 - - o.s.b.w.s.c.ServletWebServerApplicationContext - Root WebApplicationContext: initialization completed in 648 ms  
DEBUG 12:02:32.084 - - _.s.w.s.HandlerMapping.Mappings - 
	l.a.i.d.s.ScenarioController:
	{POST [/scenario]}: createScenario(RequestScenarioDto)
	{GET [/scenario/list]}: getScenarioList()  
DEBUG 12:02:32.086 - - _.s.w.s.HandlerMapping.Mappings - 
	l.a.i.d.s.SimulationController:
	{POST [/simulation/run]}: runSimulation(RunSimulationRequest)
	{GET [/simulation/{scenarioId}]}: getSimulationResult(String)  
DEBUG 12:02:32.086 - - _.s.w.s.HandlerMapping.Mappings - 
	l.a.i.i.HealthCheckController:
	{GET [/health-check]}: healthCheck()  
DEBUG 12:02:32.087 - - _.s.w.s.HandlerMapping.Mappings - 
	o.s.b.a.w.s.e.BasicErrorController:
	{ [/error]}: error(HttpServletRequest)
	{ [/error], produces [text/html]}: errorHtml(HttpServletRequest,HttpServletResponse)  
DEBUG 12:02:32.089 - - _.s.w.s.HandlerMapping.Mappings - 
	o.s.w.a.MultipleOpenApiWebMvcResource:
	{GET [/api-docs/{group}], produces [application/json]}: openapiJson(HttpServletRequest,String,String,Locale)
	{GET [/api-docs.yaml/{group}], produces [application/vnd.oai.openapi]}: openapiYaml(HttpServletRequest,String,String,Locale)  
DEBUG 12:02:32.092 - - _.s.w.s.HandlerMapping.Mappings - 
	o.s.w.a.OpenApiWebMvcResource:
	{GET [/api-docs], produces [application/json]}: openapiJson(HttpServletRequest,String,Locale)
	{GET [/api-docs.yaml], produces [application/vnd.oai.openapi]}: openapiYaml(HttpServletRequest,String,Locale)  
DEBUG 12:02:32.092 - - _.s.w.s.HandlerMapping.Mappings - 
	o.s.w.u.SwaggerWelcomeWebMvc:
	{GET [/swagger-ui.html]}: redirectToUi(HttpServletRequest)  
DEBUG 12:02:32.092 - - _.s.w.s.HandlerMapping.Mappings - 
	o.s.w.u.SwaggerConfigResource:
	{GET [/api-docs/swagger-config], produces [application/json]}: openapiJson(HttpServletRequest)  
DEBUG 12:02:32.097 - - _.s.w.s.HandlerMapping.Mappings - 'beanNameHandlerMapping' {}  
DEBUG 12:02:32.302 - - _.s.w.s.HandlerMapping.Mappings - 'resourceHandlerMapping' {/webjars/**=ResourceHttpRequestHandler [classpath [META-INF/resources/webjars/]], /**=ResourceHttpRequestHandler [classpath [META-INF/resources/], classpath [resources/], classpath [static/], classpath [public/], ServletContext [/]], /swagger-ui*/*swagger-initializer.js=ResourceHttpRequestHandler [classpath [META-INF/resources/webjars/]], /swagger-ui*/**=ResourceHttpRequestHandler [classpath [META-INF/resources/webjars/]]}  
WARN  12:02:32.324 - - o.s.b.a.m.MustacheAutoConfiguration - Cannot find template location: classpath:/templates/ (please add some templates, check your Mustache configuration, or set spring.mustache.check-template-location=false)  
INFO  12:02:32.374 - - o.s.b.w.e.tomcat.TomcatWebServer - Tomcat started on port(s): 8800 (http) with context path ''  
INFO  12:02:32.384 - - loadrover.api.io.ApiApplicationKt - Started ApiApplicationKt in 1.46 seconds (process running for 1.684)  
ERROR 12:03:00.003 - - o.s.s.s.TaskUtils$LoggingErrorHandler - Unexpected error occurred in scheduled task java.lang.NoClassDefFoundError: loadrover/api/io/utils/FileUtils$searchFiles$1
	at loadrover.api.io.utils.FileUtils.searchFiles(FileUtils.kt:25)
	at loadrover.api.io.domain.simulation.SimulationScheduler.moveProgressToComplete(SimulationScheduler.kt:24)
	at java.base/jdk.internal.reflect.NativeMethodAccessorImpl.invoke0(Native Method)
	at java.base/jdk.internal.reflect.NativeMethodAccessorImpl.invoke(NativeMethodAccessorImpl.java:77)
	at java.base/jdk.internal.reflect.DelegatingMethodAccessorImpl.invoke(DelegatingMethodAccessorImpl.java:43)
	at java.base/java.lang.reflect.Method.invoke(Method.java:568)
	at org.springframework.scheduling.support.ScheduledMethodRunnable.run(ScheduledMethodRunnable.java:84)
	at org.springframework.scheduling.support.DelegatingErrorHandlingRunnable.run(DelegatingErrorHandlingRunnable.java:54)
	at org.springframework.scheduling.concurrent.ReschedulingRunnable.run(ReschedulingRunnable.java:96)
	at java.base/java.util.concurrent.Executors$RunnableAdapter.call(Executors.java:539)
	at java.base/java.util.concurrent.FutureTask.run$$$capture(FutureTask.java:264)
	at java.base/java.util.concurrent.FutureTask.run(FutureTask.java)
	at java.base/java.util.concurrent.ScheduledThreadPoolExecutor$ScheduledFutureTask.run(ScheduledThreadPoolExecutor.java:304)
	at java.base/java.util.concurrent.ThreadPoolExecutor.runWorker(ThreadPoolExecutor.java:1136)
	at java.base/java.util.concurrent.ThreadPoolExecutor$Worker.run(ThreadPoolExecutor.java:635)
	at java.base/java.lang.Thread.run(Thread.java:833)
Caused by: java.lang.ClassNotFoundException: loadrover.api.io.utils.FileUtils$searchFiles$1
	at java.base/jdk.internal.loader.BuiltinClassLoader.loadClass(BuiltinClassLoader.java:641)
	at java.base/jdk.internal.loader.ClassLoaders$AppClassLoader.loadClass(ClassLoaders.java:188)
	at java.base/java.lang.ClassLoader.loadClass(ClassLoader.java:520)
	... 16 common frames omitted
 
INFO  12:03:44.197 - - loadrover.api.io.ApiApplicationKt - Starting ApiApplicationKt using Java 17.0.5 with PID 9327 (/Users/sasha/IdeaProjects/2bytes.loadrover-server/api/build/classes/kotlin/main started by sasha in /Users/sasha/IdeaProjects/2bytes.loadrover-server)  
DEBUG 12:03:44.199 - - loadrover.api.io.ApiApplicationKt - Running with Spring Boot v3.1.7, Spring v6.0.15  
INFO  12:03:44.199 - - loadrover.api.io.ApiApplicationKt - The following 1 profile is active: "local"  
INFO  12:03:44.944 - - o.s.b.w.e.tomcat.TomcatWebServer - Tomcat initialized with port(s): 8800 (http)  
INFO  12:03:44.949 - - o.a.catalina.core.StandardService - Starting service [Tomcat]  
INFO  12:03:44.950 - - o.a.catalina.core.StandardEngine - Starting Servlet engine: [Apache Tomcat/10.1.17]  
INFO  12:03:45.003 - - o.a.c.c.C.[Tomcat].[localhost].[/] - Initializing Spring embedded WebApplicationContext  
INFO  12:03:45.004 - - o.s.b.w.s.c.ServletWebServerApplicationContext - Root WebApplicationContext: initialization completed in 761 ms  
DEBUG 12:03:45.190 - - _.s.w.s.HandlerMapping.Mappings - 
	l.a.i.d.s.ScenarioController:
	{POST [/scenario]}: createScenario(RequestScenarioDto)
	{GET [/scenario/list]}: getScenarioList()  
DEBUG 12:03:45.195 - - _.s.w.s.HandlerMapping.Mappings - 
	l.a.i.d.s.SimulationController:
	{POST [/simulation/run]}: runSimulation(RunSimulationRequest)
	{GET [/simulation/{scenarioId}]}: getSimulationResult(String)  
DEBUG 12:03:45.196 - - _.s.w.s.HandlerMapping.Mappings - 
	l.a.i.i.HealthCheckController:
	{GET [/health-check]}: healthCheck()  
DEBUG 12:03:45.197 - - _.s.w.s.HandlerMapping.Mappings - 
	o.s.b.a.w.s.e.BasicErrorController:
	{ [/error]}: error(HttpServletRequest)
	{ [/error], produces [text/html]}: errorHtml(HttpServletRequest,HttpServletResponse)  
DEBUG 12:03:45.199 - - _.s.w.s.HandlerMapping.Mappings - 
	o.s.w.a.MultipleOpenApiWebMvcResource:
	{GET [/api-docs/{group}], produces [application/json]}: openapiJson(HttpServletRequest,String,String,Locale)
	{GET [/api-docs.yaml/{group}], produces [application/vnd.oai.openapi]}: openapiYaml(HttpServletRequest,String,String,Locale)  
DEBUG 12:03:45.207 - - _.s.w.s.HandlerMapping.Mappings - 
	o.s.w.a.OpenApiWebMvcResource:
	{GET [/api-docs], produces [application/json]}: openapiJson(HttpServletRequest,String,Locale)
	{GET [/api-docs.yaml], produces [application/vnd.oai.openapi]}: openapiYaml(HttpServletRequest,String,Locale)  
DEBUG 12:03:45.209 - - _.s.w.s.HandlerMapping.Mappings - 
	o.s.w.u.SwaggerWelcomeWebMvc:
	{GET [/swagger-ui.html]}: redirectToUi(HttpServletRequest)  
DEBUG 12:03:45.209 - - _.s.w.s.HandlerMapping.Mappings - 
	o.s.w.u.SwaggerConfigResource:
	{GET [/api-docs/swagger-config], produces [application/json]}: openapiJson(HttpServletRequest)  
DEBUG 12:03:45.213 - - _.s.w.s.HandlerMapping.Mappings - 'beanNameHandlerMapping' {}  
DEBUG 12:03:45.476 - - _.s.w.s.HandlerMapping.Mappings - 'resourceHandlerMapping' {/webjars/**=ResourceHttpRequestHandler [classpath [META-INF/resources/webjars/]], /**=ResourceHttpRequestHandler [classpath [META-INF/resources/], classpath [resources/], classpath [static/], classpath [public/], ServletContext [/]], /swagger-ui*/*swagger-initializer.js=ResourceHttpRequestHandler [classpath [META-INF/resources/webjars/]], /swagger-ui*/**=ResourceHttpRequestHandler [classpath [META-INF/resources/webjars/]]}  
WARN  12:03:45.492 - - o.s.b.a.m.MustacheAutoConfiguration - Cannot find template location: classpath:/templates/ (please add some templates, check your Mustache configuration, or set spring.mustache.check-template-location=false)  
INFO  12:03:45.552 - - o.s.b.w.e.tomcat.TomcatWebServer - Tomcat started on port(s): 8800 (http) with context path ''  
INFO  12:03:45.564 - - loadrover.api.io.ApiApplicationKt - Started ApiApplicationKt in 1.684 seconds (process running for 1.96)  
INFO  12:03:52.434 - - o.a.tomcat.util.http.parser.Cookie - A cookie header was received [g_state={"i_l":0};] that contained an invalid cookie. That cookie will be ignored.
 Note: further occurrences of this error will be logged at DEBUG level.  
INFO  12:03:52.439 - - o.a.c.c.C.[Tomcat].[localhost].[/] - Initializing Spring DispatcherServlet 'dispatcherServlet'  
INFO  12:03:52.439 - - o.s.web.servlet.DispatcherServlet - Initializing Servlet 'dispatcherServlet'  
INFO  12:03:52.440 - - o.s.web.servlet.DispatcherServlet - Completed initialization in 1 ms  
DEBUG 12:03:52.503 - - l.a.i.d.simulation.SimulationService - API call received. scenarioId: test20240202115155861  
ERROR 12:03:52.512 - - l.a.i.d.scenario.ScenarioService - Failed to move file: gatling/src/gatling/resources/static/source/test20240202115155861.json  
DEBUG 12:04:00.017 - - l.a.i.d.s.SimulationScheduler - Check simulation result: 2024-02-02T12:04:00.017202  
DEBUG 12:05:00.010 - - l.a.i.d.s.SimulationScheduler - Check simulation result: 2024-02-02T12:05:00.010593  
DEBUG 12:06:00.016 - - l.a.i.d.s.SimulationScheduler - Check simulation result: 2024-02-02T12:06:00.016115  
INFO  12:06:42.226 - - loadrover.api.io.ApiApplicationKt - Starting ApiApplicationKt using Java 17.0.5 with PID 9669 (/Users/sasha/IdeaProjects/2bytes.loadrover-server/api/build/classes/kotlin/main started by sasha in /Users/sasha/IdeaProjects/2bytes.loadrover-server)  
DEBUG 12:06:42.227 - - loadrover.api.io.ApiApplicationKt - Running with Spring Boot v3.1.7, Spring v6.0.15  
INFO  12:06:42.228 - - loadrover.api.io.ApiApplicationKt - The following 1 profile is active: "local"  
INFO  12:06:42.861 - - o.s.b.w.e.tomcat.TomcatWebServer - Tomcat initialized with port(s): 8800 (http)  
INFO  12:06:42.866 - - o.a.catalina.core.StandardService - Starting service [Tomcat]  
INFO  12:06:42.866 - - o.a.catalina.core.StandardEngine - Starting Servlet engine: [Apache Tomcat/10.1.17]  
INFO  12:06:42.925 - - o.a.c.c.C.[Tomcat].[localhost].[/] - Initializing Spring embedded WebApplicationContext  
INFO  12:06:42.926 - - o.s.b.w.s.c.ServletWebServerApplicationContext - Root WebApplicationContext: initialization completed in 667 ms  
DEBUG 12:06:43.120 - - _.s.w.s.HandlerMapping.Mappings - 
	l.a.i.d.s.ScenarioController:
	{POST [/scenario]}: createScenario(RequestScenarioDto)
	{GET [/scenario/list]}: getScenarioList()  
DEBUG 12:06:43.122 - - _.s.w.s.HandlerMapping.Mappings - 
	l.a.i.d.s.SimulationController:
	{POST [/simulation/run]}: runSimulation(RunSimulationRequest)
	{GET [/simulation/{scenarioId}]}: getSimulationResult(String)  
DEBUG 12:06:43.122 - - _.s.w.s.HandlerMapping.Mappings - 
	l.a.i.i.HealthCheckController:
	{GET [/health-check]}: healthCheck()  
DEBUG 12:06:43.123 - - _.s.w.s.HandlerMapping.Mappings - 
	o.s.b.a.w.s.e.BasicErrorController:
	{ [/error]}: error(HttpServletRequest)
	{ [/error], produces [text/html]}: errorHtml(HttpServletRequest,HttpServletResponse)  
DEBUG 12:06:43.125 - - _.s.w.s.HandlerMapping.Mappings - 
	o.s.w.a.MultipleOpenApiWebMvcResource:
	{GET [/api-docs/{group}], produces [application/json]}: openapiJson(HttpServletRequest,String,String,Locale)
	{GET [/api-docs.yaml/{group}], produces [application/vnd.oai.openapi]}: openapiYaml(HttpServletRequest,String,String,Locale)  
DEBUG 12:06:43.128 - - _.s.w.s.HandlerMapping.Mappings - 
	o.s.w.a.OpenApiWebMvcResource:
	{GET [/api-docs], produces [application/json]}: openapiJson(HttpServletRequest,String,Locale)
	{GET [/api-docs.yaml], produces [application/vnd.oai.openapi]}: openapiYaml(HttpServletRequest,String,Locale)  
DEBUG 12:06:43.129 - - _.s.w.s.HandlerMapping.Mappings - 
	o.s.w.u.SwaggerWelcomeWebMvc:
	{GET [/swagger-ui.html]}: redirectToUi(HttpServletRequest)  
DEBUG 12:06:43.129 - - _.s.w.s.HandlerMapping.Mappings - 
	o.s.w.u.SwaggerConfigResource:
	{GET [/api-docs/swagger-config], produces [application/json]}: openapiJson(HttpServletRequest)  
DEBUG 12:06:43.133 - - _.s.w.s.HandlerMapping.Mappings - 'beanNameHandlerMapping' {}  
DEBUG 12:06:43.410 - - _.s.w.s.HandlerMapping.Mappings - 'resourceHandlerMapping' {/webjars/**=ResourceHttpRequestHandler [classpath [META-INF/resources/webjars/]], /**=ResourceHttpRequestHandler [classpath [META-INF/resources/], classpath [resources/], classpath [static/], classpath [public/], ServletContext [/]], /swagger-ui*/*swagger-initializer.js=ResourceHttpRequestHandler [classpath [META-INF/resources/webjars/]], /swagger-ui*/**=ResourceHttpRequestHandler [classpath [META-INF/resources/webjars/]]}  
WARN  12:06:43.423 - - o.s.b.a.m.MustacheAutoConfiguration - Cannot find template location: classpath:/templates/ (please add some templates, check your Mustache configuration, or set spring.mustache.check-template-location=false)  
INFO  12:06:43.473 - - o.s.b.w.e.tomcat.TomcatWebServer - Tomcat started on port(s): 8800 (http) with context path ''  
INFO  12:06:43.480 - - loadrover.api.io.ApiApplicationKt - Started ApiApplicationKt in 1.539 seconds (process running for 1.763)  
ERROR 12:07:00.001 - - o.s.s.s.TaskUtils$LoggingErrorHandler - Unexpected error occurred in scheduled task java.lang.NoClassDefFoundError: loadrover/api/io/utils/FileUtils$searchFiles$1
	at loadrover.api.io.utils.FileUtils.searchFiles(FileUtils.kt:25)
	at loadrover.api.io.domain.simulation.SimulationScheduler.moveProgressToComplete(SimulationScheduler.kt:24)
	at java.base/jdk.internal.reflect.NativeMethodAccessorImpl.invoke0(Native Method)
	at java.base/jdk.internal.reflect.NativeMethodAccessorImpl.invoke(NativeMethodAccessorImpl.java:77)
	at java.base/jdk.internal.reflect.DelegatingMethodAccessorImpl.invoke(DelegatingMethodAccessorImpl.java:43)
	at java.base/java.lang.reflect.Method.invoke(Method.java:568)
	at org.springframework.scheduling.support.ScheduledMethodRunnable.run(ScheduledMethodRunnable.java:84)
	at org.springframework.scheduling.support.DelegatingErrorHandlingRunnable.run(DelegatingErrorHandlingRunnable.java:54)
	at org.springframework.scheduling.concurrent.ReschedulingRunnable.run(ReschedulingRunnable.java:96)
	at java.base/java.util.concurrent.Executors$RunnableAdapter.call(Executors.java:539)
	at java.base/java.util.concurrent.FutureTask.run$$$capture(FutureTask.java:264)
	at java.base/java.util.concurrent.FutureTask.run(FutureTask.java)
	at java.base/java.util.concurrent.ScheduledThreadPoolExecutor$ScheduledFutureTask.run(ScheduledThreadPoolExecutor.java:304)
	at java.base/java.util.concurrent.ThreadPoolExecutor.runWorker(ThreadPoolExecutor.java:1136)
	at java.base/java.util.concurrent.ThreadPoolExecutor$Worker.run(ThreadPoolExecutor.java:635)
	at java.base/java.lang.Thread.run(Thread.java:833)
Caused by: java.lang.ClassNotFoundException: loadrover.api.io.utils.FileUtils$searchFiles$1
	at java.base/jdk.internal.loader.BuiltinClassLoader.loadClass(BuiltinClassLoader.java:641)
	at java.base/jdk.internal.loader.ClassLoaders$AppClassLoader.loadClass(ClassLoaders.java:188)
	at java.base/java.lang.ClassLoader.loadClass(ClassLoader.java:520)
	... 16 common frames omitted
 
ERROR 12:08:00.007 - - o.s.s.s.TaskUtils$LoggingErrorHandler - Unexpected error occurred in scheduled task java.lang.NoClassDefFoundError: loadrover/api/io/utils/FileUtils$searchFiles$1
	at loadrover.api.io.utils.FileUtils.searchFiles(FileUtils.kt:25)
	at loadrover.api.io.domain.simulation.SimulationScheduler.moveProgressToComplete(SimulationScheduler.kt:24)
	at java.base/jdk.internal.reflect.NativeMethodAccessorImpl.invoke0(Native Method)
	at java.base/jdk.internal.reflect.NativeMethodAccessorImpl.invoke(NativeMethodAccessorImpl.java:77)
	at java.base/jdk.internal.reflect.DelegatingMethodAccessorImpl.invoke(DelegatingMethodAccessorImpl.java:43)
	at java.base/java.lang.reflect.Method.invoke(Method.java:568)
	at org.springframework.scheduling.support.ScheduledMethodRunnable.run(ScheduledMethodRunnable.java:84)
	at org.springframework.scheduling.support.DelegatingErrorHandlingRunnable.run(DelegatingErrorHandlingRunnable.java:54)
	at org.springframework.scheduling.concurrent.ReschedulingRunnable.run(ReschedulingRunnable.java:96)
	at java.base/java.util.concurrent.Executors$RunnableAdapter.call(Executors.java:539)
	at java.base/java.util.concurrent.FutureTask.run$$$capture(FutureTask.java:264)
	at java.base/java.util.concurrent.FutureTask.run(FutureTask.java)
	at java.base/java.util.concurrent.ScheduledThreadPoolExecutor$ScheduledFutureTask.run(ScheduledThreadPoolExecutor.java:304)
	at java.base/java.util.concurrent.ThreadPoolExecutor.runWorker(ThreadPoolExecutor.java:1136)
	at java.base/java.util.concurrent.ThreadPoolExecutor$Worker.run(ThreadPoolExecutor.java:635)
	at java.base/java.lang.Thread.run(Thread.java:833)
Caused by: java.lang.ClassNotFoundException: loadrover.api.io.utils.FileUtils$searchFiles$1
	... 16 common frames omitted
 
ERROR 12:09:00.002 - - o.s.s.s.TaskUtils$LoggingErrorHandler - Unexpected error occurred in scheduled task java.lang.NoClassDefFoundError: loadrover/api/io/utils/FileUtils$searchFiles$1
	at loadrover.api.io.utils.FileUtils.searchFiles(FileUtils.kt:25)
	at loadrover.api.io.domain.simulation.SimulationScheduler.moveProgressToComplete(SimulationScheduler.kt:24)
	at java.base/jdk.internal.reflect.NativeMethodAccessorImpl.invoke0(Native Method)
	at java.base/jdk.internal.reflect.NativeMethodAccessorImpl.invoke(NativeMethodAccessorImpl.java:77)
	at java.base/jdk.internal.reflect.DelegatingMethodAccessorImpl.invoke(DelegatingMethodAccessorImpl.java:43)
	at java.base/java.lang.reflect.Method.invoke(Method.java:568)
	at org.springframework.scheduling.support.ScheduledMethodRunnable.run(ScheduledMethodRunnable.java:84)
	at org.springframework.scheduling.support.DelegatingErrorHandlingRunnable.run(DelegatingErrorHandlingRunnable.java:54)
	at org.springframework.scheduling.concurrent.ReschedulingRunnable.run(ReschedulingRunnable.java:96)
	at java.base/java.util.concurrent.Executors$RunnableAdapter.call(Executors.java:539)
	at java.base/java.util.concurrent.FutureTask.run$$$capture(FutureTask.java:264)
	at java.base/java.util.concurrent.FutureTask.run(FutureTask.java)
	at java.base/java.util.concurrent.ScheduledThreadPoolExecutor$ScheduledFutureTask.run(ScheduledThreadPoolExecutor.java:304)
	at java.base/java.util.concurrent.ThreadPoolExecutor.runWorker(ThreadPoolExecutor.java:1136)
	at java.base/java.util.concurrent.ThreadPoolExecutor$Worker.run(ThreadPoolExecutor.java:635)
	at java.base/java.lang.Thread.run(Thread.java:833)
Caused by: java.lang.ClassNotFoundException: loadrover.api.io.utils.FileUtils$searchFiles$1
	... 16 common frames omitted
 
ERROR 12:10:00.009 - - o.s.s.s.TaskUtils$LoggingErrorHandler - Unexpected error occurred in scheduled task java.lang.NoClassDefFoundError: loadrover/api/io/utils/FileUtils$searchFiles$1
	at loadrover.api.io.utils.FileUtils.searchFiles(FileUtils.kt:25)
	at loadrover.api.io.domain.simulation.SimulationScheduler.moveProgressToComplete(SimulationScheduler.kt:24)
	at java.base/jdk.internal.reflect.NativeMethodAccessorImpl.invoke0(Native Method)
	at java.base/jdk.internal.reflect.NativeMethodAccessorImpl.invoke(NativeMethodAccessorImpl.java:77)
	at java.base/jdk.internal.reflect.DelegatingMethodAccessorImpl.invoke(DelegatingMethodAccessorImpl.java:43)
	at java.base/java.lang.reflect.Method.invoke(Method.java:568)
	at org.springframework.scheduling.support.ScheduledMethodRunnable.run(ScheduledMethodRunnable.java:84)
	at org.springframework.scheduling.support.DelegatingErrorHandlingRunnable.run(DelegatingErrorHandlingRunnable.java:54)
	at org.springframework.scheduling.concurrent.ReschedulingRunnable.run(ReschedulingRunnable.java:96)
	at java.base/java.util.concurrent.Executors$RunnableAdapter.call(Executors.java:539)
	at java.base/java.util.concurrent.FutureTask.run$$$capture(FutureTask.java:264)
	at java.base/java.util.concurrent.FutureTask.run(FutureTask.java)
	at java.base/java.util.concurrent.ScheduledThreadPoolExecutor$ScheduledFutureTask.run(ScheduledThreadPoolExecutor.java:304)
	at java.base/java.util.concurrent.ThreadPoolExecutor.runWorker(ThreadPoolExecutor.java:1136)
	at java.base/java.util.concurrent.ThreadPoolExecutor$Worker.run(ThreadPoolExecutor.java:635)
	at java.base/java.lang.Thread.run(Thread.java:833)
Caused by: java.lang.ClassNotFoundException: loadrover.api.io.utils.FileUtils$searchFiles$1
	... 16 common frames omitted
 
INFO  12:10:29.455 - - loadrover.api.io.ApiApplicationKt - Starting ApiApplicationKt using Java 17.0.5 with PID 9976 (/Users/sasha/IdeaProjects/2bytes.loadrover-server/api/build/classes/kotlin/main started by sasha in /Users/sasha/IdeaProjects/2bytes.loadrover-server)  
DEBUG 12:10:29.457 - - loadrover.api.io.ApiApplicationKt - Running with Spring Boot v3.1.7, Spring v6.0.15  
INFO  12:10:29.457 - - loadrover.api.io.ApiApplicationKt - The following 1 profile is active: "local"  
INFO  12:10:30.054 - - o.s.b.w.e.tomcat.TomcatWebServer - Tomcat initialized with port(s): 8800 (http)  
INFO  12:10:30.060 - - o.a.catalina.core.StandardService - Starting service [Tomcat]  
INFO  12:10:30.061 - - o.a.catalina.core.StandardEngine - Starting Servlet engine: [Apache Tomcat/10.1.17]  
INFO  12:10:30.111 - - o.a.c.c.C.[Tomcat].[localhost].[/] - Initializing Spring embedded WebApplicationContext  
INFO  12:10:30.112 - - o.s.b.w.s.c.ServletWebServerApplicationContext - Root WebApplicationContext: initialization completed in 625 ms  
DEBUG 12:10:30.290 - - _.s.w.s.HandlerMapping.Mappings - 
	l.a.i.d.s.ScenarioController:
	{POST [/scenario]}: createScenario(RequestScenarioDto)
	{GET [/scenario/list]}: getScenarioList()  
DEBUG 12:10:30.291 - - _.s.w.s.HandlerMapping.Mappings - 
	l.a.i.d.s.SimulationController:
	{POST [/simulation/run]}: runSimulation(RunSimulationRequest)
	{GET [/simulation/{scenarioId}]}: getSimulationResult(String)  
DEBUG 12:10:30.292 - - _.s.w.s.HandlerMapping.Mappings - 
	l.a.i.i.HealthCheckController:
	{GET [/health-check]}: healthCheck()  
DEBUG 12:10:30.293 - - _.s.w.s.HandlerMapping.Mappings - 
	o.s.b.a.w.s.e.BasicErrorController:
	{ [/error]}: error(HttpServletRequest)
	{ [/error], produces [text/html]}: errorHtml(HttpServletRequest,HttpServletResponse)  
DEBUG 12:10:30.294 - - _.s.w.s.HandlerMapping.Mappings - 
	o.s.w.a.MultipleOpenApiWebMvcResource:
	{GET [/api-docs/{group}], produces [application/json]}: openapiJson(HttpServletRequest,String,String,Locale)
	{GET [/api-docs.yaml/{group}], produces [application/vnd.oai.openapi]}: openapiYaml(HttpServletRequest,String,String,Locale)  
DEBUG 12:10:30.297 - - _.s.w.s.HandlerMapping.Mappings - 
	o.s.w.a.OpenApiWebMvcResource:
	{GET [/api-docs], produces [application/json]}: openapiJson(HttpServletRequest,String,Locale)
	{GET [/api-docs.yaml], produces [application/vnd.oai.openapi]}: openapiYaml(HttpServletRequest,String,Locale)  
DEBUG 12:10:30.297 - - _.s.w.s.HandlerMapping.Mappings - 
	o.s.w.u.SwaggerWelcomeWebMvc:
	{GET [/swagger-ui.html]}: redirectToUi(HttpServletRequest)  
DEBUG 12:10:30.298 - - _.s.w.s.HandlerMapping.Mappings - 
	o.s.w.u.SwaggerConfigResource:
	{GET [/api-docs/swagger-config], produces [application/json]}: openapiJson(HttpServletRequest)  
DEBUG 12:10:30.301 - - _.s.w.s.HandlerMapping.Mappings - 'beanNameHandlerMapping' {}  
DEBUG 12:10:30.492 - - _.s.w.s.HandlerMapping.Mappings - 'resourceHandlerMapping' {/webjars/**=ResourceHttpRequestHandler [classpath [META-INF/resources/webjars/]], /**=ResourceHttpRequestHandler [classpath [META-INF/resources/], classpath [resources/], classpath [static/], classpath [public/], ServletContext [/]], /swagger-ui*/*swagger-initializer.js=ResourceHttpRequestHandler [classpath [META-INF/resources/webjars/]], /swagger-ui*/**=ResourceHttpRequestHandler [classpath [META-INF/resources/webjars/]]}  
WARN  12:10:30.510 - - o.s.b.a.m.MustacheAutoConfiguration - Cannot find template location: classpath:/templates/ (please add some templates, check your Mustache configuration, or set spring.mustache.check-template-location=false)  
INFO  12:10:30.557 - - o.s.b.w.e.tomcat.TomcatWebServer - Tomcat started on port(s): 8800 (http) with context path ''  
INFO  12:10:30.565 - - loadrover.api.io.ApiApplicationKt - Started ApiApplicationKt in 1.394 seconds (process running for 1.632)  
INFO  12:10:42.828 - - o.a.tomcat.util.http.parser.Cookie - A cookie header was received [g_state={"i_l":0};] that contained an invalid cookie. That cookie will be ignored.
 Note: further occurrences of this error will be logged at DEBUG level.  
INFO  12:10:42.833 - - o.a.c.c.C.[Tomcat].[localhost].[/] - Initializing Spring DispatcherServlet 'dispatcherServlet'  
INFO  12:10:42.833 - - o.s.web.servlet.DispatcherServlet - Initializing Servlet 'dispatcherServlet'  
INFO  12:10:42.834 - - o.s.web.servlet.DispatcherServlet - Completed initialization in 1 ms  
DEBUG 12:11:00.006 - - l.a.i.d.s.SimulationScheduler - Check simulation result: 2024-02-02T12:11:00.005748  
INFO  12:11:53.575 - - o.s.b.w.e.tomcat.TomcatWebServer - Tomcat initialized with port(s): 8800 (http)  
INFO  12:11:53.581 - - o.a.catalina.core.StandardService - Starting service [Tomcat]  
INFO  12:11:53.581 - - o.a.catalina.core.StandardEngine - Starting Servlet engine: [Apache Tomcat/10.1.17]  
INFO  12:11:53.634 - - o.a.c.c.C.[Tomcat].[localhost].[/] - Initializing Spring embedded WebApplicationContext  
INFO  12:11:53.634 - - o.s.b.w.s.c.ServletWebServerApplicationContext - Root WebApplicationContext: initialization completed in 699 ms  
WARN  12:11:54.190 - - o.s.b.a.m.MustacheAutoConfiguration - Cannot find template location: classpath:/templates/ (please add some templates, check your Mustache configuration, or set spring.mustache.check-template-location=false)  
INFO  12:11:54.246 - - o.s.b.w.e.tomcat.TomcatWebServer - Tomcat started on port(s): 8800 (http) with context path ''  
ERROR 12:12:00.006 - - o.s.s.s.TaskUtils$LoggingErrorHandler - Unexpected error occurred in scheduled task java.lang.NoClassDefFoundError: loadrover/api/io/utils/FileUtils$searchFiles$1
	at loadrover.api.io.utils.FileUtils.searchFiles(FileUtils.kt:25)
	at loadrover.api.io.domain.simulation.SimulationScheduler.moveProgressToComplete(SimulationScheduler.kt:24)
	at java.base/jdk.internal.reflect.NativeMethodAccessorImpl.invoke0(Native Method)
	at java.base/jdk.internal.reflect.NativeMethodAccessorImpl.invoke(NativeMethodAccessorImpl.java:77)
	at java.base/jdk.internal.reflect.DelegatingMethodAccessorImpl.invoke(DelegatingMethodAccessorImpl.java:43)
	at java.base/java.lang.reflect.Method.invoke(Method.java:568)
	at org.springframework.scheduling.support.ScheduledMethodRunnable.run(ScheduledMethodRunnable.java:84)
	at org.springframework.scheduling.support.DelegatingErrorHandlingRunnable.run(DelegatingErrorHandlingRunnable.java:54)
	at org.springframework.scheduling.concurrent.ReschedulingRunnable.run(ReschedulingRunnable.java:96)
	at java.base/java.util.concurrent.Executors$RunnableAdapter.call(Executors.java:539)
	at java.base/java.util.concurrent.FutureTask.run$$$capture(FutureTask.java:264)
	at java.base/java.util.concurrent.FutureTask.run(FutureTask.java)
	at java.base/java.util.concurrent.ScheduledThreadPoolExecutor$ScheduledFutureTask.run(ScheduledThreadPoolExecutor.java:304)
	at java.base/java.util.concurrent.ThreadPoolExecutor.runWorker(ThreadPoolExecutor.java:1136)
	at java.base/java.util.concurrent.ThreadPoolExecutor$Worker.run(ThreadPoolExecutor.java:635)
	at java.base/java.lang.Thread.run(Thread.java:833)
Caused by: java.lang.ClassNotFoundException: loadrover.api.io.utils.FileUtils$searchFiles$1
	at java.base/jdk.internal.loader.BuiltinClassLoader.loadClass(BuiltinClassLoader.java:641)
	at java.base/jdk.internal.loader.ClassLoaders$AppClassLoader.loadClass(ClassLoaders.java:188)
	at java.base/java.lang.ClassLoader.loadClass(ClassLoader.java:520)
	... 16 common frames omitted
 
ERROR 12:13:00.001 - - o.s.s.s.TaskUtils$LoggingErrorHandler - Unexpected error occurred in scheduled task java.lang.NoClassDefFoundError: loadrover/api/io/utils/FileUtils$searchFiles$1
	at loadrover.api.io.utils.FileUtils.searchFiles(FileUtils.kt:25)
	at loadrover.api.io.domain.simulation.SimulationScheduler.moveProgressToComplete(SimulationScheduler.kt:24)
	at java.base/jdk.internal.reflect.NativeMethodAccessorImpl.invoke0(Native Method)
	at java.base/jdk.internal.reflect.NativeMethodAccessorImpl.invoke(NativeMethodAccessorImpl.java:77)
	at java.base/jdk.internal.reflect.DelegatingMethodAccessorImpl.invoke(DelegatingMethodAccessorImpl.java:43)
	at java.base/java.lang.reflect.Method.invoke(Method.java:568)
	at org.springframework.scheduling.support.ScheduledMethodRunnable.run(ScheduledMethodRunnable.java:84)
	at org.springframework.scheduling.support.DelegatingErrorHandlingRunnable.run(DelegatingErrorHandlingRunnable.java:54)
	at org.springframework.scheduling.concurrent.ReschedulingRunnable.run(ReschedulingRunnable.java:96)
	at java.base/java.util.concurrent.Executors$RunnableAdapter.call(Executors.java:539)
	at java.base/java.util.concurrent.FutureTask.run$$$capture(FutureTask.java:264)
	at java.base/java.util.concurrent.FutureTask.run(FutureTask.java)
	at java.base/java.util.concurrent.ScheduledThreadPoolExecutor$ScheduledFutureTask.run(ScheduledThreadPoolExecutor.java:304)
	at java.base/java.util.concurrent.ThreadPoolExecutor.runWorker(ThreadPoolExecutor.java:1136)
	at java.base/java.util.concurrent.ThreadPoolExecutor$Worker.run(ThreadPoolExecutor.java:635)
	at java.base/java.lang.Thread.run(Thread.java:833)
Caused by: java.lang.ClassNotFoundException: loadrover.api.io.utils.FileUtils$searchFiles$1
	... 16 common frames omitted
 
INFO  12:13:33.082 - - o.s.b.w.e.tomcat.TomcatWebServer - Tomcat initialized with port(s): 8800 (http)  
INFO  12:13:33.088 - - o.a.catalina.core.StandardService - Starting service [Tomcat]  
INFO  12:13:33.089 - - o.a.catalina.core.StandardEngine - Starting Servlet engine: [Apache Tomcat/10.1.17]  
INFO  12:13:33.142 - - o.a.c.c.C.[Tomcat].[localhost].[/] - Initializing Spring embedded WebApplicationContext  
INFO  12:13:33.142 - - o.s.b.w.s.c.ServletWebServerApplicationContext - Root WebApplicationContext: initialization completed in 613 ms  
WARN  12:13:33.547 - - o.s.b.a.m.MustacheAutoConfiguration - Cannot find template location: classpath:/templates/ (please add some templates, check your Mustache configuration, or set spring.mustache.check-template-location=false)  
INFO  12:13:33.600 - - o.s.b.w.e.tomcat.TomcatWebServer - Tomcat started on port(s): 8800 (http) with context path ''  
INFO  12:13:58.801 - - o.a.tomcat.util.http.parser.Cookie - A cookie header was received [g_state={"i_l":0};] that contained an invalid cookie. That cookie will be ignored.
 Note: further occurrences of this error will be logged at DEBUG level.  
INFO  12:13:58.807 - - o.a.c.c.C.[Tomcat].[localhost].[/] - Initializing Spring DispatcherServlet 'dispatcherServlet'  
INFO  12:13:58.807 - - o.s.web.servlet.DispatcherServlet - Initializing Servlet 'dispatcherServlet'  
INFO  12:13:58.808 - - o.s.web.servlet.DispatcherServlet - Completed initialization in 1 ms  
ERROR 12:14:33.164 - - l.a.i.d.scenario.ScenarioService - Failed to move file: gatling/src/gatling/resources/static/source/test20240202115155861.json  
INFO  12:18:09.588 - - o.s.b.w.e.tomcat.TomcatWebServer - Tomcat initialized with port(s): 8800 (http)  
INFO  12:18:09.595 - - o.a.catalina.core.StandardService - Starting service [Tomcat]  
INFO  12:18:09.596 - - o.a.catalina.core.StandardEngine - Starting Servlet engine: [Apache Tomcat/10.1.17]  
INFO  12:18:09.644 - - o.a.c.c.C.[Tomcat].[localhost].[/] - Initializing Spring embedded WebApplicationContext  
INFO  12:18:09.645 - - o.s.b.w.s.c.ServletWebServerApplicationContext - Root WebApplicationContext: initialization completed in 627 ms  
WARN  12:18:10.032 - - o.s.b.a.m.MustacheAutoConfiguration - Cannot find template location: classpath:/templates/ (please add some templates, check your Mustache configuration, or set spring.mustache.check-template-location=false)  
INFO  12:18:10.081 - - o.s.b.w.e.tomcat.TomcatWebServer - Tomcat started on port(s): 8800 (http) with context path ''  
ERROR 12:19:00.003 - - o.s.s.s.TaskUtils$LoggingErrorHandler - Unexpected error occurred in scheduled task java.lang.NoClassDefFoundError: loadrover/api/io/utils/FileUtils$searchFiles$1
	at loadrover.api.io.utils.FileUtils.searchFiles(FileUtils.kt:25)
	at loadrover.api.io.domain.simulation.SimulationScheduler.moveProgressToComplete(SimulationScheduler.kt:24)
	at java.base/jdk.internal.reflect.NativeMethodAccessorImpl.invoke0(Native Method)
	at java.base/jdk.internal.reflect.NativeMethodAccessorImpl.invoke(NativeMethodAccessorImpl.java:77)
	at java.base/jdk.internal.reflect.DelegatingMethodAccessorImpl.invoke(DelegatingMethodAccessorImpl.java:43)
	at java.base/java.lang.reflect.Method.invoke(Method.java:568)
	at org.springframework.scheduling.support.ScheduledMethodRunnable.run(ScheduledMethodRunnable.java:84)
	at org.springframework.scheduling.support.DelegatingErrorHandlingRunnable.run(DelegatingErrorHandlingRunnable.java:54)
	at org.springframework.scheduling.concurrent.ReschedulingRunnable.run(ReschedulingRunnable.java:96)
	at java.base/java.util.concurrent.Executors$RunnableAdapter.call(Executors.java:539)
	at java.base/java.util.concurrent.FutureTask.run$$$capture(FutureTask.java:264)
	at java.base/java.util.concurrent.FutureTask.run(FutureTask.java)
	at java.base/java.util.concurrent.ScheduledThreadPoolExecutor$ScheduledFutureTask.run(ScheduledThreadPoolExecutor.java:304)
	at java.base/java.util.concurrent.ThreadPoolExecutor.runWorker(ThreadPoolExecutor.java:1136)
	at java.base/java.util.concurrent.ThreadPoolExecutor$Worker.run(ThreadPoolExecutor.java:635)
	at java.base/java.lang.Thread.run(Thread.java:833)
Caused by: java.lang.ClassNotFoundException: loadrover.api.io.utils.FileUtils$searchFiles$1
	at java.base/jdk.internal.loader.BuiltinClassLoader.loadClass(BuiltinClassLoader.java:641)
	at java.base/jdk.internal.loader.ClassLoaders$AppClassLoader.loadClass(ClassLoaders.java:188)
	at java.base/java.lang.ClassLoader.loadClass(ClassLoader.java:520)
	... 16 common frames omitted
 
ERROR 12:20:00.006 - - o.s.s.s.TaskUtils$LoggingErrorHandler - Unexpected error occurred in scheduled task java.lang.NoClassDefFoundError: loadrover/api/io/utils/FileUtils$searchFiles$1
	at loadrover.api.io.utils.FileUtils.searchFiles(FileUtils.kt:25)
	at loadrover.api.io.domain.simulation.SimulationScheduler.moveProgressToComplete(SimulationScheduler.kt:24)
	at java.base/jdk.internal.reflect.NativeMethodAccessorImpl.invoke0(Native Method)
	at java.base/jdk.internal.reflect.NativeMethodAccessorImpl.invoke(NativeMethodAccessorImpl.java:77)
	at java.base/jdk.internal.reflect.DelegatingMethodAccessorImpl.invoke(DelegatingMethodAccessorImpl.java:43)
	at java.base/java.lang.reflect.Method.invoke(Method.java:568)
	at org.springframework.scheduling.support.ScheduledMethodRunnable.run(ScheduledMethodRunnable.java:84)
	at org.springframework.scheduling.support.DelegatingErrorHandlingRunnable.run(DelegatingErrorHandlingRunnable.java:54)
	at org.springframework.scheduling.concurrent.ReschedulingRunnable.run(ReschedulingRunnable.java:96)
	at java.base/java.util.concurrent.Executors$RunnableAdapter.call(Executors.java:539)
	at java.base/java.util.concurrent.FutureTask.run$$$capture(FutureTask.java:264)
	at java.base/java.util.concurrent.FutureTask.run(FutureTask.java)
	at java.base/java.util.concurrent.ScheduledThreadPoolExecutor$ScheduledFutureTask.run(ScheduledThreadPoolExecutor.java:304)
	at java.base/java.util.concurrent.ThreadPoolExecutor.runWorker(ThreadPoolExecutor.java:1136)
	at java.base/java.util.concurrent.ThreadPoolExecutor$Worker.run(ThreadPoolExecutor.java:635)
	at java.base/java.lang.Thread.run(Thread.java:833)
Caused by: java.lang.ClassNotFoundException: loadrover.api.io.utils.FileUtils$searchFiles$1
	... 16 common frames omitted
 
ERROR 12:21:00.003 - - o.s.s.s.TaskUtils$LoggingErrorHandler - Unexpected error occurred in scheduled task java.lang.NoClassDefFoundError: loadrover/api/io/utils/FileUtils$searchFiles$1
	at loadrover.api.io.utils.FileUtils.searchFiles(FileUtils.kt:25)
	at loadrover.api.io.domain.simulation.SimulationScheduler.moveProgressToComplete(SimulationScheduler.kt:24)
	at java.base/jdk.internal.reflect.NativeMethodAccessorImpl.invoke0(Native Method)
	at java.base/jdk.internal.reflect.NativeMethodAccessorImpl.invoke(NativeMethodAccessorImpl.java:77)
	at java.base/jdk.internal.reflect.DelegatingMethodAccessorImpl.invoke(DelegatingMethodAccessorImpl.java:43)
	at java.base/java.lang.reflect.Method.invoke(Method.java:568)
	at org.springframework.scheduling.support.ScheduledMethodRunnable.run(ScheduledMethodRunnable.java:84)
	at org.springframework.scheduling.support.DelegatingErrorHandlingRunnable.run(DelegatingErrorHandlingRunnable.java:54)
	at org.springframework.scheduling.concurrent.ReschedulingRunnable.run(ReschedulingRunnable.java:96)
	at java.base/java.util.concurrent.Executors$RunnableAdapter.call(Executors.java:539)
	at java.base/java.util.concurrent.FutureTask.run$$$capture(FutureTask.java:264)
	at java.base/java.util.concurrent.FutureTask.run(FutureTask.java)
	at java.base/java.util.concurrent.ScheduledThreadPoolExecutor$ScheduledFutureTask.run(ScheduledThreadPoolExecutor.java:304)
	at java.base/java.util.concurrent.ThreadPoolExecutor.runWorker(ThreadPoolExecutor.java:1136)
	at java.base/java.util.concurrent.ThreadPoolExecutor$Worker.run(ThreadPoolExecutor.java:635)
	at java.base/java.lang.Thread.run(Thread.java:833)
Caused by: java.lang.ClassNotFoundException: loadrover.api.io.utils.FileUtils$searchFiles$1
	... 16 common frames omitted
 
ERROR 12:22:00.002 - - o.s.s.s.TaskUtils$LoggingErrorHandler - Unexpected error occurred in scheduled task java.lang.NoClassDefFoundError: loadrover/api/io/utils/FileUtils$searchFiles$1
	at loadrover.api.io.utils.FileUtils.searchFiles(FileUtils.kt:25)
	at loadrover.api.io.domain.simulation.SimulationScheduler.moveProgressToComplete(SimulationScheduler.kt:24)
	at java.base/jdk.internal.reflect.NativeMethodAccessorImpl.invoke0(Native Method)
	at java.base/jdk.internal.reflect.NativeMethodAccessorImpl.invoke(NativeMethodAccessorImpl.java:77)
	at java.base/jdk.internal.reflect.DelegatingMethodAccessorImpl.invoke(DelegatingMethodAccessorImpl.java:43)
	at java.base/java.lang.reflect.Method.invoke(Method.java:568)
	at org.springframework.scheduling.support.ScheduledMethodRunnable.run(ScheduledMethodRunnable.java:84)
	at org.springframework.scheduling.support.DelegatingErrorHandlingRunnable.run(DelegatingErrorHandlingRunnable.java:54)
	at org.springframework.scheduling.concurrent.ReschedulingRunnable.run(ReschedulingRunnable.java:96)
	at java.base/java.util.concurrent.Executors$RunnableAdapter.call(Executors.java:539)
	at java.base/java.util.concurrent.FutureTask.run$$$capture(FutureTask.java:264)
	at java.base/java.util.concurrent.FutureTask.run(FutureTask.java)
	at java.base/java.util.concurrent.ScheduledThreadPoolExecutor$ScheduledFutureTask.run(ScheduledThreadPoolExecutor.java:304)
	at java.base/java.util.concurrent.ThreadPoolExecutor.runWorker(ThreadPoolExecutor.java:1136)
	at java.base/java.util.concurrent.ThreadPoolExecutor$Worker.run(ThreadPoolExecutor.java:635)
	at java.base/java.lang.Thread.run(Thread.java:833)
Caused by: java.lang.ClassNotFoundException: loadrover.api.io.utils.FileUtils$searchFiles$1
	... 16 common frames omitted
 
ERROR 12:23:00.005 - - o.s.s.s.TaskUtils$LoggingErrorHandler - Unexpected error occurred in scheduled task java.lang.NoClassDefFoundError: loadrover/api/io/utils/FileUtils$searchFiles$1
	at loadrover.api.io.utils.FileUtils.searchFiles(FileUtils.kt:25)
	at loadrover.api.io.domain.simulation.SimulationScheduler.moveProgressToComplete(SimulationScheduler.kt:24)
	at java.base/jdk.internal.reflect.NativeMethodAccessorImpl.invoke0(Native Method)
	at java.base/jdk.internal.reflect.NativeMethodAccessorImpl.invoke(NativeMethodAccessorImpl.java:77)
	at java.base/jdk.internal.reflect.DelegatingMethodAccessorImpl.invoke(DelegatingMethodAccessorImpl.java:43)
	at java.base/java.lang.reflect.Method.invoke(Method.java:568)
	at org.springframework.scheduling.support.ScheduledMethodRunnable.run(ScheduledMethodRunnable.java:84)
	at org.springframework.scheduling.support.DelegatingErrorHandlingRunnable.run(DelegatingErrorHandlingRunnable.java:54)
	at org.springframework.scheduling.concurrent.ReschedulingRunnable.run(ReschedulingRunnable.java:96)
	at java.base/java.util.concurrent.Executors$RunnableAdapter.call(Executors.java:539)
	at java.base/java.util.concurrent.FutureTask.run$$$capture(FutureTask.java:264)
	at java.base/java.util.concurrent.FutureTask.run(FutureTask.java)
	at java.base/java.util.concurrent.ScheduledThreadPoolExecutor$ScheduledFutureTask.run(ScheduledThreadPoolExecutor.java:304)
	at java.base/java.util.concurrent.ThreadPoolExecutor.runWorker(ThreadPoolExecutor.java:1136)
	at java.base/java.util.concurrent.ThreadPoolExecutor$Worker.run(ThreadPoolExecutor.java:635)
	at java.base/java.lang.Thread.run(Thread.java:833)
Caused by: java.lang.ClassNotFoundException: loadrover.api.io.utils.FileUtils$searchFiles$1
	... 16 common frames omitted
 
ERROR 12:24:00.006 - - o.s.s.s.TaskUtils$LoggingErrorHandler - Unexpected error occurred in scheduled task java.lang.NoClassDefFoundError: loadrover/api/io/utils/FileUtils$searchFiles$1
	at loadrover.api.io.utils.FileUtils.searchFiles(FileUtils.kt:25)
	at loadrover.api.io.domain.simulation.SimulationScheduler.moveProgressToComplete(SimulationScheduler.kt:24)
	at java.base/jdk.internal.reflect.NativeMethodAccessorImpl.invoke0(Native Method)
	at java.base/jdk.internal.reflect.NativeMethodAccessorImpl.invoke(NativeMethodAccessorImpl.java:77)
	at java.base/jdk.internal.reflect.DelegatingMethodAccessorImpl.invoke(DelegatingMethodAccessorImpl.java:43)
	at java.base/java.lang.reflect.Method.invoke(Method.java:568)
	at org.springframework.scheduling.support.ScheduledMethodRunnable.run(ScheduledMethodRunnable.java:84)
	at org.springframework.scheduling.support.DelegatingErrorHandlingRunnable.run(DelegatingErrorHandlingRunnable.java:54)
	at org.springframework.scheduling.concurrent.ReschedulingRunnable.run(ReschedulingRunnable.java:96)
	at java.base/java.util.concurrent.Executors$RunnableAdapter.call(Executors.java:539)
	at java.base/java.util.concurrent.FutureTask.run$$$capture(FutureTask.java:264)
	at java.base/java.util.concurrent.FutureTask.run(FutureTask.java)
	at java.base/java.util.concurrent.ScheduledThreadPoolExecutor$ScheduledFutureTask.run(ScheduledThreadPoolExecutor.java:304)
	at java.base/java.util.concurrent.ThreadPoolExecutor.runWorker(ThreadPoolExecutor.java:1136)
	at java.base/java.util.concurrent.ThreadPoolExecutor$Worker.run(ThreadPoolExecutor.java:635)
	at java.base/java.lang.Thread.run(Thread.java:833)
Caused by: java.lang.ClassNotFoundException: loadrover.api.io.utils.FileUtils$searchFiles$1
	... 16 common frames omitted
 
ERROR 12:25:00.006 - - o.s.s.s.TaskUtils$LoggingErrorHandler - Unexpected error occurred in scheduled task java.lang.NoClassDefFoundError: loadrover/api/io/utils/FileUtils$searchFiles$1
	at loadrover.api.io.utils.FileUtils.searchFiles(FileUtils.kt:25)
	at loadrover.api.io.domain.simulation.SimulationScheduler.moveProgressToComplete(SimulationScheduler.kt:24)
	at java.base/jdk.internal.reflect.NativeMethodAccessorImpl.invoke0(Native Method)
	at java.base/jdk.internal.reflect.NativeMethodAccessorImpl.invoke(NativeMethodAccessorImpl.java:77)
	at java.base/jdk.internal.reflect.DelegatingMethodAccessorImpl.invoke(DelegatingMethodAccessorImpl.java:43)
	at java.base/java.lang.reflect.Method.invoke(Method.java:568)
	at org.springframework.scheduling.support.ScheduledMethodRunnable.run(ScheduledMethodRunnable.java:84)
	at org.springframework.scheduling.support.DelegatingErrorHandlingRunnable.run(DelegatingErrorHandlingRunnable.java:54)
	at org.springframework.scheduling.concurrent.ReschedulingRunnable.run(ReschedulingRunnable.java:96)
	at java.base/java.util.concurrent.Executors$RunnableAdapter.call(Executors.java:539)
	at java.base/java.util.concurrent.FutureTask.run$$$capture(FutureTask.java:264)
	at java.base/java.util.concurrent.FutureTask.run(FutureTask.java)
	at java.base/java.util.concurrent.ScheduledThreadPoolExecutor$ScheduledFutureTask.run(ScheduledThreadPoolExecutor.java:304)
	at java.base/java.util.concurrent.ThreadPoolExecutor.runWorker(ThreadPoolExecutor.java:1136)
	at java.base/java.util.concurrent.ThreadPoolExecutor$Worker.run(ThreadPoolExecutor.java:635)
	at java.base/java.lang.Thread.run(Thread.java:833)
Caused by: java.lang.ClassNotFoundException: loadrover.api.io.utils.FileUtils$searchFiles$1
	... 16 common frames omitted
 
ERROR 12:26:00.005 - - o.s.s.s.TaskUtils$LoggingErrorHandler - Unexpected error occurred in scheduled task java.lang.NoClassDefFoundError: loadrover/api/io/utils/FileUtils$searchFiles$1
	at loadrover.api.io.utils.FileUtils.searchFiles(FileUtils.kt:25)
	at loadrover.api.io.domain.simulation.SimulationScheduler.moveProgressToComplete(SimulationScheduler.kt:24)
	at java.base/jdk.internal.reflect.NativeMethodAccessorImpl.invoke0(Native Method)
	at java.base/jdk.internal.reflect.NativeMethodAccessorImpl.invoke(NativeMethodAccessorImpl.java:77)
	at java.base/jdk.internal.reflect.DelegatingMethodAccessorImpl.invoke(DelegatingMethodAccessorImpl.java:43)
	at java.base/java.lang.reflect.Method.invoke(Method.java:568)
	at org.springframework.scheduling.support.ScheduledMethodRunnable.run(ScheduledMethodRunnable.java:84)
	at org.springframework.scheduling.support.DelegatingErrorHandlingRunnable.run(DelegatingErrorHandlingRunnable.java:54)
	at org.springframework.scheduling.concurrent.ReschedulingRunnable.run(ReschedulingRunnable.java:96)
	at java.base/java.util.concurrent.Executors$RunnableAdapter.call(Executors.java:539)
	at java.base/java.util.concurrent.FutureTask.run$$$capture(FutureTask.java:264)
	at java.base/java.util.concurrent.FutureTask.run(FutureTask.java)
	at java.base/java.util.concurrent.ScheduledThreadPoolExecutor$ScheduledFutureTask.run(ScheduledThreadPoolExecutor.java:304)
	at java.base/java.util.concurrent.ThreadPoolExecutor.runWorker(ThreadPoolExecutor.java:1136)
	at java.base/java.util.concurrent.ThreadPoolExecutor$Worker.run(ThreadPoolExecutor.java:635)
	at java.base/java.lang.Thread.run(Thread.java:833)
Caused by: java.lang.ClassNotFoundException: loadrover.api.io.utils.FileUtils$searchFiles$1
	... 16 common frames omitted
 
INFO  12:26:40.885 - - o.s.b.w.e.tomcat.TomcatWebServer - Tomcat initialized with port(s): 8800 (http)  
INFO  12:26:40.900 - - o.a.catalina.core.StandardService - Starting service [Tomcat]  
INFO  12:26:40.900 - - o.a.catalina.core.StandardEngine - Starting Servlet engine: [Apache Tomcat/10.1.17]  
INFO  12:26:40.956 - - o.a.c.c.C.[Tomcat].[localhost].[/] - Initializing Spring embedded WebApplicationContext  
INFO  12:26:40.957 - - o.s.b.w.s.c.ServletWebServerApplicationContext - Root WebApplicationContext: initialization completed in 702 ms  
WARN  12:26:41.360 - - o.s.b.a.m.MustacheAutoConfiguration - Cannot find template location: classpath:/templates/ (please add some templates, check your Mustache configuration, or set spring.mustache.check-template-location=false)  
INFO  12:26:41.420 - - o.s.b.w.e.tomcat.TomcatWebServer - Tomcat started on port(s): 8800 (http) with context path ''  
INFO  12:26:50.513 - - o.a.tomcat.util.http.parser.Cookie - A cookie header was received [g_state={"i_l":0};] that contained an invalid cookie. That cookie will be ignored.
 Note: further occurrences of this error will be logged at DEBUG level.  
INFO  12:26:50.518 - - o.a.c.c.C.[Tomcat].[localhost].[/] - Initializing Spring DispatcherServlet 'dispatcherServlet'  
INFO  12:26:50.518 - - o.s.web.servlet.DispatcherServlet - Initializing Servlet 'dispatcherServlet'  
INFO  12:26:50.519 - - o.s.web.servlet.DispatcherServlet - Completed initialization in 1 ms  
ERROR 12:26:50.594 - - l.a.i.d.scenario.ScenarioService - Failed to move file: gatling/src/gatling/resources/static/source/test20240202115155861.json  
ERROR 12:27:23.215 - - l.a.i.d.scenario.ScenarioService - Failed to move file: gatling/src/gatling/resources/static/source/test20240202115155861.json  
INFO  12:27:30.375 - - o.s.b.w.e.tomcat.TomcatWebServer - Tomcat initialized with port(s): 8800 (http)  
INFO  12:27:30.383 - - o.a.catalina.core.StandardService - Starting service [Tomcat]  
INFO  12:27:30.383 - - o.a.catalina.core.StandardEngine - Starting Servlet engine: [Apache Tomcat/10.1.17]  
INFO  12:27:30.434 - - o.a.c.c.C.[Tomcat].[localhost].[/] - Initializing Spring embedded WebApplicationContext  
INFO  12:27:30.435 - - o.s.b.w.s.c.ServletWebServerApplicationContext - Root WebApplicationContext: initialization completed in 645 ms  
WARN  12:27:30.861 - - o.s.b.a.m.MustacheAutoConfiguration - Cannot find template location: classpath:/templates/ (please add some templates, check your Mustache configuration, or set spring.mustache.check-template-location=false)  
INFO  12:27:30.917 - - o.s.b.w.e.tomcat.TomcatWebServer - Tomcat started on port(s): 8800 (http) with context path ''  
INFO  12:27:56.351 - - o.s.b.w.e.tomcat.TomcatWebServer - Tomcat initialized with port(s): 8800 (http)  
INFO  12:27:56.358 - - o.a.catalina.core.StandardService - Starting service [Tomcat]  
INFO  12:27:56.358 - - o.a.catalina.core.StandardEngine - Starting Servlet engine: [Apache Tomcat/10.1.17]  
INFO  12:27:56.412 - - o.a.c.c.C.[Tomcat].[localhost].[/] - Initializing Spring embedded WebApplicationContext  
INFO  12:27:56.413 - - o.s.b.w.s.c.ServletWebServerApplicationContext - Root WebApplicationContext: initialization completed in 653 ms  
WARN  12:27:56.829 - - o.s.b.a.m.MustacheAutoConfiguration - Cannot find template location: classpath:/templates/ (please add some templates, check your Mustache configuration, or set spring.mustache.check-template-location=false)  
INFO  12:27:56.877 - - o.s.b.w.e.tomcat.TomcatWebServer - Tomcat started on port(s): 8800 (http) with context path ''  
INFO  12:27:58.523 - - o.a.tomcat.util.http.parser.Cookie - A cookie header was received [g_state={"i_l":0};] that contained an invalid cookie. That cookie will be ignored.
 Note: further occurrences of this error will be logged at DEBUG level.  
INFO  12:27:58.528 - - o.a.c.c.C.[Tomcat].[localhost].[/] - Initializing Spring DispatcherServlet 'dispatcherServlet'  
INFO  12:27:58.528 - - o.s.web.servlet.DispatcherServlet - Initializing Servlet 'dispatcherServlet'  
INFO  12:27:58.529 - - o.s.web.servlet.DispatcherServlet - Completed initialization in 1 ms  
ERROR 12:27:58.613 - - l.a.i.d.scenario.ScenarioService - Failed to move file: gatling/src/gatling/resources/static/source/test20240202115155861.json  
INFO  12:28:32.930 - - o.s.b.w.e.tomcat.TomcatWebServer - Tomcat initialized with port(s): 8800 (http)  
INFO  12:28:32.937 - - o.a.catalina.core.StandardService - Starting service [Tomcat]  
INFO  12:28:32.937 - - o.a.catalina.core.StandardEngine - Starting Servlet engine: [Apache Tomcat/10.1.17]  
INFO  12:28:32.988 - - o.a.c.c.C.[Tomcat].[localhost].[/] - Initializing Spring embedded WebApplicationContext  
INFO  12:28:32.989 - - o.s.b.w.s.c.ServletWebServerApplicationContext - Root WebApplicationContext: initialization completed in 724 ms  
WARN  12:28:33.402 - - o.s.b.a.m.MustacheAutoConfiguration - Cannot find template location: classpath:/templates/ (please add some templates, check your Mustache configuration, or set spring.mustache.check-template-location=false)  
INFO  12:28:33.449 - - o.s.b.w.e.tomcat.TomcatWebServer - Tomcat started on port(s): 8800 (http) with context path ''  
INFO  12:28:38.266 - - o.a.tomcat.util.http.parser.Cookie - A cookie header was received [g_state={"i_l":0};] that contained an invalid cookie. That cookie will be ignored.
 Note: further occurrences of this error will be logged at DEBUG level.  
INFO  12:28:38.271 - - o.a.c.c.C.[Tomcat].[localhost].[/] - Initializing Spring DispatcherServlet 'dispatcherServlet'  
INFO  12:28:38.271 - - o.s.web.servlet.DispatcherServlet - Initializing Servlet 'dispatcherServlet'  
INFO  12:28:38.272 - - o.s.web.servlet.DispatcherServlet - Completed initialization in 1 ms  
ERROR 12:28:38.344 - - l.a.i.d.scenario.ScenarioService - Failed to move file: gatling/src/gatling/resources/static/source/test20240202115155861.json  
INFO  12:41:48.189 - - o.s.b.w.e.tomcat.TomcatWebServer - Tomcat initialized with port(s): 8800 (http)  
INFO  12:41:48.196 - - o.a.catalina.core.StandardService - Starting service [Tomcat]  
INFO  12:41:48.197 - - o.a.catalina.core.StandardEngine - Starting Servlet engine: [Apache Tomcat/10.1.17]  
INFO  12:41:48.245 - - o.a.c.c.C.[Tomcat].[localhost].[/] - Initializing Spring embedded WebApplicationContext  
INFO  12:41:48.246 - - o.s.b.w.s.c.ServletWebServerApplicationContext - Root WebApplicationContext: initialization completed in 679 ms  
WARN  12:41:48.629 - - o.s.b.a.m.MustacheAutoConfiguration - Cannot find template location: classpath:/templates/ (please add some templates, check your Mustache configuration, or set spring.mustache.check-template-location=false)  
INFO  12:41:48.678 - - o.s.b.w.e.tomcat.TomcatWebServer - Tomcat started on port(s): 8800 (http) with context path ''  
INFO  12:42:36.229 - - o.a.tomcat.util.http.parser.Cookie - A cookie header was received [g_state={"i_l":0};] that contained an invalid cookie. That cookie will be ignored.
 Note: further occurrences of this error will be logged at DEBUG level.  
INFO  12:42:36.235 - - o.a.c.c.C.[Tomcat].[localhost].[/] - Initializing Spring DispatcherServlet 'dispatcherServlet'  
INFO  12:42:36.236 - - o.s.web.servlet.DispatcherServlet - Initializing Servlet 'dispatcherServlet'  
INFO  12:42:36.237 - - o.s.web.servlet.DispatcherServlet - Completed initialization in 1 ms  
ERROR 12:43:48.874 - - l.a.i.d.scenario.ScenarioService - Failed to move file: gatling/src/gatling/resources/static/source/test20240202124236332.json  
ERROR 12:45:01.248 - - l.a.i.d.scenario.ScenarioService - Failed to move file: gatling/src/gatling/resources/static/source/test20240202124236332.json  
INFO  12:51:12.445 - - o.s.b.w.e.tomcat.TomcatWebServer - Tomcat initialized with port(s): 8800 (http)  
INFO  12:51:12.452 - - o.a.catalina.core.StandardService - Starting service [Tomcat]  
INFO  12:51:12.452 - - o.a.catalina.core.StandardEngine - Starting Servlet engine: [Apache Tomcat/10.1.17]  
INFO  12:51:12.503 - - o.a.c.c.C.[Tomcat].[localhost].[/] - Initializing Spring embedded WebApplicationContext  
INFO  12:51:12.504 - - o.s.b.w.s.c.ServletWebServerApplicationContext - Root WebApplicationContext: initialization completed in 639 ms  
WARN  12:51:12.905 - - o.s.b.a.m.MustacheAutoConfiguration - Cannot find template location: classpath:/templates/ (please add some templates, check your Mustache configuration, or set spring.mustache.check-template-location=false)  
INFO  12:51:12.955 - - o.s.b.w.e.tomcat.TomcatWebServer - Tomcat started on port(s): 8800 (http) with context path ''  
INFO  12:51:20.223 - - o.a.tomcat.util.http.parser.Cookie - A cookie header was received [g_state={"i_l":0};] that contained an invalid cookie. That cookie will be ignored.
 Note: further occurrences of this error will be logged at DEBUG level.  
INFO  12:51:20.228 - - o.a.c.c.C.[Tomcat].[localhost].[/] - Initializing Spring DispatcherServlet 'dispatcherServlet'  
INFO  12:51:20.228 - - o.s.web.servlet.DispatcherServlet - Initializing Servlet 'dispatcherServlet'  
INFO  12:51:20.229 - - o.s.web.servlet.DispatcherServlet - Completed initialization in 1 ms  
ERROR 12:51:20.308 - - l.a.i.d.scenario.ScenarioService - Failed to move file: gatling/src/gatling/resources/static/source/test20240202124236332.json  
ERROR 12:51:42.729 - - l.a.i.d.scenario.ScenarioService - Failed to move file: gatling/src/gatling/resources/static/source/test20240202124236332.json  
ERROR 12:52:14.164 - - l.a.i.d.scenario.ScenarioService - Failed to move file: gatling/src/gatling/resources/static/source/test20240202124236332.json  
INFO  12:52:52.139 - - o.s.b.w.e.tomcat.TomcatWebServer - Tomcat initialized with port(s): 8800 (http)  
INFO  12:52:52.145 - - o.a.catalina.core.StandardService - Starting service [Tomcat]  
INFO  12:52:52.146 - - o.a.catalina.core.StandardEngine - Starting Servlet engine: [Apache Tomcat/10.1.17]  
INFO  12:52:52.197 - - o.a.c.c.C.[Tomcat].[localhost].[/] - Initializing Spring embedded WebApplicationContext  
INFO  12:52:52.198 - - o.s.b.w.s.c.ServletWebServerApplicationContext - Root WebApplicationContext: initialization completed in 637 ms  
WARN  12:52:52.615 - - o.s.b.a.m.MustacheAutoConfiguration - Cannot find template location: classpath:/templates/ (please add some templates, check your Mustache configuration, or set spring.mustache.check-template-location=false)  
INFO  12:52:52.666 - - o.s.b.w.e.tomcat.TomcatWebServer - Tomcat started on port(s): 8800 (http) with context path ''  
INFO  12:52:54.954 - - o.a.tomcat.util.http.parser.Cookie - A cookie header was received [g_state={"i_l":0};] that contained an invalid cookie. That cookie will be ignored.
 Note: further occurrences of this error will be logged at DEBUG level.  
INFO  12:52:54.960 - - o.a.c.c.C.[Tomcat].[localhost].[/] - Initializing Spring DispatcherServlet 'dispatcherServlet'  
INFO  12:52:54.960 - - o.s.web.servlet.DispatcherServlet - Initializing Servlet 'dispatcherServlet'  
INFO  12:52:54.961 - - o.s.web.servlet.DispatcherServlet - Completed initialization in 1 ms  
ERROR 12:52:55.035 - - l.a.i.d.scenario.ScenarioService - Failed to move file: gatling/src/gatling/resources/static/source/test20240202124236332.json  
INFO  12:53:58.429 - - o.s.b.w.e.tomcat.TomcatWebServer - Tomcat initialized with port(s): 8800 (http)  
INFO  12:53:58.436 - - o.a.catalina.core.StandardService - Starting service [Tomcat]  
INFO  12:53:58.436 - - o.a.catalina.core.StandardEngine - Starting Servlet engine: [Apache Tomcat/10.1.17]  
INFO  12:53:58.487 - - o.a.c.c.C.[Tomcat].[localhost].[/] - Initializing Spring embedded WebApplicationContext  
INFO  12:53:58.487 - - o.s.b.w.s.c.ServletWebServerApplicationContext - Root WebApplicationContext: initialization completed in 622 ms  
WARN  12:53:58.887 - - o.s.b.a.m.MustacheAutoConfiguration - Cannot find template location: classpath:/templates/ (please add some templates, check your Mustache configuration, or set spring.mustache.check-template-location=false)  
INFO  12:53:58.937 - - o.s.b.w.e.tomcat.TomcatWebServer - Tomcat started on port(s): 8800 (http) with context path ''  
INFO  12:54:02.955 - - o.a.tomcat.util.http.parser.Cookie - A cookie header was received [g_state={"i_l":0};] that contained an invalid cookie. That cookie will be ignored.
 Note: further occurrences of this error will be logged at DEBUG level.  
INFO  12:54:02.959 - - o.a.c.c.C.[Tomcat].[localhost].[/] - Initializing Spring DispatcherServlet 'dispatcherServlet'  
INFO  12:54:02.960 - - o.s.web.servlet.DispatcherServlet - Initializing Servlet 'dispatcherServlet'  
INFO  12:54:02.960 - - o.s.web.servlet.DispatcherServlet - Completed initialization in 0 ms  
ERROR 12:54:08.735 - - l.a.i.d.scenario.ScenarioService - Failed to move file: gatling/src/gatling/resources/static/source/test20240202124236332.json  
ERROR 12:54:25.946 - - l.a.i.d.scenario.ScenarioService - Failed to move file: gatling/src/gatling/resources/static/source/test20240202124236332.json  
INFO  12:56:54.177 - - o.s.b.w.e.tomcat.TomcatWebServer - Tomcat initialized with port(s): 8800 (http)  
INFO  12:56:54.185 - - o.a.catalina.core.StandardService - Starting service [Tomcat]  
INFO  12:56:54.185 - - o.a.catalina.core.StandardEngine - Starting Servlet engine: [Apache Tomcat/10.1.17]  
INFO  12:56:54.238 - - o.a.c.c.C.[Tomcat].[localhost].[/] - Initializing Spring embedded WebApplicationContext  
INFO  12:56:54.238 - - o.s.b.w.s.c.ServletWebServerApplicationContext - Root WebApplicationContext: initialization completed in 658 ms  
WARN  12:56:54.644 - - o.s.b.a.m.MustacheAutoConfiguration - Cannot find template location: classpath:/templates/ (please add some templates, check your Mustache configuration, or set spring.mustache.check-template-location=false)  
INFO  12:56:54.692 - - o.s.b.w.e.tomcat.TomcatWebServer - Tomcat started on port(s): 8800 (http) with context path ''  
INFO  12:57:11.329 - - o.a.tomcat.util.http.parser.Cookie - A cookie header was received [g_state={"i_l":0};] that contained an invalid cookie. That cookie will be ignored.
 Note: further occurrences of this error will be logged at DEBUG level.  
INFO  12:57:11.334 - - o.a.c.c.C.[Tomcat].[localhost].[/] - Initializing Spring DispatcherServlet 'dispatcherServlet'  
INFO  12:57:11.334 - - o.s.web.servlet.DispatcherServlet - Initializing Servlet 'dispatcherServlet'  
INFO  12:57:11.335 - - o.s.web.servlet.DispatcherServlet - Completed initialization in 1 ms  
ERROR 12:58:45.003 - - l.a.i.d.scenario.ScenarioService - Failed to move file: gatling/src/gatling/resources/static/source/test20240202125711432.json  
ERROR 14:14:05.643 - - l.a.i.d.scenario.ScenarioService - Failed to move file: gatling/src/gatling/resources/static/source/test20240202115107349.json  
INFO  14:16:49.540 - - o.s.b.w.e.tomcat.TomcatWebServer - Tomcat initialized with port(s): 8800 (http)  
INFO  14:16:49.547 - - o.a.catalina.core.StandardService - Starting service [Tomcat]  
INFO  14:16:49.547 - - o.a.catalina.core.StandardEngine - Starting Servlet engine: [Apache Tomcat/10.1.17]  
INFO  14:16:49.597 - - o.a.c.c.C.[Tomcat].[localhost].[/] - Initializing Spring embedded WebApplicationContext  
INFO  14:16:49.598 - - o.s.b.w.s.c.ServletWebServerApplicationContext - Root WebApplicationContext: initialization completed in 647 ms  
WARN  14:16:50.116 - - o.s.b.a.m.MustacheAutoConfiguration - Cannot find template location: classpath:/templates/ (please add some templates, check your Mustache configuration, or set spring.mustache.check-template-location=false)  
INFO  14:16:50.163 - - o.s.b.w.e.tomcat.TomcatWebServer - Tomcat started on port(s): 8800 (http) with context path ''  
INFO  14:16:52.266 - - o.a.tomcat.util.http.parser.Cookie - A cookie header was received [g_state={"i_l":0};] that contained an invalid cookie. That cookie will be ignored.
 Note: further occurrences of this error will be logged at DEBUG level.  
INFO  14:16:52.270 - - o.a.c.c.C.[Tomcat].[localhost].[/] - Initializing Spring DispatcherServlet 'dispatcherServlet'  
INFO  14:16:52.271 - - o.s.web.servlet.DispatcherServlet - Initializing Servlet 'dispatcherServlet'  
INFO  14:16:52.271 - - o.s.web.servlet.DispatcherServlet - Completed initialization in 0 ms  
ERROR 14:16:54.646 - - l.a.i.d.scenario.ScenarioService - Failed to move file: gatling/src/gatling/resources/static/source/test20240202115107349.json  
ERROR 14:17:56.333 - - l.a.i.d.scenario.ScenarioService - Failed to move file: gatling/src/gatling/resources/static/source/test20240202115107349.json  
ERROR 14:18:22.942 - - l.a.i.d.scenario.ScenarioService - Failed to move file: gatling/src/gatling/resources/static/source/test20240202115107349.json  
INFO  14:19:34.920 - - o.s.b.w.e.tomcat.TomcatWebServer - Tomcat initialized with port(s): 8800 (http)  
INFO  14:19:34.928 - - o.a.catalina.core.StandardService - Starting service [Tomcat]  
INFO  14:19:34.928 - - o.a.catalina.core.StandardEngine - Starting Servlet engine: [Apache Tomcat/10.1.17]  
INFO  14:19:34.980 - - o.a.c.c.C.[Tomcat].[localhost].[/] - Initializing Spring embedded WebApplicationContext  
INFO  14:19:34.981 - - o.s.b.w.s.c.ServletWebServerApplicationContext - Root WebApplicationContext: initialization completed in 626 ms  
WARN  14:19:35.356 - - o.s.b.a.m.MustacheAutoConfiguration - Cannot find template location: classpath:/templates/ (please add some templates, check your Mustache configuration, or set spring.mustache.check-template-location=false)  
INFO  14:19:35.406 - - o.s.b.w.e.tomcat.TomcatWebServer - Tomcat started on port(s): 8800 (http) with context path ''  
INFO  14:19:39.979 - - o.a.tomcat.util.http.parser.Cookie - A cookie header was received [g_state={"i_l":0};] that contained an invalid cookie. That cookie will be ignored.
 Note: further occurrences of this error will be logged at DEBUG level.  
INFO  14:19:39.984 - - o.a.c.c.C.[Tomcat].[localhost].[/] - Initializing Spring DispatcherServlet 'dispatcherServlet'  
INFO  14:19:39.984 - - o.s.web.servlet.DispatcherServlet - Initializing Servlet 'dispatcherServlet'  
INFO  14:19:39.985 - - o.s.web.servlet.DispatcherServlet - Completed initialization in 1 ms  
ERROR 14:19:42.156 - - l.a.i.d.scenario.ScenarioService - Failed to move file: gatling/src/gatling/resources/static/source/test20240202115107349.json  
INFO  14:20:48.678 - - o.s.b.w.e.tomcat.TomcatWebServer - Tomcat initialized with port(s): 8800 (http)  
INFO  14:20:48.685 - - o.a.catalina.core.StandardService - Starting service [Tomcat]  
INFO  14:20:48.685 - - o.a.catalina.core.StandardEngine - Starting Servlet engine: [Apache Tomcat/10.1.17]  
INFO  14:20:48.738 - - o.a.c.c.C.[Tomcat].[localhost].[/] - Initializing Spring embedded WebApplicationContext  
INFO  14:20:48.739 - - o.s.b.w.s.c.ServletWebServerApplicationContext - Root WebApplicationContext: initialization completed in 672 ms  
WARN  14:20:49.183 - - o.s.b.a.m.MustacheAutoConfiguration - Cannot find template location: classpath:/templates/ (please add some templates, check your Mustache configuration, or set spring.mustache.check-template-location=false)  
INFO  14:20:49.241 - - o.s.b.w.e.tomcat.TomcatWebServer - Tomcat started on port(s): 8800 (http) with context path ''  
INFO  14:20:55.929 - - o.a.tomcat.util.http.parser.Cookie - A cookie header was received [g_state={"i_l":0};] that contained an invalid cookie. That cookie will be ignored.
 Note: further occurrences of this error will be logged at DEBUG level.  
INFO  14:20:55.933 - - o.a.c.c.C.[Tomcat].[localhost].[/] - Initializing Spring DispatcherServlet 'dispatcherServlet'  
INFO  14:20:55.933 - - o.s.web.servlet.DispatcherServlet - Initializing Servlet 'dispatcherServlet'  
INFO  14:20:55.934 - - o.s.web.servlet.DispatcherServlet - Completed initialization in 1 ms  
ERROR 14:20:57.434 - - l.a.i.d.scenario.ScenarioService - Failed to move file: gatling/src/gatling/resources/static/source/test20240202115107349.json  
ERROR 14:21:18.229 - - l.a.i.d.scenario.ScenarioService - Failed to move file: gatling/src/gatling/resources/static/source/test20240202115107349.json  
INFO  14:21:44.921 - - o.s.b.w.e.tomcat.TomcatWebServer - Tomcat initialized with port(s): 8800 (http)  
INFO  14:21:44.928 - - o.a.catalina.core.StandardService - Starting service [Tomcat]  
INFO  14:21:44.928 - - o.a.catalina.core.StandardEngine - Starting Servlet engine: [Apache Tomcat/10.1.17]  
INFO  14:21:44.978 - - o.a.c.c.C.[Tomcat].[localhost].[/] - Initializing Spring embedded WebApplicationContext  
INFO  14:21:44.979 - - o.s.b.w.s.c.ServletWebServerApplicationContext - Root WebApplicationContext: initialization completed in 607 ms  
WARN  14:21:45.373 - - o.s.b.a.m.MustacheAutoConfiguration - Cannot find template location: classpath:/templates/ (please add some templates, check your Mustache configuration, or set spring.mustache.check-template-location=false)  
INFO  14:21:45.422 - - o.s.b.w.e.tomcat.TomcatWebServer - Tomcat started on port(s): 8800 (http) with context path ''  
INFO  14:22:09.524 - - o.s.b.w.e.tomcat.TomcatWebServer - Tomcat initialized with port(s): 8800 (http)  
INFO  14:22:09.531 - - o.a.catalina.core.StandardService - Starting service [Tomcat]  
INFO  14:22:09.531 - - o.a.catalina.core.StandardEngine - Starting Servlet engine: [Apache Tomcat/10.1.17]  
INFO  14:22:09.580 - - o.a.c.c.C.[Tomcat].[localhost].[/] - Initializing Spring embedded WebApplicationContext  
INFO  14:22:09.581 - - o.s.b.w.s.c.ServletWebServerApplicationContext - Root WebApplicationContext: initialization completed in 620 ms  
WARN  14:22:09.980 - - o.s.b.a.m.MustacheAutoConfiguration - Cannot find template location: classpath:/templates/ (please add some templates, check your Mustache configuration, or set spring.mustache.check-template-location=false)  
INFO  14:22:10.028 - - o.s.b.w.e.tomcat.TomcatWebServer - Tomcat started on port(s): 8800 (http) with context path ''  
INFO  14:22:24.082 - - o.a.tomcat.util.http.parser.Cookie - A cookie header was received [g_state={"i_l":0};] that contained an invalid cookie. That cookie will be ignored.
 Note: further occurrences of this error will be logged at DEBUG level.  
INFO  14:22:24.091 - - o.a.c.c.C.[Tomcat].[localhost].[/] - Initializing Spring DispatcherServlet 'dispatcherServlet'  
INFO  14:22:24.091 - - o.s.web.servlet.DispatcherServlet - Initializing Servlet 'dispatcherServlet'  
INFO  14:22:24.092 - - o.s.web.servlet.DispatcherServlet - Completed initialization in 1 ms  
INFO  14:25:37.403 - - o.s.b.w.e.tomcat.TomcatWebServer - Tomcat initialized with port(s): 8800 (http)  
INFO  14:25:37.409 - - o.a.catalina.core.StandardService - Starting service [Tomcat]  
INFO  14:25:37.409 - - o.a.catalina.core.StandardEngine - Starting Servlet engine: [Apache Tomcat/10.1.17]  
INFO  14:25:37.469 - - o.a.c.c.C.[Tomcat].[localhost].[/] - Initializing Spring embedded WebApplicationContext  
INFO  14:25:37.469 - - o.s.b.w.s.c.ServletWebServerApplicationContext - Root WebApplicationContext: initialization completed in 652 ms  
WARN  14:25:37.890 - - o.s.b.a.m.MustacheAutoConfiguration - Cannot find template location: classpath:/templates/ (please add some templates, check your Mustache configuration, or set spring.mustache.check-template-location=false)  
INFO  14:25:37.944 - - o.s.b.w.e.tomcat.TomcatWebServer - Tomcat started on port(s): 8800 (http) with context path ''  
INFO  14:25:49.684 - - o.s.b.w.e.tomcat.TomcatWebServer - Tomcat initialized with port(s): 8800 (http)  
INFO  14:25:49.697 - - o.a.catalina.core.StandardService - Starting service [Tomcat]  
INFO  14:25:49.697 - - o.a.catalina.core.StandardEngine - Starting Servlet engine: [Apache Tomcat/10.1.17]  
INFO  14:25:49.750 - - o.a.c.c.C.[Tomcat].[localhost].[/] - Initializing Spring embedded WebApplicationContext  
INFO  14:25:49.751 - - o.s.b.w.s.c.ServletWebServerApplicationContext - Root WebApplicationContext: initialization completed in 627 ms  
WARN  14:25:50.154 - - o.s.b.a.m.MustacheAutoConfiguration - Cannot find template location: classpath:/templates/ (please add some templates, check your Mustache configuration, or set spring.mustache.check-template-location=false)  
INFO  14:25:50.210 - - o.s.b.w.e.tomcat.TomcatWebServer - Tomcat started on port(s): 8800 (http) with context path ''  
INFO  14:26:13.832 - - o.a.tomcat.util.http.parser.Cookie - A cookie header was received [g_state={"i_l":0};] that contained an invalid cookie. That cookie will be ignored.
 Note: further occurrences of this error will be logged at DEBUG level.  
INFO  14:26:13.836 - - o.a.c.c.C.[Tomcat].[localhost].[/] - Initializing Spring DispatcherServlet 'dispatcherServlet'  
INFO  14:26:13.837 - - o.s.web.servlet.DispatcherServlet - Initializing Servlet 'dispatcherServlet'  
INFO  14:26:13.838 - - o.s.web.servlet.DispatcherServlet - Completed initialization in 1 ms  
INFO  14:29:25.710 - - o.s.b.w.e.tomcat.TomcatWebServer - Tomcat initialized with port(s): 8800 (http)  
INFO  14:29:25.716 - - o.a.catalina.core.StandardService - Starting service [Tomcat]  
INFO  14:29:25.716 - - o.a.catalina.core.StandardEngine - Starting Servlet engine: [Apache Tomcat/10.1.17]  
INFO  14:29:25.770 - - o.a.c.c.C.[Tomcat].[localhost].[/] - Initializing Spring embedded WebApplicationContext  
INFO  14:29:25.771 - - o.s.b.w.s.c.ServletWebServerApplicationContext - Root WebApplicationContext: initialization completed in 671 ms  
WARN  14:29:26.190 - - o.s.b.a.m.MustacheAutoConfiguration - Cannot find template location: classpath:/templates/ (please add some templates, check your Mustache configuration, or set spring.mustache.check-template-location=false)  
INFO  14:29:26.272 - - o.s.b.w.e.tomcat.TomcatWebServer - Tomcat started on port(s): 8800 (http) with context path ''  
INFO  14:29:53.461 - - o.a.tomcat.util.http.parser.Cookie - A cookie header was received [g_state={"i_l":0};] that contained an invalid cookie. That cookie will be ignored.
 Note: further occurrences of this error will be logged at DEBUG level.  
INFO  14:29:53.465 - - o.a.c.c.C.[Tomcat].[localhost].[/] - Initializing Spring DispatcherServlet 'dispatcherServlet'  
INFO  14:29:53.465 - - o.s.web.servlet.DispatcherServlet - Initializing Servlet 'dispatcherServlet'  
INFO  14:29:53.466 - - o.s.web.servlet.DispatcherServlet - Completed initialization in 1 ms  
ERROR 14:32:03.635 - - l.a.i.d.scenario.ScenarioService - Failed to move file: gatling/src/gatling/resources/static/source/test20240202115107349.json  
INFO  14:32:23.575 - - o.s.b.w.e.tomcat.TomcatWebServer - Tomcat initialized with port(s): 8800 (http)  
INFO  14:32:23.581 - - o.a.catalina.core.StandardService - Starting service [Tomcat]  
INFO  14:32:23.582 - - o.a.catalina.core.StandardEngine - Starting Servlet engine: [Apache Tomcat/10.1.17]  
INFO  14:32:23.632 - - o.a.c.c.C.[Tomcat].[localhost].[/] - Initializing Spring embedded WebApplicationContext  
INFO  14:32:23.633 - - o.s.b.w.s.c.ServletWebServerApplicationContext - Root WebApplicationContext: initialization completed in 704 ms  
WARN  14:32:24.073 - - o.s.b.a.m.MustacheAutoConfiguration - Cannot find template location: classpath:/templates/ (please add some templates, check your Mustache configuration, or set spring.mustache.check-template-location=false)  
INFO  14:32:24.132 - - o.s.b.w.e.tomcat.TomcatWebServer - Tomcat started on port(s): 8800 (http) with context path ''  
INFO  14:32:27.096 - - o.a.tomcat.util.http.parser.Cookie - A cookie header was received [g_state={"i_l":0};] that contained an invalid cookie. That cookie will be ignored.
 Note: further occurrences of this error will be logged at DEBUG level.  
INFO  14:32:27.101 - - o.a.c.c.C.[Tomcat].[localhost].[/] - Initializing Spring DispatcherServlet 'dispatcherServlet'  
INFO  14:32:27.101 - - o.s.web.servlet.DispatcherServlet - Initializing Servlet 'dispatcherServlet'  
INFO  14:32:27.102 - - o.s.web.servlet.DispatcherServlet - Completed initialization in 1 ms  
ERROR 14:32:27.172 - - l.a.i.d.scenario.ScenarioService - Failed to move file: gatling/src/gatling/resources/static/source/test20240202115107349.json  
ERROR 14:34:16.249 - - l.a.i.d.scenario.ScenarioService - Failed to move file: gatling/src/gatling/resources/static/source/test20240202115107349.json  
INFO  14:35:22.066 - - loadrover.api.io.ApiApplicationKt - Starting ApiApplicationKt using Java 17.0.5 with PID 16658 (/Users/sasha/IdeaProjects/2bytes.loadrover-server/api/build/classes/kotlin/main started by sasha in /Users/sasha/IdeaProjects/2bytes.loadrover-server)  
DEBUG 14:35:22.068 - - loadrover.api.io.ApiApplicationKt - Running with Spring Boot v3.1.7, Spring v6.0.15  
INFO  14:35:22.069 - - loadrover.api.io.ApiApplicationKt - The following 1 profile is active: "local"  
INFO  14:35:22.694 - - o.s.b.w.e.tomcat.TomcatWebServer - Tomcat initialized with port(s): 8800 (http)  
INFO  14:35:22.700 - - o.a.catalina.core.StandardService - Starting service [Tomcat]  
INFO  14:35:22.700 - - o.a.catalina.core.StandardEngine - Starting Servlet engine: [Apache Tomcat/10.1.17]  
INFO  14:35:22.752 - - o.a.c.c.C.[Tomcat].[localhost].[/] - Initializing Spring embedded WebApplicationContext  
INFO  14:35:22.753 - - o.s.b.w.s.c.ServletWebServerApplicationContext - Root WebApplicationContext: initialization completed in 652 ms  
DEBUG 14:35:22.947 - - _.s.w.s.HandlerMapping.Mappings - 
	l.a.i.d.s.ScenarioController:
	{POST [/scenario]}: createScenario(RequestScenarioDto)
	{GET [/scenario/list]}: getScenarioList()  
DEBUG 14:35:22.948 - - _.s.w.s.HandlerMapping.Mappings - 
	l.a.i.d.s.SimulationController:
	{POST [/simulation/run]}: runSimulation(RunSimulationRequest)
	{GET [/simulation/{scenarioId}]}: getSimulationResult(String)  
DEBUG 14:35:22.949 - - _.s.w.s.HandlerMapping.Mappings - 
	l.a.i.i.HealthCheckController:
	{GET [/health-check]}: healthCheck()  
DEBUG 14:35:22.950 - - _.s.w.s.HandlerMapping.Mappings - 
	o.s.b.a.w.s.e.BasicErrorController:
	{ [/error]}: error(HttpServletRequest)
	{ [/error], produces [text/html]}: errorHtml(HttpServletRequest,HttpServletResponse)  
DEBUG 14:35:22.952 - - _.s.w.s.HandlerMapping.Mappings - 
	o.s.w.a.MultipleOpenApiWebMvcResource:
	{GET [/api-docs/{group}], produces [application/json]}: openapiJson(HttpServletRequest,String,String,Locale)
	{GET [/api-docs.yaml/{group}], produces [application/vnd.oai.openapi]}: openapiYaml(HttpServletRequest,String,String,Locale)  
DEBUG 14:35:22.954 - - _.s.w.s.HandlerMapping.Mappings - 
	o.s.w.a.OpenApiWebMvcResource:
	{GET [/api-docs], produces [application/json]}: openapiJson(HttpServletRequest,String,Locale)
	{GET [/api-docs.yaml], produces [application/vnd.oai.openapi]}: openapiYaml(HttpServletRequest,String,Locale)  
DEBUG 14:35:22.954 - - _.s.w.s.HandlerMapping.Mappings - 
	o.s.w.u.SwaggerWelcomeWebMvc:
	{GET [/swagger-ui.html]}: redirectToUi(HttpServletRequest)  
DEBUG 14:35:22.955 - - _.s.w.s.HandlerMapping.Mappings - 
	o.s.w.u.SwaggerConfigResource:
	{GET [/api-docs/swagger-config], produces [application/json]}: openapiJson(HttpServletRequest)  
DEBUG 14:35:22.958 - - _.s.w.s.HandlerMapping.Mappings - 'beanNameHandlerMapping' {}  
DEBUG 14:35:23.302 - - _.s.w.s.HandlerMapping.Mappings - 'resourceHandlerMapping' {/webjars/**=ResourceHttpRequestHandler [classpath [META-INF/resources/webjars/]], /**=ResourceHttpRequestHandler [classpath [META-INF/resources/], classpath [resources/], classpath [static/], classpath [public/], ServletContext [/]], /swagger-ui*/*swagger-initializer.js=ResourceHttpRequestHandler [classpath [META-INF/resources/webjars/]], /swagger-ui*/**=ResourceHttpRequestHandler [classpath [META-INF/resources/webjars/]]}  
WARN  14:35:23.313 - - o.s.b.a.m.MustacheAutoConfiguration - Cannot find template location: classpath:/templates/ (please add some templates, check your Mustache configuration, or set spring.mustache.check-template-location=false)  
INFO  14:35:23.363 - - o.s.b.w.e.tomcat.TomcatWebServer - Tomcat started on port(s): 8800 (http) with context path ''  
INFO  14:35:23.371 - - loadrover.api.io.ApiApplicationKt - Started ApiApplicationKt in 1.666 seconds (process running for 1.949)  
INFO  14:35:26.995 - - o.a.tomcat.util.http.parser.Cookie - A cookie header was received [g_state={"i_l":0};] that contained an invalid cookie. That cookie will be ignored.
 Note: further occurrences of this error will be logged at DEBUG level.  
INFO  14:35:27.000 - - o.a.c.c.C.[Tomcat].[localhost].[/] - Initializing Spring DispatcherServlet 'dispatcherServlet'  
INFO  14:35:27.000 - - o.s.web.servlet.DispatcherServlet - Initializing Servlet 'dispatcherServlet'  
INFO  14:35:27.001 - - o.s.web.servlet.DispatcherServlet - Completed initialization in 1 ms  
DEBUG 14:35:27.059 - - l.a.i.d.simulation.SimulationService - API call received. scenarioId: test20240202115107349  
ERROR 14:35:27.066 - - l.a.i.d.scenario.ScenarioService - Failed to move file: gatling/src/gatling/resources/static/source/test20240202115107349.json  
DEBUG 14:36:00.019 - - l.a.i.d.s.SimulationScheduler - Check simulation result: 2024-02-02T14:36:00.018891  
DEBUG 14:37:00.013 - - l.a.i.d.s.SimulationScheduler - Check simulation result: 2024-02-02T14:37:00.013693  
INFO  14:37:15.321 - - loadrover.api.io.ApiApplicationKt - Starting ApiApplicationKt using Java 17.0.5 with PID 16795 (/Users/sasha/IdeaProjects/2bytes.loadrover-server/api/build/classes/kotlin/main started by sasha in /Users/sasha/IdeaProjects/2bytes.loadrover-server)  
DEBUG 14:37:15.323 - - loadrover.api.io.ApiApplicationKt - Running with Spring Boot v3.1.7, Spring v6.0.15  
INFO  14:37:15.323 - - loadrover.api.io.ApiApplicationKt - The following 1 profile is active: "local"  
INFO  14:37:15.893 - - o.s.b.w.e.tomcat.TomcatWebServer - Tomcat initialized with port(s): 8800 (http)  
INFO  14:37:15.899 - - o.a.catalina.core.StandardService - Starting service [Tomcat]  
INFO  14:37:15.912 - - o.a.catalina.core.StandardEngine - Starting Servlet engine: [Apache Tomcat/10.1.17]  
INFO  14:37:15.962 - - o.a.c.c.C.[Tomcat].[localhost].[/] - Initializing Spring embedded WebApplicationContext  
INFO  14:37:15.963 - - o.s.b.w.s.c.ServletWebServerApplicationContext - Root WebApplicationContext: initialization completed in 609 ms  
DEBUG 14:37:16.137 - - _.s.w.s.HandlerMapping.Mappings - 
	l.a.i.d.s.ScenarioController:
	{POST [/scenario]}: createScenario(RequestScenarioDto)
	{GET [/scenario/list]}: getScenarioList()  
DEBUG 14:37:16.139 - - _.s.w.s.HandlerMapping.Mappings - 
	l.a.i.d.s.SimulationController:
	{POST [/simulation/run]}: runSimulation(RunSimulationRequest)
	{GET [/simulation/{scenarioId}]}: getSimulationResult(String)  
DEBUG 14:37:16.139 - - _.s.w.s.HandlerMapping.Mappings - 
	l.a.i.i.HealthCheckController:
	{GET [/health-check]}: healthCheck()  
DEBUG 14:37:16.140 - - _.s.w.s.HandlerMapping.Mappings - 
	o.s.b.a.w.s.e.BasicErrorController:
	{ [/error]}: error(HttpServletRequest)
	{ [/error], produces [text/html]}: errorHtml(HttpServletRequest,HttpServletResponse)  
DEBUG 14:37:16.141 - - _.s.w.s.HandlerMapping.Mappings - 
	o.s.w.a.MultipleOpenApiWebMvcResource:
	{GET [/api-docs/{group}], produces [application/json]}: openapiJson(HttpServletRequest,String,String,Locale)
	{GET [/api-docs.yaml/{group}], produces [application/vnd.oai.openapi]}: openapiYaml(HttpServletRequest,String,String,Locale)  
DEBUG 14:37:16.144 - - _.s.w.s.HandlerMapping.Mappings - 
	o.s.w.a.OpenApiWebMvcResource:
	{GET [/api-docs], produces [application/json]}: openapiJson(HttpServletRequest,String,Locale)
	{GET [/api-docs.yaml], produces [application/vnd.oai.openapi]}: openapiYaml(HttpServletRequest,String,Locale)  
DEBUG 14:37:16.144 - - _.s.w.s.HandlerMapping.Mappings - 
	o.s.w.u.SwaggerWelcomeWebMvc:
	{GET [/swagger-ui.html]}: redirectToUi(HttpServletRequest)  
DEBUG 14:37:16.145 - - _.s.w.s.HandlerMapping.Mappings - 
	o.s.w.u.SwaggerConfigResource:
	{GET [/api-docs/swagger-config], produces [application/json]}: openapiJson(HttpServletRequest)  
DEBUG 14:37:16.148 - - _.s.w.s.HandlerMapping.Mappings - 'beanNameHandlerMapping' {}  
DEBUG 14:37:16.335 - - _.s.w.s.HandlerMapping.Mappings - 'resourceHandlerMapping' {/webjars/**=ResourceHttpRequestHandler [classpath [META-INF/resources/webjars/]], /**=ResourceHttpRequestHandler [classpath [META-INF/resources/], classpath [resources/], classpath [static/], classpath [public/], ServletContext [/]], /swagger-ui*/*swagger-initializer.js=ResourceHttpRequestHandler [classpath [META-INF/resources/webjars/]], /swagger-ui*/**=ResourceHttpRequestHandler [classpath [META-INF/resources/webjars/]]}  
WARN  14:37:16.353 - - o.s.b.a.m.MustacheAutoConfiguration - Cannot find template location: classpath:/templates/ (please add some templates, check your Mustache configuration, or set spring.mustache.check-template-location=false)  
INFO  14:37:16.401 - - o.s.b.w.e.tomcat.TomcatWebServer - Tomcat started on port(s): 8800 (http) with context path ''  
INFO  14:37:16.409 - - loadrover.api.io.ApiApplicationKt - Started ApiApplicationKt in 1.366 seconds (process running for 1.694)  
DEBUG 14:38:00.016 - - l.a.i.d.s.SimulationScheduler - Check simulation result: 2024-02-02T14:38:00.016149  
INFO  14:38:25.770 - - o.a.tomcat.util.http.parser.Cookie - A cookie header was received [g_state={"i_l":0};] that contained an invalid cookie. That cookie will be ignored.
 Note: further occurrences of this error will be logged at DEBUG level.  
INFO  14:38:25.773 - - o.a.c.c.C.[Tomcat].[localhost].[/] - Initializing Spring DispatcherServlet 'dispatcherServlet'  
INFO  14:38:25.774 - - o.s.web.servlet.DispatcherServlet - Initializing Servlet 'dispatcherServlet'  
INFO  14:38:25.774 - - o.s.web.servlet.DispatcherServlet - Completed initialization in 0 ms  
INFO  14:38:26.288 - - o.s.api.AbstractOpenApiResource - Init duration for springdoc-openapi is: 266 ms  
DEBUG 14:38:26.433 - - o.s.api.AbstractOpenApiResource - Fetching openApi document from cache  
DEBUG 14:38:46.522 - - l.a.i.d.simulation.SimulationService - API call received. scenarioId: test20240202143832946  
DEBUG 14:39:00.010 - - l.a.i.d.s.SimulationScheduler - Check simulation result: 2024-02-02T14:39:00.010167  
DEBUG 14:40:00.010 - - l.a.i.d.s.SimulationScheduler - Check simulation result: 2024-02-02T14:40:00.010405  
DEBUG 14:41:00.007 - - l.a.i.d.s.SimulationScheduler - Check simulation result: 2024-02-02T14:41:00.006983  
DEBUG 14:42:00.003 - - l.a.i.d.s.SimulationScheduler - Check simulation result: 2024-02-02T14:42:00.003599  
